date,atmp_max,atmp_min,pcpn,soil1_max,soil1_min,srad
05/25/2017,18.9,12.6,,16.3,13.8,10142.5
05/26/2017,21.9,8.3,,19.6,12.5,21477.3
05/27/2017,25.7,8.7,,20.7,13.6,26314.2
05/28/2017,22.6,12.3,,18.9,15.8,16247.6
05/29/2017,21.8,8,,20.1,13.8,28637
05/30/2017,19.2,8.4,,19,13.5,20320.8
05/31/2017,19.6,8.1,,17.4,13.1,24204.2
06/01/2017,22.8,4.6,,19.7,12.6,30052.1
06/02/2017,27.2,5.5,,20.6,13.1,29020.5
06/03/2017,27.2,10.8,,19.7,14.9,15997.6
06/04/2017,29.2,15.6,,23.9,16.9,28566.2
06/05/2017,24.2,10.1,,21.1,16.7,22064.1
06/06/2017,25.5,12.6,,21.6,18.6,11636
06/07/2017,26.4,6.8,0,21.9,14.6,29194.1
06/08/2017,26.4,8.1,0,23.4,15.5,28677.7
06/09/2017,27.4,13.8,0.51,23.8,17.6,25362.9
06/10/2017,29.6,12.6,0,23.8,17.9,27468.4
06/11/2017,30.2,21.7,0,24.9,19.5,23129.3
06/12/2017,30.5,22.3,0,25.9,20.2,23022.7
06/13/2017,30.2,18.6,5.59,25.8,21.1,21006.1
06/14/2017,31,18,11.18,27.1,20.3,22197.5
06/15/2017,27.4,18.7,0.25,26.1,21.1,22991.1
06/16/2017,27.4,17.4,0,25.1,20.8,21439.9
06/17/2017,26.7,17.7,11.68,24.5,20.7,10623.2
06/18/2017,23.5,16.6,0.51,23.7,21.1,18810.4
06/19/2017,23.5,13.5,0,24.6,18.7,24586.5
06/20/2017,22.1,11.4,3.81,22.3,17.9,19185.6
06/21/2017,24.2,8.5,0,22.7,15.6,23849.8
06/22/2017,28.2,15.3,3.05,24.4,18.4,15669.8
06/23/2017,25.3,15.8,20.07,25.2,20.8,22431
06/24/2017,21.6,12.9,0,23.5,18,26404.9
06/25/2017,19.6,10.5,0.25,21,16.4,18857.5
06/26/2017,18,9.1,0.25,21.5,15.8,22947.2
06/27/2017,21.9,6.6,0,22.8,14.2,27179.6
06/28/2017,22.6,11.6,20.83,20.1,15.9,13055.7
06/29/2017,24.7,16.6,10.67,22.2,17.7,13876.6
06/30/2017,25.9,16.8,0,24.3,18.9,17148.3
07/01/2017,25.6,16.6,0,26.6,20.1,26607.2
07/02/2017,23.2,14.7,2.54,22.8,19.2,15041.8
07/03/2017,26.5,13.2,0,26.9,18,29998.4
07/04/2017,27.6,14.1,0,27.9,18.7,29152.9
07/05/2017,28.9,14.9,0,28.5,19.4,28467.8
07/06/2017,30.1,15.2,0,29.7,20.7,26558.4
07/07/2017,27.4,16.5,4.83,27.6,21.3,26147.9
07/08/2017,24.6,12,0,26.7,19.1,27801.6
07/09/2017,25.6,13.5,0.51,26.6,18.7,23610.5
07/10/2017,25.6,16.8,2.79,25.1,20.4,15210.3
07/11/2017,30.4,15.6,0,29.3,20.1,26224.7
07/12/2017,26.4,18.4,3.3,26,22.3,12777.7
07/13/2017,26.8,18.1,0,28.8,23.2,22565.6
07/14/2017,22.9,13.7,0,26.9,21.8,20002.4
07/15/2017,25.6,10.4,0,28.9,19.4,26502.1
07/16/2017,25.8,15.8,0,28.7,21.4,26632.8
07/17/2017,26.8,12.9,0,27.8,20.1,24881.6
07/18/2017,28.7,12.4,0,29.1,20,28238.8
07/19/2017,31,16.6,0,29.2,21.7,24921.3
07/20/2017,30.1,18.8,0.25,28.2,22.6,21275.7
07/21/2017,31.1,14.6,0,29.1,21.4,20982.2
07/22/2017,26.4,18.8,1.27,25.3,23,7775
07/23/2017,27.4,17.7,3.56,27.6,22.2,18737.8
07/24/2017,26.4,15,0,27.9,20.9,25552.5
07/25/2017,26.8,12.4,0,27.8,19.7,24704.5
07/26/2017,26.6,16.3,4.06,25.4,20.9,12581.3
07/27/2017,29,19.9,3.05,27.9,21.9,22561.2
07/28/2017,26.9,14.1,0,27.1,20.6,22977.8
07/29/2017,28.1,8.2,0,27,18.1,24975.5
07/30/2017,28.6,10.9,0,26.7,18.9,24719.8
07/31/2017,29.2,11.3,0,27.4,19,25313.7
08/01/2017,28.9,12.7,0,27.5,19.7,24560.8
08/02/2017,29.6,15.5,0,28.2,21.2,22927.7
08/03/2017,26.5,16.8,2.29,25.9,21.8,13233.4
08/04/2017,19.6,13,0.76,23,19.6,10807.7
08/05/2017,23.7,9.9,0,24.1,16.6,22895.6
08/06/2017,25.4,11.3,0,23.2,18,16357.6
08/07/2017,24.9,11.9,0,25,19.3,20561.8
08/08/2017,27.5,9.9,0,25.7,17.6,23115.1
08/09/2017,27.8,14.8,0,25.8,19.2,21052.8
08/10/2017,27.2,15,9.4,24.6,19.8,15768.8
08/11/2017,24.1,16,0.51,24.2,19.4,15625
08/12/2017,24.6,11.8,0,24.4,18.6,17869
08/13/2017,25.5,6.9,0,25.7,16.3,21817.5
08/14/2017,26.6,14.4,0,25.6,19.6,15319.3
08/15/2017,26.7,14.9,0,27.9,19.7,22824.4
08/16/2017,30.4,15.5,0,28.7,20.3,22615.1
08/17/2017,25.1,19,20.83,25.7,22.3,6013.8
08/18/2017,21.7,16.6,0.25,22.5,20.6,7838.1
08/19/2017,26.2,13.1,0,26.5,18.3,21941.3
08/20/2017,28.1,12.9,0,27.1,18.7,19259
08/21/2017,27.3,18.2,0,26.6,20.8,13518.1
08/22/2017,24,14.9,0,26.1,22,15158.1
08/23/2017,22,9.1,0,25.2,18.3,19524.2
08/24/2017,20,7.7,0,23.4,17.5,15224.2
08/25/2017,22.4,6.3,0,24,16,19257.6
08/26/2017,23.8,6.7,0,25.4,16.2,19969.2
08/27/2017,22.4,13.3,0.51,22.4,18.8,10026.7
08/28/2017,21,13.9,0.76,21.8,18.4,9783.3
08/29/2017,24.8,11.6,0,24.5,16.7,16823.2
08/30/2017,26.1,10.5,0,26.5,17.6,19880.8
08/31/2017,22.1,11.4,0,25.6,19.4,19569.7
09/01/2017,21.2,6.1,0,24.4,16.3,20714.8
09/02/2017,22.3,3.9,1.78,23.9,15.4,18407.2
09/03/2017,25.5,9.3,0,25.1,17,19225.8
09/04/2017,24.3,12.5,0.25,21.4,18.6,7478.6
09/05/2017,19.2,7.3,1.27,22.2,16.2,17078.5
09/06/2017,18.4,3.5,8.64,19.7,14,14336.2
09/07/2017,16.1,6.1,3.05,17.7,13.1,8116.8
09/08/2017,19.8,7,1.27,20.7,12.9,19951.2
09/09/2017,19.6,4.5,0,22.1,12.2,20454.7
09/10/2017,20.7,6.6,0,22.4,12.7,19124.2
09/11/2017,23,6.8,0,23.1,13.3,18291.2
09/12/2017,27.4,5.9,0,24.5,13.8,19534.2
09/13/2017,26.2,8.4,0,23.4,15,14260.3
09/14/2017,24.8,13.2,0,24.1,17.8,13720.2
09/15/2017,28.2,13.2,0,25.9,16.9,18225.4
09/16/2017,29.3,14.3,0,26.1,17.9,17331.3
09/17/2017,29.3,16.3,0,26.6,19.4,15662.8
09/18/2017,25.6,11.5,0,26.1,19,16336.9
09/19/2017,23.8,14.7,0,24,19,12171.5
09/20/2017,29.8,16.4,0,27,20.1,15465.3
09/21/2017,31.4,19.8,0,27.2,21.4,13717.4
09/22/2017,33.8,18.8,0,28.9,21.2,16790.4
09/23/2017,34.1,18.9,0,29.1,21.6,16149.1
09/24/2017,33.9,17.2,0,28.9,21.5,16573.5
09/25/2017,32.9,16.6,0,28.4,20.9,16950.1
09/26/2017,32.5,15.8,0,27.6,20.9,14988.5
09/27/2017,21.8,7.9,0,24.5,20.5,11343.5
09/28/2017,20.7,6.8,0,23.1,17.9,14061.2
09/29/2017,18.9,8,9.4,19.8,15.7,13680.4
09/30/2017,18.3,3,0,20.4,12,16876.5
10/01/2017,20.5,4.6,0,19.5,11.8,14617.9
10/02/2017,26.2,9.9,0,21.2,13.6,12644.5
10/03/2017,23.9,13.2,0,19.2,15.5,5026.4
10/04/2017,22.2,7.5,0.51,22.4,17.4,11128.8
10/05/2017,20.2,4.2,4.57,19.7,13.3,11422.9
10/06/2017,20.9,10.8,5.33,20.7,15.2,10511.9
10/07/2017,25.2,15.6,12.7,20.5,17.5,7266.8
10/08/2017,25,12.5,0.25,21.7,15.5,15044.8
10/09/2017,25.2,7.7,0,21.3,13.8,14640.6
10/10/2017,16.6,9.3,1.02,17.1,14.2,6749
10/11/2017,15.5,8.7,21.08,15.5,13,7515.1
10/12/2017,14.7,7.1,0,15.7,12.4,4960.1
10/13/2017,18.2,12.6,2.54,16.5,14.2,4858.9
10/14/2017,17.4,13.2,22.61,16,14.9,1129.2
10/15/2017,19.5,7.5,10.67,17,13,4391.4
10/16/2017,14.4,4,0.51,15.4,11.2,9686.9
10/17/2017,18.5,6.7,0,16.2,10,12805.7
10/18/2017,20.2,8.4,0,16,10.7,13225.6
10/19/2017,18.7,7.4,0,15.7,11.3,12738.6
10/20/2017,24.7,6.3,0,16.6,9.8,12080.7
10/21/2017,23.1,13,0,16.3,12.3,9417.1
10/22/2017,23.6,11.1,12.95,17.1,13.7,6131.8
10/23/2017,11.6,7.8,62.48,14.7,11.4,723.4
10/24/2017,9.2,3.6,21.34,11.4,9.1,2220.5
10/25/2017,9.7,-1.5,0.76,11.3,7.7,8810.3
10/26/2017,12.2,-2.8,0,11.2,5.1,10261.6
10/27/2017,10,4.4,0,9,7.4,1339.9
10/28/2017,7.5,1.9,3.05,9.7,6.7,5662.2
10/29/2017,9,0.2,0,10.3,6.5,6144.4
10/30/2017,6.5,0.6,2.03,7.9,6.2,2512.2
10/31/2017,4.9,0.6,1.02,6.7,5,2774.1
11/01/2017,6.6,1.2,2.79,7.3,4.5,5870.1
11/02/2017,10.5,3,5.59,8.9,6,2078.2
11/03/2017,8.8,2.4,0,10.1,6.6,8814.1
11/04/2017,7,1.4,2.03,7.2,5.3,1542.8
11/05/2017,9.8,6.7,0.76,9.4,7.1,1484.2
11/06/2017,7.2,-0.2,0,8.9,5.7,9296.2
11/07/2017,7.1,-4.8,0,8,4.1,8125.1
11/08/2017,7.1,-6.2,0,7,2.8,9789.8
11/09/2017,6.3,-7.4,1.02,5.3,3.1,2913
11/10/2017,-3.3,-9.2,0.25,3.6,2.2,10088.8
11/11/2017,0.8,-7.5,0,2.2,1.5,3896.8
11/12/2017,3.1,-2,0,2.8,1.6,1286.6
11/13/2017,6,-2.8,0,5.3,2.8,3818.5
11/14/2017,8.9,-2.8,0,6.4,2.6,4778.2
11/15/2017,7.7,2.4,19.81,6.2,5.2,658.9
11/16/2017,5.1,-2.7,0,6.3,3.1,6037.6
11/17/2017,5.3,-3.5,9.91,4.6,2.3,3463.2
11/18/2017,6,1.6,5.84,5.3,4.4,786.2
11/19/2017,2.3,-3,0,4.4,2.1,2155.9
11/20/2017,8.6,-1.2,0,5,1.8,6140.8
11/21/2017,7.9,-1.6,0,4.8,2.6,2494.5
11/22/2017,1.8,-2.6,0,3.1,1.9,4306.4
11/23/2017,6.8,-1.5,0,4.8,1.8,5397.9
11/24/2017,16.1,-1,0,6.5,1.9,7021.2
11/25/2017,11,-3.5,0,6.2,3,1898.4
11/26/2017,6.2,-7.2,0,3.5,1.7,7783.3
11/27/2017,9.1,-2.2,0,5.2,1.9,6135.6
11/28/2017,14.2,5.9,0,7,3.8,3131.9
11/29/2017,7,-1.9,0,5.7,2.5,7974
11/30/2017,8.3,0.3,0.76,5.6,2.5,6738.9
12/01/2017,9.3,-3.4,0,4.5,1.8,6478.7
12/02/2017,10.6,0.6,0,5.9,2.2,6348.5
12/03/2017,10.7,-2.3,0,5.2,1.8,6617.3
12/04/2017,15.1,4.4,5.08,8.1,3.1,2112.1
12/05/2017,15.5,-3.1,0.25,8.8,2.2,1436.1
12/06/2017,-0.7,-5.1,0,2.2,1,2167.8
12/07/2017,-3.5,-6.5,0,1,0.9,3228
12/08/2017,-2,-6.7,0,0.9,0.7,1682.7
12/09/2017,-1.5,-5.7,0,0.8,0.7,1122
12/10/2017,-1.7,-5.7,0,0.8,0.7,606
12/11/2017,-1.3,-6,0,0.9,0.8,552.5
12/12/2017,-2.1,-9.1,0,1,0.9,4787.6
12/13/2017,-7.3,-9.8,0,1,0.9,1441.9
12/14/2017,-6.2,-19.3,0.25,1,1,4466.1
12/15/2017,-4.7,-8.1,0,1.1,1,1308.2
12/16/2017,-2.5,-6.7,0,1.3,1.1,1099.8
12/17/2017,-0.9,-6.9,0,1.4,1.3,927.9
12/18/2017,4.7,-2,9.14,1.4,1.3,1563.9
12/19/2017,6.1,-0.4,0,1.4,1.3,4178.4
12/20/2017,0.1,-6.8,0,1.3,1,5965.9
12/21/2017,-1.2,-5.3,0,1,1,2050.2
12/22/2017,0.2,-2.6,2.29,1,1,2911.4
12/23/2017,-0.2,-7.2,0,1.1,1,2756.2
12/24/2017,-6.8,-11.4,0,1,0.9,1864.8
12/25/2017,-6.9,-15.5,0,0.9,0.8,1799.9
12/26/2017,-12.9,-19.6,0,0.9,0.8,2899
12/27/2017,-11.5,-24.4,0,0.8,0.8,3146
12/28/2017,-11.1,-24.6,0,0.8,0.7,2912.5
12/29/2017,-9.3,-12.6,0,0.7,0.6,3361.8
12/30/2017,-10.4,-18.6,0,0.7,0.7,1903.6
12/31/2017,-8.6,-19.1,0.51,0.7,0.6,2271
01/01/2018,-10.9,-16.4,0,0.7,0.6,1064.3
01/02/2018,-5.8,-11.4,0,0.6,0.6,5672.1
01/03/2018,-7.2,-12,0,0.6,0.6,2201.4
01/04/2018,-9.7,-22.7,0,0.7,0.6,7298.1
01/05/2018,-11.9,-23.6,0,0.7,0.6,6409.9
01/06/2018,-10.5,-20.7,0,0.6,0.5,6139
01/07/2018,-1.5,-12,0,0.6,0.5,4310.8
01/08/2018,3.4,-2.1,7.37,0.6,0.6,5083.8
01/09/2018,2.6,-5.6,0,0.6,0.6,5523.9
01/10/2018,8.5,-4.3,0.51,0.6,0.6,2005.2
01/11/2018,13,2.1,19.56,6.9,0.6,830.1
01/12/2018,2.4,-9.6,0,5.7,0.8,3880.6
01/13/2018,-8.2,-14.3,0,0.8,-0.6,4235.4
01/14/2018,-6.1,-15.1,0,-0.3,-1.4,5885
01/15/2018,-6.4,-12.5,0,-0.4,-1.4,4992.5
01/16/2018,-5.2,-15.1,2.54,-0.2,-0.5,5642.9
01/17/2018,-2.9,-13,0,-0.2,-0.6,6795.9
01/18/2018,-0.1,-5.5,0,-0.1,-0.5,5432.8
01/19/2018,2.8,-1.8,0,0,-0.3,6138.7
01/20/2018,7.1,0.4,0,0.1,-0.1,8578.8
01/21/2018,3.7,0.4,1.52,0.1,0,1342.6
01/22/2018,7.2,2.1,19.3,0.2,0.1,631.4
01/23/2018,6.7,-4,1.27,0.2,0.1,2768.1
01/24/2018,-2.5,-5.7,0.25,0.2,0.1,3751.1
01/25/2018,2,-4.2,0,0.2,0.1,5565.2
01/26/2018,11.3,-2.7,0,0.3,0.1,8520
01/27/2018,9.9,0.3,0,4,0.3,6765.3
01/28/2018,3.2,-3.5,0,1.9,0.7,8021.9
01/29/2018,-3.2,-6.8,0,0.9,0.5,5191.6
01/30/2018,-3.5,-7.4,0,0.5,0.3,4786.9
01/31/2018,3.1,-3.9,0,0.3,0.3,4888.9
02/01/2018,1.3,-14.1,0,0.3,-0.5,5435.8
02/02/2018,-9.2,-13.2,0,-0.5,-1.6,5091.1
02/03/2018,-0.6,-9.8,0,-0.3,-1.7,4567.2
02/04/2018,-0.6,-12.1,0,-0.2,-0.3,4060.3
02/05/2018,-8.2,-12.9,0,-0.2,-0.2,8801.6
02/06/2018,-6.8,-12.6,0,-0.1,-0.2,6950.2
02/07/2018,-6.1,-11.6,0,-0.1,-0.1,5026.3
02/08/2018,-6.5,-12.1,0,-0.1,-0.1,7682.6
02/09/2018,-4.4,-9.1,0,0,-0.1,5564.1
02/10/2018,-4.3,-11.9,0,0,-0.1,6463.9
02/11/2018,-4.4,-10.1,0,0,0,6035.7
02/12/2018,-3.2,-15.1,0,0,0,12479.2
02/13/2018,-1.4,-16.4,0,0,0,6937
02/14/2018,7.1,-6.1,4.57,0,0,12157.8
02/15/2018,5.1,0.6,0,0.1,0,3930.1
02/16/2018,0.9,-9.4,0,0.1,0.1,9070.7
02/17/2018,-0.4,-10.4,0,0.1,0.1,6857.3
02/18/2018,3.1,-5.4,1.02,0.1,0,11740.6
02/19/2018,5.2,0,15.49,0.1,0.1,2878.2
02/20/2018,15.7,1.8,37.59,0.6,0.1,1307.1
02/21/2018,2.1,-3.8,0.76,2.2,0.4,6435.1
02/22/2018,2.9,-4.2,0,1.8,0.6,8419.6
02/23/2018,5.1,-0.9,2.03,2.9,0.7,2077.7
02/24/2018,5.8,-1.7,0.25,4.6,1,7474.6
02/25/2018,6.1,-0.2,4.06,5.1,1.9,11024.1
02/26/2018,9,-2.3,0,6.3,1.1,14757.6
02/27/2018,14.2,1.4,0,7.6,1.4,13526.3
02/28/2018,15.9,3.5,0,10.7,3.5,13486.7
03/01/2018,6,-0.8,0,6.3,2.5,4801.9
03/02/2018,6.7,-3.8,0,6,1.4,15669.8
03/03/2018,7.3,-5.5,0,6.1,1.2,15690.9
03/04/2018,6.6,-5.2,0,5.4,1.2,12067.5
03/05/2018,3,-3.5,0,3.2,1.2,10576.4
03/06/2018,2,-2.6,2.54,2.4,1.2,6282.7
03/07/2018,-0.9,-6.5,0.25,1.5,1.1,8990.8
03/08/2018,-0.9,-7.3,0,1.1,0.9,6514.3
03/09/2018,0.9,-6.4,1.02,2.4,0.8,9014.1
03/10/2018,2.3,-6.2,0,2.8,0.7,10298.8
03/11/2018,4.2,-9.1,0,4.4,0.6,17469.7
03/12/2018,4.5,-4.8,1.27,3.2,0.9,9662.7
03/13/2018,0.2,-4.5,0.25,1.7,0.8,11302.7
03/14/2018,3.8,-5.8,0,3.9,0.6,15691.4
03/15/2018,2,-6.2,0,2,0.7,11083.3
03/16/2018,4.8,-6.7,0,3.9,0.4,18302.9
03/17/2018,10.2,-7.3,0,7.1,0.6,19135.9
03/18/2018,13.1,-4.3,0,8.5,1.1,18689.8
03/19/2018,6.6,-3.8,0,7.9,1.8,18820.6
03/20/2018,4.6,-6.7,0,4.2,0.8,17314.8
03/21/2018,6.3,-5.3,0,5.2,0.6,17060.6
03/22/2018,6.5,-6.9,0,5.7,0.7,19679.1
03/23/2018,7.5,-7.7,0,6.1,0.6,20040.9
03/24/2018,5.3,-5,0,4.6,0.8,15924
03/25/2018,5.9,-6.4,0,5.2,0.5,19844.2
03/26/2018,12.5,-4.4,0.25,6.6,0.6,15909.1
03/27/2018,8.8,4.3,9.14,6.3,4.5,2635.1
03/28/2018,9.3,-1.2,0,8.7,2.5,11827
03/29/2018,10.3,0.3,2.54,9,4.9,6686.2
03/30/2018,7.3,-2.8,0,9.2,2.3,17980.2
03/31/2018,6.7,-1.1,6.6,4.5,2.2,1743.3
04/01/2018,0.9,-5.4,0,6,1.3,19682
04/02/2018,5.6,-7.4,0,6.3,1,17881
04/03/2018,2.7,-0.6,9.4,3.5,1.7,2512.6
04/04/2018,-0.2,-4.5,0.76,2.4,1.4,14708.4
04/05/2018,2.9,-7.5,1.02,6.4,0.9,20867.4
04/06/2018,1.6,-5.2,2.03,4.4,1.6,13904.1
04/07/2018,-2.5,-8.7,0,1.9,0.9,10735.7
04/08/2018,3.2,-9.3,0,5,0.6,21739.6
04/09/2018,3.9,-2.8,0.25,4.8,1.1,8901.6
04/10/2018,6.8,-5.5,0,7.7,1.1,22090.7
04/11/2018,11.8,0.1,0.51,10.2,2.2,18534.8
04/12/2018,15.4,4.6,5.33,11.4,6,14832.6
04/13/2018,5.6,1.9,6.35,7.3,4.5,3065.2
04/14/2018,2.7,-2.5,15.75,4.5,1.7,3494.6
04/15/2018,1.5,-3.3,15.75,1.7,1.2,6566
04/16/2018,1.6,-2.4,5.08,1.2,1.1,7631.2
04/17/2018,0.6,-4.2,0.25,1.2,1,11849.4
04/18/2018,4.9,-1.4,0.25,1.6,1,14588.3
04/19/2018,9.8,-3.8,5.59,7.2,1,23248.2
04/20/2018,14.5,-3.6,0,10.8,1.4,25064.6
04/21/2018,14.9,-1.6,0,10.6,2.5,16797
04/22/2018,18,-0.7,0,13.1,3,25191
04/23/2018,22.4,3,0,14,4.5,23779.9
04/24/2018,16.4,9.5,0,13.4,9.6,7420.1
04/25/2018,13.9,4,0,14.1,7.2,25550.2
04/26/2018,15.8,-2.1,0,14.2,4.9,22737.4
04/27/2018,13.7,4.7,0,14.2,7.3,21260.9
04/28/2018,10.6,0.3,0,12.8,5.2,26206.3
04/29/2018,14.6,-4.4,0,13.9,3.3,26421.4
04/30/2018,21.8,-1.4,0,15.1,4.4,25682.7
05/01/2018,26.7,13.2,0,18.9,9.7,23697.9
05/02/2018,25.4,14.7,10.67,18.9,14.1,14214.3
05/03/2018,20.2,13.7,17.02,17.4,14.2,6996.1
05/04/2018,18.5,8,6.35,17,14.2,18120.1
05/05/2018,25.2,10.1,0,19.4,11.1,26019.6
05/06/2018,19.6,9.9,0,15.9,11.3,14912
05/07/2018,21.9,5.9,0,18.8,9.9,26074.6
05/08/2018,25,10.3,0,19.7,11.1,24958.6
05/09/2018,23.9,11,5.08,16.6,12.6,11061
05/10/2018,18.2,7.6,0,16.7,13.2,12877.3
05/11/2018,7.9,3.3,9.91,13.2,8.5,4166.6
05/12/2018,15.2,4.2,4.06,14.7,7.8,15696.7
05/13/2018,20,6.3,1.52,17.8,9.9,20879
05/14/2018,22,9.8,7.11,18.5,12.4,13808.5
05/15/2018,24.9,13.9,0.25,21.2,15.3,18594.5
05/16/2018,26,10.3,0,21.9,13.5,27187.5
05/17/2018,25.2,8.5,0,22.2,13.5,25476.3
05/18/2018,24.4,9,4.32,20.1,12,24775.5
05/19/2018,16.8,10.4,13.72,16.9,13.9,6207.2
05/20/2018,17.2,7.9,1.52,16.8,12.8,11384.7
05/21/2018,15.1,8.7,11.94,14.4,11.9,6784.4
05/22/2018,20,9.8,0.51,17.7,12.3,12078.6
05/23/2018,24.9,5.9,0.25,21.6,11.9,26695.9
05/24/2018,26.8,9.1,0,22.9,13.5,26840.8
05/25/2018,29.2,15.6,0,24.4,15.6,25274
05/26/2018,28.7,17,0,26.1,18,26531.1
05/27/2018,32.3,15.3,0,26.9,17.7,26860
05/28/2018,33.8,15.7,0,26.9,18.7,25654.3
05/29/2018,32.9,19.2,0,28.1,20.1,26027.9
05/30/2018,30.7,19.4,6.1,26.3,20.8,16945.1
05/31/2018,27.9,18.6,18.29,27.6,21.3,25662
06/01/2018,26.3,15.1,0,26,20.3,24609.4
06/02/2018,21.6,12.9,0,22.2,18.2,22082.4
06/03/2018,20.6,11.9,10.41,21.1,17.1,13312.5
06/04/2018,21.1,10.5,5.84,22,15.3,28652.4
06/05/2018,19.8,9.5,0,22.2,16.1,27870.4
06/06/2018,21.4,5.9,0,21.8,14,24773
06/07/2018,27.1,10.2,0,23.4,15.6,25709.3
06/08/2018,27.8,14.1,0,24.1,16.9,24071.7
06/09/2018,21.6,15,12.45,21.7,18.2,4603.8
06/10/2018,20.1,14.2,0,19.6,16.7,9349.5
06/11/2018,26.3,11.7,0,24.3,14.9,28511.9
06/12/2018,27.4,15.1,0,26.2,17.4,22143.2
06/13/2018,24.7,13,0,26.4,20,25961.4
06/14/2018,27.9,10.2,0,27.3,17,26949
06/15/2018,25.9,12.6,0,24.2,17.9,16840.8
06/16/2018,29,18.2,0,24.4,19.7,12311.5
06/17/2018,32.8,20.1,0,30.5,20.4,25667.7
06/18/2018,29.7,20,4.83,28.8,23.2,13275.5
06/19/2018,21.8,17.5,0.51,23.7,21,8159.6
06/20/2018,24.2,15,1.02,24.2,18.7,15506.9
06/21/2018,26.1,13.7,0,25.2,18,23525.9
06/22/2018,25.6,13.7,0,24.6,17.5,15248.2
06/23/2018,24.2,15.7,0.25,25,18.6,15480
06/24/2018,24.8,15.2,13.46,23.6,19.3,13565.7
06/25/2018,25.3,13.8,0,25.7,17.9,27165.2
06/26/2018,25.5,12.5,0,25,16.9,16742
06/27/2018,25.6,17.6,11.94,24.5,19.6,17199.2
06/28/2018,28.9,13.3,0,28.2,18.1,27327.9
06/29/2018,32.2,15.8,0,29.7,19.8,26751.7
06/30/2018,32.8,24.5,0,32.7,24,26114.9
07/01/2018,32.5,22.5,4.32,32,24.5,22302.4
07/02/2018,29,17.5,0,30.9,22.5,27453.9
07/03/2018,32,14.9,0,31.9,21.1,26071.5
07/04/2018,32.3,21.5,0,32.8,24.2,23326.7
07/05/2018,31.7,21.3,0,34.5,25.1,23979.9
07/06/2018,26.8,13.4,0,31.4,21.4,28965
07/07/2018,27.5,11.4,0,31.7,19.8,28708.1
07/08/2018,28.6,11.1,0,31.9,19.7,28240.5
07/09/2018,29.5,14.3,0,32.4,20.8,25956.3
07/10/2018,30.1,17.9,0,33,22.9,25547.4
07/11/2018,29.6,13.2,0,32.6,21.1,26296.5
07/12/2018,28.8,14,0,30,21.7,18827.1
07/13/2018,30.9,18.6,0.51,32.6,22.8,25636.7
07/14/2018,26.7,19.6,0,27.8,24,10369.3
07/15/2018,31.7,16.8,0,32.4,22,23615.8
07/16/2018,31.9,15.6,0,32.3,23.7,22617.2
07/17/2018,25.9,13.3,0,30.7,21.3,25535.4
07/18/2018,27.2,7.2,0,30.9,19.2,27318.4
07/19/2018,29.3,10.2,0,29.2,19.8,22326.1
07/20/2018,28,18,3.05,27.2,21.9,16282.4
07/21/2018,25,18.4,19.05,24.9,21.6,8288.5
07/22/2018,24.4,16.8,3.3,24.6,21.4,12897.9
07/23/2018,23.9,17.5,1.52,25,20.7,10910.1
07/24/2018,28.7,17.7,0,27.8,21.2,20032.2
07/25/2018,28.6,15.2,0,28.7,20.4,24997.6
07/26/2018,24.7,14.7,6.35,26.7,21.1,17779.6
07/27/2018,22.1,13.3,5.59,23.8,18.7,17520.9
07/28/2018,24.4,11.7,1.02,24.9,18.1,22978
07/29/2018,26.2,10.8,0,24.7,17.6,19304.4
07/30/2018,27.9,11.8,0,25.8,18.1,22522
07/31/2018,27.2,15.1,0,24.5,19.3,18361.2
08/01/2018,28.1,17.3,0,25.7,20.6,20899.9
08/02/2018,26.8,16.9,1.27,25.7,20.8,18794.7
08/03/2018,27.2,14.9,0,27.8,20.7,23755.1
08/04/2018,32.6,13.7,0,29.1,20.3,21959.2
08/05/2018,31,20.4,0,28.8,23,20168.1
08/06/2018,26,18.5,6.6,26.1,23.4,10565.4
08/07/2018,27.8,16.9,0.76,27.6,21.2,13871.7
08/08/2018,27.8,17.5,0,28.9,21.9,23814
08/09/2018,29.4,17.7,0.25,27.4,21.6,16226.9
08/10/2018,29.7,15.9,0,30.1,20.6,24093.4
08/11/2018,30.6,14,0,29.5,21,16627.7
08/12/2018,31,13.1,0,30,20.3,21819.2
08/13/2018,31,15.9,0,31.4,21.8,21473.8
08/14/2018,31.5,14.2,0,30.4,21.9,19183.4
08/15/2018,30.6,17.5,0,30.3,22.6,17000.2
08/16/2018,29.4,18.8,2.54,28.7,23.5,15034.6
08/17/2018,25.8,18.1,0.76,25.4,22.5,6289.3
08/18/2018,28.8,15.4,0,28.1,20.1,18608.7
08/19/2018,28.9,16.3,0,29.1,21.9,15142.6
08/20/2018,26.9,16.2,0,26.4,21.2,11384.5
08/21/2018,24.5,16.5,21.08,24.8,20.8,11684.2
08/22/2018,24.3,12.4,0,24.9,17.2,21531.3
08/23/2018,26,11.7,0,27.7,16.9,22179.7
08/24/2018,24.2,13.4,4.06,24.3,18.2,11150
08/25/2018,24.1,17.1,6.1,23.2,19.3,6487.2
08/26/2018,30.2,19.5,21.34,28.7,20.7,16867.7
08/27/2018,29.7,19.2,86.9,27.4,21.2,12746
08/28/2018,29.4,18.6,30.48,28.2,21.7,15001
08/29/2018,21.5,11,12.7,23.8,19.5,8617.2
08/30/2018,22.2,7.9,0,25.1,16,20074.4
08/31/2018,27.1,12.5,0,27.1,17,20539.4
09/01/2018,25.5,19.5,19.05,24.2,20.6,5837.5
09/02/2018,28.7,19.4,78.49,27.4,20.9,14994.1
09/03/2018,25.2,19.8,8.89,26,22.1,8663.9
09/04/2018,30.9,20.2,2.29,29.9,22.1,19426.4
09/05/2018,29.7,18.8,3.56,28.7,22.8,15994.6
09/06/2018,20.6,12.9,1.02,23.5,19.6,12360.4
09/07/2018,19.1,10.9,0,20.5,16.7,10418.4
09/08/2018,20.1,10.4,0,20.9,15.4,13935.6
09/09/2018,19.8,10.2,0,20.4,14.3,17036.5
09/10/2018,23.1,10.2,0,22.1,14.2,16679.4
09/11/2018,24,10.2,0,24.4,15.5,18547.5
09/12/2018,26.5,12.1,0,24.9,15.9,19501.8
09/13/2018,24.6,11.7,0,23,16.3,11745.5
09/14/2018,27.5,12.6,0,25,16.9,17203.2
09/15/2018,27.8,13.4,0,25.1,17.2,18371.9
09/16/2018,29.5,17.8,0,25.5,18.7,17016.7
09/17/2018,30.4,17,0,26.1,18.9,17814.9
09/18/2018,24.7,15.4,0,24.1,19.7,10950.5
09/19/2018,,,,,,
09/20/2018,26.7,11.7,8.13,23.4,16.9,19447.6
09/21/2018,26.2,12.1,0,23.1,17.2,11123.3
09/22/2018,18.1,4.7,0,20.1,13.3,18020.1
09/23/2018,21.4,6,0,20.1,12.7,17331.8
09/24/2018,22.4,10,0,20.6,13.6,12531.1
09/25/2018,25,17.8,0.51,22.6,18.2,8715.1
09/26/2018,18.7,6.2,0.25,20.1,14.9,13901
09/27/2018,18.8,5.9,0,18.2,12.4,15202
09/28/2018,14.1,4.8,0.51,16.4,13,5164.8
09/29/2018,13.4,1.7,1.02,15.2,10,12232.8
09/30/2018,10.1,4.4,13.46,13.4,10.9,4019.9
10/01/2018,11.6,6.4,32.51,12.9,10.8,2582.1
10/02/2018,14.3,10.8,5.33,15,12.3,3931.8
10/03/2018,27.8,12.1,0.25,20,13.8,12023
10/04/2018,26.2,4.8,0,18.8,12.6,14784.4
10/05/2018,11.8,4.2,3.05,12.7,10.9,2117.9
10/06/2018,18.2,11,15.49,15.9,12.7,3271.6
10/07/2018,12.8,8.6,1.52,14.3,12.5,3229.9
10/08/2018,27.4,10.1,17.53,19.6,12.7,10941
10/09/2018,28.8,18.6,0,21.3,16.1,11752.4
10/10/2018,22.6,17.4,18.29,19.4,17.4,3369.7
10/11/2018,17.7,5.1,0,18.6,11.5,3770.5
10/12/2018,6.4,3.7,0,11.9,10.1,4696.7
10/13/2018,10.6,-0.3,0,12.6,8.1,13674.3
10/14/2018,15.1,5.3,0,14.4,9.9,10303.6
10/15/2018,9.1,2.3,3.56,12.1,8.8,8848.1
10/16/2018,12.5,0.5,0,11.5,7,12693.3
10/17/2018,11,-2.5,0,10.1,7,7946.2
10/18/2018,11.8,-4.6,0,10,4.4,13213.4
10/19/2018,12.7,5.9,3.05,10.4,7,3751
10/20/2018,10.7,1.5,2.54,10.1,6.3,5419.6
10/21/2018,6.9,0.4,0,9.7,5.9,7545.9
10/22/2018,14.7,-1.9,0,10.8,4.3,12664.4
10/23/2018,10.6,0.1,0,10.4,6.2,9692.8
10/24/2018,9.9,-3,0,9.6,4.3,9263.5
10/25/2018,9.5,-3.4,0,9.5,3.8,8108.7
10/26/2018,10.2,3.6,0,9.4,6.6,5205.5
10/27/2018,8.2,4.2,0,8.8,6.9,3413.9
10/28/2018,5.9,0.9,6.35,7.8,6.6,1359.9
10/29/2018,10.8,0.7,0,9.9,6,6143.2
10/30/2018,14,0.2,11.68,10.5,6.3,5384.5
10/31/2018,14.2,5.6,0.76,12.4,9,8866.5
11/01/2018,7.6,3.9,0,9,7.1,3532.2
11/02/2018,8.1,0.7,0,8.4,5.5,6751.6
11/03/2018,6.7,-0.2,0,8.1,5.4,5799.6
11/04/2018,9.3,0.9,8.64,7.2,5.2,2231.3
11/05/2018,10.2,3.4,4.32,9.3,7.1,3560.4
11/06/2018,9.3,4.8,22.1,8.7,7.3,1586
11/07/2018,5.1,0.9,0.25,7.6,5.1,1472.7
11/08/2018,3.6,1.1,0,6.5,4.7,2974.7
11/09/2018,1.5,-5.3,2.29,5.8,2.7,2720.2
11/10/2018,1,-6.2,1.27,3.5,2.4,4483.1
11/11/2018,2.6,-3.3,0.25,3.5,2.1,2275.2
11/12/2018,1.6,-2,0,3.7,2.5,1484.4
11/13/2018,-1.6,-5.6,0,2.7,1.6,4070.6
11/14/2018,0.8,-6.5,0,1.8,1.2,9399.5
11/15/2018,-0.1,-6.8,0,1.3,0.9,1792.9
11/16/2018,3,-1.1,5.84,1.3,1,977.9
11/17/2018,1.1,-4,0.25,2.2,1.3,3023
11/18/2018,2.5,-5.1,0,2.7,1.5,5745.5
11/19/2018,2.8,-3.2,0,1.9,1.3,3815.4
11/20/2018,0.8,-6.2,0,1.9,1.2,3764.7
11/21/2018,0.7,-6.1,0,2.6,1.2,7987.8
11/22/2018,-2.4,-8,0,1.2,0.9,2654.8
11/23/2018,9.3,-4.5,0,1.4,0.7,6617.3
11/24/2018,6.8,4.3,4.57,4.5,1.4,832.2
11/25/2018,4.7,-1.2,0,4.8,2.8,2342.2
11/26/2018,0,-3.6,0.25,2.8,2.3,2934.5
11/27/2018,-2.3,-5,0,2.3,2.2,2663.3
11/28/2018,-2.5,-4.9,0,2.2,2.1,2196.6
11/29/2018,-2.3,-5.5,0,2.1,2,1053.6
11/30/2018,1.5,-5.7,2.03,2,1.9,2170.7
12/01/2018,1.4,-1.4,4.83,2.1,1.7,1225.9
12/02/2018,7.1,0.7,5.59,4.4,1.9,1439.4
12/03/2018,1.1,-2.5,0,3.6,1.4,1487.1
12/04/2018,0.5,-6.8,0,1.4,1.1,5031.9
12/05/2018,0.2,-3.9,0,1.3,1.1,1272.6
12/06/2018,0.1,-4.7,0.25,1.8,1.3,4042.2
12/07/2018,-3.2,-7.6,0,1.4,1.1,2347.5
12/08/2018,-0.7,-10.6,0.25,1.4,1,6263.8
12/09/2018,-0.2,-7.8,0,1,0.8,4252.2
12/10/2018,2.5,-4,0,0.8,0.8,6029.2
12/11/2018,0.7,-2.4,0,0.9,0.8,1405.2
12/12/2018,2.5,-3.5,0.25,0.9,0.8,2329.8
12/13/2018,2.4,-2.4,0,1.4,0.8,2024.7
12/14/2018,3.9,-1.2,2.54,3.2,0.9,2494.9
12/15/2018,4.1,-4.8,0.25,2.4,1,4367.3
12/16/2018,1.8,-2.9,0,2.7,1,3149.8
12/17/2018,2.8,-5.2,0,1.3,0.9,6466.9
12/18/2018,2.4,-8.1,0,0.9,0.5,6756.2
12/19/2018,7.5,-1.7,0,0.6,0.5,4474.9
12/20/2018,7.9,2.5,0,3.2,0.5,2358.3
12/21/2018,4.8,-1.4,0.51,3.4,1.4,1503.2
12/22/2018,-0.7,-2.6,0,1.4,1,1339.4
12/23/2018,2.6,-1.7,0,1.9,1,1649.1
12/24/2018,-0.6,-4.3,0,1.2,0.9,1569.2
12/25/2018,-1.1,-5.5,0.25,0.9,0.7,1368.1
12/26/2018,3.3,-1.5,0.51,1.1,0.7,2533.2
12/27/2018,9,-0.7,8.13,3.9,0.9,1225.8
12/28/2018,11.1,-2.6,2.03,5.3,2.3,1356.7
12/29/2018,-2.3,-5.9,0,2.3,1.1,2369.7
12/30/2018,0.4,-4.4,0.25,1.2,0.9,5459.4
12/31/2018,1.3,-3.3,14.73,0.9,0.7,626
01/01/2019,0.9,-6.6,0.51,0.8,0.7,1666.5
01/02/2019,-1,-6.7,0,0.7,0.6,975.8
01/03/2019,2.8,-3.2,4.57,0.6,0.6,4394
01/04/2019,6.8,-3.2,0,0.6,0.6,7329.6
01/05/2019,8.2,-5.6,0,0.6,0.5,6175
01/06/2019,2.4,-4,0.25,0.6,0.5,5944.3
01/07/2019,8.5,-1.9,17.27,0.6,0.5,462.4
01/08/2019,4.8,-2.6,0,2.5,0.5,1848.5
01/09/2019,-2.2,-7.5,0,1.1,0.7,2849.3
01/10/2019,-3.9,-6.9,0,0.7,0.6,3765.6
01/11/2019,-3,-8.4,0,0.6,0.4,2401.6
01/12/2019,-1.7,-4.4,0,0.4,0.3,1872.5
01/13/2019,0.2,-8.3,0,0.4,0.2,8159.2
01/14/2019,-0.7,-9.8,0,0.2,0,1660.2
01/15/2019,-0.6,-2.2,0,0.1,0.1,621.9
01/16/2019,0.7,-9.3,0,0.1,-0.1,7798.8
01/17/2019,-1.8,-9.6,0,-0.1,-0.5,2469.6
01/18/2019,-2.2,-7.8,0,0,-0.2,5100.5
01/19/2019,-6.4,-15.1,0,-0.1,-0.2,6539.9
01/20/2019,-10.1,-22.2,0,-0.1,-0.4,9223
01/21/2019,-9.7,-26.4,0,-0.4,-0.7,9354.6
01/22/2019,-2.9,-14.2,0,-0.3,-0.6,2836.6
01/23/2019,-1,-4,1.52,-0.1,-0.3,2191
01/24/2019,-3.6,-9.2,0,0,-0.1,2668.4
01/25/2019,-8.9,-17.7,0,0,-0.1,6327.2
01/26/2019,-9.8,-23.2,0,0,-0.1,4691.8
01/27/2019,-11,-20.1,0,0,-0.1,4224.6
01/28/2019,-10,-18.4,0,0,0,1562.1
01/29/2019,-10.1,-19.2,0,0,0,3982.8
01/30/2019,-16.9,-21.9,0,0,0,7173.5
01/31/2019,-14.7,-19.8,0,0,0,5811.1
02/01/2019,-10.1,-20.5,0,0,0,8647.5
02/02/2019,3.8,-11.3,8.89,0,0,3310.7
02/03/2019,6.1,2.4,6.1,0,0,1487.2
02/04/2019,8.5,0.7,5.59,0.1,0,1201.5
02/05/2019,1.1,-4.9,0,0.1,0.1,7263.3
02/06/2019,0,-1.9,0.25,0.1,0.1,3012.5
02/07/2019,3.2,-5.3,7.37,0.1,0.1,1265.3
02/08/2019,-5,-12.7,0,0.1,0.1,5692.5
02/09/2019,-5.6,-16.2,0.25,0.2,0.1,11982.7
02/10/2019,-3.9,-10.7,0,0.2,0.1,4255.8
02/11/2019,-1.6,-6.5,0,0.2,0.1,6530.4
02/12/2019,-1.9,-5.5,0,0.2,0.2,3297.8
02/13/2019,-2.3,-9,0,0.2,0.2,4576.7
02/14/2019,5.6,-8.5,8.38,0.2,0.2,6701.6
02/15/2019,2.7,-9.6,0,0.2,0.2,6599
02/16/2019,-0.7,-10.7,0,0.2,0.2,10178.4
02/17/2019,-3.6,-11.1,0,0.2,0.2,6898.9
02/18/2019,-2.2,-14,0.51,0.2,0.2,13534.2
02/19/2019,-2.8,-18.1,0,0.3,0.2,9746.5
02/20/2019,1.7,-7.2,1.27,0.2,0.2,5449.7
02/21/2019,1.6,-7.8,0,0.2,0.2,12380.8
02/22/2019,5.8,-12.2,0,0.3,0.2,13757.5
02/23/2019,1.7,-2.2,8.38,0.2,0.2,4035.1
02/24/2019,5.9,-7.4,9.4,0.3,0.2,3601.4
02/25/2019,-7.1,-12.6,0,0.3,0.2,10473.7
02/26/2019,-7.1,-12.1,0.25,0.3,0.2,7900.2
02/27/2019,-3.8,-10.5,2.29,0.2,0.2,3705.8
02/28/2019,-2.4,-11.4,1.02,0.2,0.2,9623.3
03/01/2019,0.4,-12.2,0,0.2,0.2,8474.6
03/02/2019,0.8,-8.2,0.51,0.2,0.2,9179.6
03/03/2019,-6,-13.6,0,0.2,0.2,12270.5
03/04/2019,-11.8,-15.9,0,0.2,0.2,10916.1
03/05/2019,-7.4,-14.4,0.25,0.2,0.2,12203.1
03/06/2019,-5.5,-16.4,0,0.2,0.1,10037.9
03/07/2019,-2.8,-14,1.52,0.2,0.1,12113.3
03/08/2019,2.5,-17.8,0,0.2,0.1,15680.8
03/09/2019,3.8,-9,10.16,0.2,0.1,9971.5
03/10/2019,3.4,-0.6,8.64,0.2,0.1,2419.2
03/11/2019,0,-6.2,0,0.2,0.1,17453.9
03/12/2019,5.3,-9.3,0,0.2,0.1,17824.1
03/13/2019,7.3,1.1,3.3,0.2,0.1,4179
03/14/2019,14,3.1,21.08,0.2,0.1,4983.1
03/15/2019,3.8,-1.4,3.56,0.2,0.1,4604.7
03/16/2019,0.5,-6.4,0.76,0.8,0.2,10963.5
03/17/2019,4.5,-7.1,0,1.6,0.2,12995.7
03/18/2019,5.5,-6.8,0,4.2,0.3,19136.7
03/19/2019,7.3,-4.2,0,6.1,0.5,18320.9
03/20/2019,5.6,-0.6,3.05,2,0.7,3425.3
03/21/2019,5.3,-0.3,0.76,4.9,1.1,6562.9
03/22/2019,3.9,-3.3,0,5.3,0.9,15181.8
03/23/2019,8.1,-7.5,0,6.6,0.7,20072.9
03/24/2019,12.2,-0.3,0,7.3,1.1,11418
03/25/2019,7.2,-4.2,0,7.5,1.3,20794.1
03/26/2019,8.2,-7.8,0,7.6,1,20180.5
03/27/2019,11.4,-5.5,0,8,1.1,17668.9
03/28/2019,16.2,5.2,0,12.4,4.8,17810.2
03/29/2019,13.1,0.7,0,12,4.1,17547.5
03/30/2019,7.5,-5.1,6.1,7.8,3.3,8991.6
03/31/2019,0.1,-5.6,0,3.3,1.3,11255.1
04/01/2019,6,-6.8,0,4.5,0.8,14991.7
04/02/2019,11.3,1.3,0.76,10.1,2.7,15922.1
04/03/2019,9.6,0.8,0,9.2,2.3,21087.4
04/04/2019,8.8,-0.9,0,8.1,2.6,12495.1
04/05/2019,13.4,0.2,2.54,11.4,3.8,15558.2
04/06/2019,16.6,-0.7,0,12.5,4.4,13268.6
04/07/2019,20.9,8.5,6.35,13.5,7.3,10744
04/08/2019,19.4,8.8,0,16.5,9.9,20331.7
04/09/2019,14.9,3.3,0,13.8,8.2,20107.8
04/10/2019,6.1,-0.4,0,9.2,5.9,8355.2
04/11/2019,6,-1.7,2.54,6.6,4.1,7813
04/12/2019,10.8,2.9,13.72,10.9,4.7,16281.5
04/13/2019,6.4,1.1,0,8.5,3.4,16296
04/14/2019,3,-1.2,0,5.9,3.2,3121.2
04/15/2019,8.3,-3.6,9.91,3.8,2.1,23462.5
04/16/2019,15.5,2,8.13,9.9,2.8,10215.3
04/17/2019,14.2,3.5,0.25,9.7,6.1,7968.3
04/18/2019,17.9,3.5,5.84,10.2,7.5,3369.8
04/19/2019,12.9,3.4,0.25,10.7,6.1,13752.9
04/20/2019,19.6,1.1,0,13,4.2,25283
04/21/2019,21.9,3.8,0,15.1,6.9,20871.8
04/22/2019,25.6,8.5,0,16.2,9,20743.2
04/23/2019,19.1,4.3,7.62,13.4,9.8,11807
04/24/2019,17.4,-1.2,0,15.5,6.2,23294.1
04/25/2019,21,2.5,0,17.3,7.8,22730.1
04/26/2019,13.9,5,0.25,15.7,10.6,21409.3
04/27/2019,7.9,-0.9,0,10.7,6.6,11543.3
04/28/2019,14.2,-0.9,0,15.3,5.4,24874.6
04/29/2019,6.9,2.9,8.89,10.4,7.6,4601.9
04/30/2019,6.9,4.1,9.4,9.2,7.6,4673.8
05/01/2019,11.1,4.9,24.13,10.3,7.3,5036.4
05/02/2019,8.7,5.2,10.16,9.8,8.3,3847.1
05/03/2019,13.5,7,0,12.9,8.6,10927.9
05/04/2019,19.3,4.8,0,16.6,9,25646.6
05/05/2019,20.5,2.7,0,16.9,9,25790.5
05/06/2019,15.7,9.8,2.79,14.4,11.6,7971.7
05/07/2019,16.1,6.2,0.25,15.7,10.8,17638.7
05/08/2019,13.9,3.3,0,12.6,9.4,8488
05/09/2019,19.4,7.4,28.96,13.8,9.7,8422.6
05/10/2019,11.9,3.1,0,14.2,9.5,22571.5
05/11/2019,12.6,0.7,0,11.9,8.4,11758
05/12/2019,13.1,5.9,0,12.5,9.3,9821.2
05/13/2019,15.4,6.1,0.25,13.6,9.7,14569
05/14/2019,19.5,0.4,0,15.8,7.9,26836.8
05/15/2019,21.5,6.2,0,16.2,10.2,23454.6
05/16/2019,23.4,7.1,0,15.9,11.4,13307.7
05/17/2019,19.6,11.1,0,17.4,12.9,19254
05/18/2019,22.9,9.2,4.06,17,13,11955.3
05/19/2019,21,11.9,7.87,16.8,14.2,8204.9
05/20/2019,12.3,5.5,0,15.2,11.6,10516.2
05/21/2019,18.6,1.9,0,15,9.5,19229.7
05/22/2019,23.3,8.7,3.56,16.8,11.7,18009.7
05/23/2019,20.7,12.7,6.6,19.1,15.5,26788.2
05/24/2019,17.3,7,3.56,16,13.2,7896.4
05/25/2019,23.9,14.3,22.35,18.7,14.7,15892.6
05/26/2019,24.4,13.2,0,19.7,15.6,22828.8
05/27/2019,22.7,8.7,7.62,18.9,14.4,15788.4
05/28/2019,16.1,12.2,0.51,16.6,15.3,5440.9
05/29/2019,21.3,11.1,0,18.5,14.4,16122.3
05/30/2019,20.2,10.2,0,16.9,14.7,8932.3
05/31/2019,25.6,8.7,0,19.7,13.3,24120.9
06/01/2019,20.7,12.2,11.18,17.9,16,10716.3
06/02/2019,18.8,7.8,0.25,18.7,14.2,27879
06/03/2019,19.7,1.6,0,17.8,11.8,28339.9
06/04/2019,,,,,,
06/05/2019,25.1,15.2,0.25,20.3,15.4,18284.6
06/06/2019,26.5,14.6,0,22.4,16.8,22461.4
06/07/2019,28.1,12.1,0,23.8,16.6,27940.2
06/08/2019,28,12.2,0,23,16.4,25604.5
06/09/2019,19.5,14.9,33.27,19.6,17.6,4647.7
06/10/2019,19.6,10.5,1.78,18.6,16.8,14422.3
06/11/2019,24.9,7.5,0,22,14.4,25720.8
06/12/2019,21.9,14.1,3.81,19.3,16.6,10360.2
06/13/2019,16.8,8.7,10.16,17.6,15.4,12602.6
06/14/2019,22.3,6.2,0,16.3,13.1,11412.1
06/15/2019,22.2,15.2,0,18.5,15.2,10020.5
06/16/2019,16.2,13.2,0.25,17.4,15.8,6595.7
06/17/2019,22.1,12.1,0,19.4,14.9,16153.7
06/18/2019,25.4,10.4,0,21.3,15.8,21439.8
06/19/2019,21.6,12.1,0.51,19.4,16.9,9539.9
06/20/2019,21.9,14.4,18.8,19.4,17,12496.6
06/21/2019,25,8.7,0,22.5,15.7,27063.2
06/22/2019,25.9,11.5,0,23.1,16.6,28183.2
06/23/2019,27.3,13.3,0,22.6,17.2,20270.4
06/24/2019,23.5,14.9,6.35,21.1,19.5,7758.2
06/25/2019,25.3,14.2,4.06,23.4,17.8,22757.3
06/26/2019,27.3,14.8,0,24.2,18.2,26584.2
06/27/2019,29.2,14.6,0,24.7,18.8,25905.7
06/28/2019,27,17.4,1.52,22.9,20.2,13191
06/29/2019,29.8,16.3,0,25.1,19.7,24422.6
06/30/2019,27.9,17.7,0,23.8,20.5,21467.1
07/01/2019,30.1,16.6,0,25.4,20.3,24167.9
07/02/2019,30.1,19.5,7.37,24.9,21.4,17348.1
07/03/2019,30.1,19.5,0,25.4,21.7,23848.4
07/04/2019,31.6,20,0,25.4,21.7,23100.3
07/05/2019,31.1,21,0,26,22.5,23140.3
07/06/2019,30.9,20.3,0,25.5,22.7,21710.5
07/07/2019,27.9,16.3,0,23.6,21.2,21937.8
07/08/2019,27.5,11.2,0,22.9,19.2,23240.4
07/09/2019,29.2,12.3,0,23.5,18.8,25266.8
07/10/2019,32.2,16.1,0.76,24.7,20.2,23006.8
07/11/2019,27,13.9,0,23.7,20.5,24343.6
07/12/2019,27.3,8.8,0,22.6,17.9,26701.8
07/13/2019,31,17.1,0,24.5,19.5,24404
07/14/2019,30.1,11.3,0,23.4,18.9,26676.7
07/15/2019,31.5,16.3,0,24.2,19.9,20306.1
07/16/2019,29.6,19.6,0,23.9,21.2,14613.9
07/17/2019,32.7,18.4,0,25,21.3,20230.2
07/18/2019,31.3,19.7,0.25,23.6,21.8,12353.2
07/19/2019,33.3,23.3,0,26.6,22.4,17439.6
07/20/2019,31.7,20,28.7,25.9,22.7,12821.6
07/21/2019,29.1,19.1,0,24.6,22.1,22165.3
07/22/2019,25.4,14,0,23.5,20.7,25490.7
07/23/2019,25.1,9.1,0,21.8,18.1,22645.6
07/24/2019,27.2,8.2,0,21.7,17,25139.8
07/25/2019,28.2,12.5,0,22.9,18.2,23539.1
07/26/2019,28.8,14.9,0,23.6,18.9,22558.5
07/27/2019,28.5,20.5,3.3,23.7,20.6,15564.6
07/28/2019,30,19.5,0,25.8,21.2,21419.6
07/29/2019,26.1,19.4,0,23.7,22,12167.9
07/30/2019,26.2,14.1,0,23.9,21,21113.5
07/31/2019,27,10.1,0,23.2,18.4,26051.7
08/01/2019,28.2,11.6,0,23.9,18.6,24935.1
08/02/2019,29.7,10.8,0,24,18.3,24265.2
08/03/2019,29.6,13.1,0,25,19.1,23512.2
08/04/2019,30.3,14.6,0,25.3,19.9,22920.5
08/05/2019,30.1,11.7,0.51,25.8,19.3,21702.8
08/06/2019,27.2,16.5,7.11,24.6,21.3,17613.7
08/07/2019,29.4,14,0,25.2,19.6,23422.6
08/08/2019,25.2,14.2,11.43,24.5,21.2,21695.2
08/09/2019,24.8,11.7,0,22.8,18.4,22351.2
08/10/2019,26.7,12.8,0,23.1,18.4,20703
08/11/2019,28.1,11.2,0,23.4,18.3,16976.6
08/12/2019,29.4,17.2,0,24.7,20.5,17465.6
08/13/2019,28.7,18.5,0,24.8,20.9,20517
08/14/2019,23.7,15.6,0,23.4,20.3,12251.5
08/15/2019,22.8,13.9,17.53,22.2,19.2,13306.5
08/16/2019,26,12.5,0.51,23.5,18.2,18134.4
08/17/2019,27.9,15.4,0,24.6,19.6,19700.6
08/18/2019,26.5,17,6.6,23.9,20.9,10854.7
08/19/2019,28.5,16,0,25.6,19.9,21200.8
08/20/2019,27.6,16.5,0,25.1,20.7,12144.1
08/21/2019,27.8,13.7,0,26.1,22.1,15908.4
08/22/2019,23.5,11.8,0,24.6,19.8,19077.3
08/23/2019,23.4,8,0,23.7,17.6,21212.7
08/24/2019,24.1,7.8,0,23.8,17.3,22352.5
08/25/2019,25.5,11.4,0,23.2,17.9,18093.4
08/26/2019,23.5,15,10.92,22,18.7,8642
08/27/2019,24.8,17.2,3.56,25.2,20.2,19669.9
08/28/2019,20.6,13.7,0,21.9,18.8,12221.2
08/29/2019,25.9,11,29.21,24.1,17.1,17066.5
08/30/2019,21.6,9.1,0.25,22.4,17.4,18299.7
08/31/2019,22.8,7.5,0,22.2,16.3,19172.1
09/01/2019,18.8,13.4,0,20.1,18.1,6488
09/02/2019,25.4,12.3,0,22.6,17.5,13852
09/03/2019,23.5,16.2,2.54,21.6,19.1,5405.4
09/04/2019,18.8,9.2,0,20.9,18,10493.8
09/05/2019,22.3,5.7,0.25,21.7,15.2,20237.6
09/06/2019,20.6,12.6,0.51,19.9,17.7,5013.6
09/07/2019,21.4,8.6,0,20.9,16.3,12778.7
09/08/2019,18.8,9.9,0,19.3,16.4,8707.6
09/09/2019,18.4,10.2,0.25,19.1,16.2,8469.4
09/10/2019,27.9,15.4,20.83,21.5,17.2,7334.1
09/11/2019,28.5,15.8,12.95,23.4,18.2,9970.7
09/12/2019,19.6,14.5,0.76,21,19.1,6387.5
09/13/2019,24.8,15.7,37.85,22.6,18.8,10257.7
09/14/2019,20.8,12.4,0,22.6,17.3,18757.9
09/15/2019,22.1,15.2,0,20.7,18.6,5366.1
09/16/2019,26.1,15.8,0,23.8,19.4,14816.8
09/17/2019,24.7,14.1,0,23.8,18.9,16089.2
09/18/2019,26.3,13.6,0,24.2,18,17366
09/19/2019,27.7,14,0,24,18.1,15981.7
09/20/2019,28.6,14.4,0,25,19.2,16379.2
09/21/2019,27.3,17.4,1.27,23.5,20,8801
09/22/2019,23.9,18.7,12.19,21.7,20.9,3309.2
09/23/2019,20.8,11.4,0.25,22.2,19,14604.5
09/24/2019,23.6,9.9,0,21.9,16.6,14718.7
09/25/2019,23.4,16.4,0,21.3,18.4,8665.4
09/26/2019,18.7,9.8,0,19.9,16.7,15831.2
09/27/2019,18.6,9.4,22.86,17.6,15.9,3398.4
09/28/2019,19,11.3,0.25,19.7,16.9,10940.5
09/29/2019,14,9.7,8.89,16.9,14.8,2677.1
09/30/2019,27.8,13,0.25,20.8,15.5,10061.5
10/01/2019,22.9,19.4,54.86,20,18.8,1910
10/02/2019,19.9,10.1,44.2,19.7,16,3288.9
10/03/2019,18.9,9.6,3.3,18.1,14.9,6826.9
10/04/2019,11.9,6.2,0,15.6,13.3,5223.9
10/05/2019,15,4.6,1.78,16,11.6,10417.5
10/06/2019,18.4,10.1,0.51,17.9,13.6,13721.7
10/07/2019,19.2,5.5,0,17.6,12.6,14637
10/08/2019,19.6,3.5,0,16.9,11.2,14850.3
10/09/2019,20.9,7,0,17.5,11.6,14514.3
10/10/2019,22.5,9.4,0,18,12.8,12055.9
10/11/2019,18.3,5.2,22.86,16.9,13.9,2536.7
10/12/2019,9.4,4.1,0.25,13.9,10.8,8594
10/13/2019,6.3,3.6,2.54,10.8,9.1,1515.5
10/14/2019,10.2,0.8,0.76,11.2,8.2,8344.9
10/15/2019,13.3,0.8,0,10.6,7.4,3551.6
10/16/2019,9.7,5.6,3.05,11,9.4,3985.5
10/17/2019,11.5,2.1,5.33,11.6,8.6,7035.8
10/18/2019,13.4,-0.4,0,12.3,7.3,12329.1
10/19/2019,16.8,3.8,0,12.6,7.8,10057.1
10/20/2019,19.7,6.3,0.76,14.9,10.6,11865.3
10/21/2019,15.8,6.6,0.51,12.8,10.8,1709.5
10/22/2019,11.8,6,11.18,12.2,9.5,1734.4
10/23/2019,12.6,5.4,4.83,11.9,8.5,11376.8
10/24/2019,11.5,0.6,6.1,11.6,8.1,8894.6
10/25/2019,9.3,-1.2,0,10.3,7.5,6631.1
10/26/2019,8.5,-2.1,33.53,8.7,5.8,5736.2
10/27/2019,13.5,4.2,7.87,11,7.6,7075.7
10/28/2019,11,3.6,0,10.3,7.4,4137.2
10/29/2019,7,2.8,0.51,9.6,8.1,3825.5
10/30/2019,4,2.4,2.29,8.1,7,2193.5
10/31/2019,3.4,-0.1,13.46,7,4.6,1772.5
11/01/2019,6.7,-1.6,2.79,6.9,3.8,7574.8
11/02/2019,5.7,0.3,6.35,6.7,5.2,3885.7
11/03/2019,6.3,0,0.51,6.8,4.4,4991.8
11/04/2019,8.9,2,7.87,7.7,5.9,3017.1
11/05/2019,4.8,-5.3,0,6.1,3.2,4718.6
11/06/2019,0.8,-6.2,0.76,3.2,2.3,989.1
11/07/2019,-0.7,-10.6,2.79,3.1,2.7,2689.7
11/08/2019,0.2,-10.6,2.29,2.9,2.5,2853.6
11/09/2019,4,-3.5,2.03,2.9,2.5,5239.1
11/10/2019,4.8,-1.5,0,4.3,2.9,2114.4
11/11/2019,-0.8,-7.2,0,3.2,2.1,3137.3
11/12/2019,-4.4,-11.1,0.25,2.6,2.4,2574
11/13/2019,-4.8,-10.8,0,2.6,2,3198
11/14/2019,-0.6,-5.6,0,2.3,2,2024.5
11/15/2019,4.8,-2.6,0.76,3.4,1.7,6881.4
11/16/2019,2.8,-6.6,0,2.1,1.2,7636.8
11/17/2019,2.3,-6.3,0,1.4,1,4552.5
11/18/2019,4.4,0,0,3.4,1.4,1666.7
11/19/2019,4.8,1,0,4.5,3.1,1989.9
11/20/2019,6.1,1.3,0,4.9,3.6,1874.9
11/21/2019,10.6,2.2,13.46,6.3,3.8,324.9
11/22/2019,3,-4.4,0,5.3,2,4071.8
11/23/2019,5.7,-4.1,0,3.7,1.5,5856.4
11/24/2019,9.1,-2.5,0,4.7,1.3,7700.4
11/25/2019,8.4,0.4,0,5.2,2.7,3403.2
11/26/2019,9.3,-1.6,9.91,5.2,1.9,6202.2
11/27/2019,11.4,0.4,24.38,6,3.7,861.5
11/28/2019,2.8,-0.8,0,4.3,2.7,3305.5
11/29/2019,2.5,-1,0,4.3,2.7,2964.9
11/30/2019,2,-0.6,1.02,3.3,2.5,2039.6
12/01/2019,0.8,-1.4,5.08,2.7,1.9,299
12/02/2019,-0.4,-6.5,0,2.1,2,515.7
12/03/2019,1.5,-4.6,0,2.1,2.1,397.4
12/04/2019,1.1,-0.7,0,2.1,2,252.4
12/05/2019,2.7,-1.3,0,2.2,2,2245.9
12/06/2019,3.4,-6.1,2.54,2.2,1.3,3343
12/07/2019,0.4,-6.6,0,1.3,1,2778.4
12/08/2019,5.9,-0.8,4.32,2.5,0.9,2057.4
12/09/2019,8.3,-0.7,7.37,4.7,2.5,474.3
12/10/2019,-0.1,-7.3,0,3.8,1.1,2962.9
12/11/2019,-6.2,-12.8,0,1.1,0.7,4871.3
12/12/2019,4.1,-11.8,0.25,0.7,0.5,2549.1
12/13/2019,4.8,-2.1,0,0.6,0.5,4259.2
12/14/2019,0.9,-2.9,0,0.6,0.6,1027.2
12/15/2019,-0.8,-4.8,0,0.6,0.6,5051.1
12/16/2019,-0.9,-6.2,0.25,0.6,0.6,2825.6
12/17/2019,0,-8.1,0,0.6,0.5,3872.1
12/18/2019,-4.6,-13.5,0,0.6,0.6,5989.3
12/19/2019,-0.2,-11.7,0,0.6,0.5,3459.5
12/20/2019,2.6,-3.1,0,0.6,0.5,5542.6
12/21/2019,6.8,-3.8,0,0.6,0.5,6691.4
12/22/2019,9.7,0.3,0,0.5,0.5,6117.9
12/23/2019,8.8,-0.6,0,0.8,0.5,6009.5
12/24/2019,2.5,-0.7,0,0.8,0.6,2841.2
12/25/2019,12.5,-0.7,0,3.1,0.6,5564.1
12/26/2019,14.8,3.1,0,6.2,2.2,5994.1
12/27/2019,4.3,0.2,0,5.1,2.7,1052
12/28/2019,4.3,-2.7,0.25,2.7,1.6,1855.3
12/29/2019,9.9,3.6,16,5.4,2.5,703.4
12/30/2019,6.5,-1.7,22.1,5.2,2.4,1183.9
12/31/2019,-1.1,-3.4,0,2.4,2.2,2568.4
01/01/2020,5.6,-9,4.06,2.2,2,7410.4
01/02/2020,6.2,2.8,0.25,2,1.9,5031.3
01/03/2020,3.6,-0.6,0,2.4,1.9,2336.8
01/04/2020,0.8,-1.9,0,2.1,1.1,2201.3
01/05/2020,2.7,-2,0,1.1,0.9,2184.6
01/06/2020,4.2,-2.4,0,1.8,0.7,7628.1
01/07/2020,2.7,-2.3,0.25,0.8,0.7,3451.7
01/08/2020,-1.7,-10.6,0,0.7,0.4,3151.5
01/09/2020,10.2,-8.4,0,0.4,0.2,915.6
01/10/2020,10,5.3,1.78,2.3,0.3,2140.7
01/11/2020,7.1,-6.6,18.54,3.3,1,867.3
01/12/2020,-3.5,-9.8,0,1,0.8,5204.1
01/13/2020,0.5,-4.7,0.25,0.9,0.8,1941.7
01/14/2020,2.3,-1.5,0.25,1.1,0.9,1334.3
01/15/2020,1.7,-3.6,0,1.1,0.7,2014.3
01/16/2020,0.5,-10.6,0,1,0.6,3254.1
01/17/2020,-3.9,-11.6,0,0.6,0.5,4964.2
01/18/2020,0.7,-6.6,1.27,0.5,0.5,1955.8
01/19/2020,-2.7,-11.2,0,0.5,0.5,7686.8
01/20/2020,-3.4,-10.8,0,0.5,0.5,3733.9
01/21/2020,-1.1,-13.6,0,0.6,0.5,5720.1
01/22/2020,0.8,-6.5,0,0.6,0.5,7942.9
01/23/2020,1.2,-2.5,1.02,0.7,0.6,3636.9
01/24/2020,1.9,0,14.22,0.8,0.6,2218.4
01/25/2020,1.8,0.2,0.76,0.8,0.8,2595.7
01/26/2020,1.6,0,0.25,0.9,0.8,2132.4
01/27/2020,2.1,-0.8,0,1,0.9,3864.2
01/28/2020,0.9,-2.6,0.25,1.2,1,3649.7
01/29/2020,-0.4,-2.8,0,1.1,0.8,2073.8
01/30/2020,0.5,-3,0,0.9,0.7,3043.9
01/31/2020,1.1,-2.6,0.51,1,0.8,3904.3
02/01/2020,1.5,-0.5,3.3,1.1,1,1777.3
02/02/2020,8.5,0.1,0,1.4,1,9323.8
02/03/2020,6.4,-3.3,0,1.9,0.7,8393.4
02/04/2020,2.3,-5.3,0,2.7,0.9,7470.6
02/05/2020,-2.3,-9.5,0,0.9,0.5,7124.9
02/06/2020,-3.3,-6.6,0,0.5,0.4,3270.2
02/07/2020,1,-10.1,1.02,0.5,0.4,6896.7
02/08/2020,0,-6.9,0,0.4,0.4,10167.9
02/09/2020,0.2,-4.4,0,0.4,0.4,2877.6
02/10/2020,0.2,-7,2.03,0.4,0.4,3774.6
02/11/2020,-1.5,-6.9,0,0.4,0.4,3894.7
02/12/2020,1.2,-5.9,2.79,0.4,0.4,8189.6
02/13/2020,-0.4,-13.7,0,0.5,0.4,7948
02/14/2020,-7.1,-16.1,0,0.5,0.4,7861.4
02/15/2020,0,-15.7,0,0.5,0.4,4369.1
02/16/2020,2.9,-9.1,1.78,0.5,0.4,12728
02/17/2020,1.2,-9.9,0,0.5,0.4,7038.9
02/18/2020,2.3,-4.4,4.32,0.5,0.4,6776.7
02/19/2020,-3.8,-13.5,0,0.5,0.4,13334.5
02/20/2020,-5.2,-16,0,0.5,0.4,11937.6
02/21/2020,0.9,-14,0,0.4,0.3,13645.6
02/22/2020,4.7,-2.3,0,0.4,0.3,13733.4
02/23/2020,6.9,-0.8,0,0.4,0.3,13839.5
02/24/2020,5.7,-3.8,0,0.4,0.4,7986.6
02/25/2020,4.5,-2.5,0,0.4,0.4,8730.1
02/26/2020,-0.2,-5.1,0,0.5,0.4,8560.4
02/27/2020,-4.6,-7.2,0,0.4,0.2,5813.7
02/28/2020,-3,-7.8,0,0.3,0.1,11401.2
02/29/2020,0.2,-9.1,0,0.2,0,15444.3
03/01/2020,11.6,-4.8,0,0.1,0,13017.6
03/02/2020,8,-2.1,0,0.9,0.1,15042
03/03/2020,3.6,-4.1,0.51,1.1,0.3,5552.5
03/04/2020,5.1,-4.7,0,4,0.3,14688.9
03/05/2020,7.8,-5,1.78,2.5,0.5,8204.8
03/06/2020,1.8,-5.5,0.51,3.3,1.2,7498.4
03/07/2020,8.5,-8.2,0,4.3,0.6,16342.7
03/08/2020,15.5,1.7,0,6.9,0.8,14046.8
03/09/2020,13.3,7.1,16.26,7.2,4.2,3988.4
03/10/2020,11.2,-0.8,7.11,10,4.8,15964.4
03/11/2020,6.2,-0.1,0,6.8,4,5328.5
03/12/2020,11.3,0.3,4.32,8.5,3.8,10573.6
03/13/2020,6.8,0.4,0,7.2,3.5,11310
03/14/2020,2,-2.1,0,4.3,1.8,6271.2
03/15/2020,6.9,-5.4,0,7.5,1.2,18183
03/16/2020,6.2,-4.5,0,5.6,1.4,9630
03/17/2020,7.2,-2.4,0,8.8,3.2,18503.8
03/18/2020,6.8,-3,0,5,2.6,4260.3
03/19/2020,14,0.1,10.67,6.1,2.7,5063.4
03/20/2020,13.9,-4.7,7.37,6.7,2.3,6186.9
03/21/2020,1.9,-7.3,0,6.3,1.2,19233.2
03/22/2020,4,-7.4,0,5.3,1.2,12398.5
03/23/2020,5.1,-2.7,2.29,5.5,2.3,7732.1
03/24/2020,8.2,-1.1,0,6.5,2.7,7543.8
03/25/2020,12.8,-2.6,0,10,2,15922.7
03/26/2020,10.1,3.9,0,8.3,5.7,6377.5
03/27/2020,13.3,1.5,0,10.8,5,13238.6
03/28/2020,8.5,4.3,25.15,8.4,6.3,3614
03/29/2020,11.5,3.7,11.18,7.6,6.2,3067
03/30/2020,5,1.6,0.76,7.5,5.1,8516.5
03/31/2020,6.7,0.9,0,7,4.4,5559.9
04/01/2020,9.9,3.5,0,9.1,5.3,8198.6
04/02/2020,15.9,-2.2,0,13.3,3.7,21782.2
04/03/2020,18.2,-0.6,0,14.2,5.2,20335.4
04/04/2020,10.5,2,1.52,10.4,7.3,4836.9
04/05/2020,14.2,-2.5,0,13.4,4.2,22392.4
04/06/2020,15.8,-1.3,0.51,13.3,4.9,17069.4
04/07/2020,21.4,8.2,3.56,14.2,9.3,8363.9
04/08/2020,16.6,6.9,6.35,17,10.1,15883
04/09/2020,7.7,0.2,0.76,12,7,16235.2
04/10/2020,4.4,-0.9,0,7.4,4.7,9814.9
04/11/2020,13.7,-2.1,1.78,12.9,3.2,20866.5
04/12/2020,17.1,6.5,2.29,13.3,8.2,10867.1
04/13/2020,12.1,-0.9,7.37,11.4,5,7201.9
04/14/2020,2.8,-4.3,0,7,3.3,14526.3
04/15/2020,2.5,-5.1,2.29,7,3.7,13127.2
04/16/2020,4.6,-4.4,0,6.8,2.1,16351.8
04/17/2020,5.5,-2.2,0.25,7.9,2.9,10148
04/18/2020,11.8,-1.8,0,11.4,2.6,23202.4
04/19/2020,11.8,1,0,12.5,6.3,22949
04/20/2020,12.8,-3.2,2.79,12.9,4.2,21451.9
04/21/2020,4.8,-2.7,0.25,8.9,4.7,17867.2
04/22/2020,4,-5.1,0.51,6.8,3,7790.1
04/23/2020,6,0.8,4.32,6.8,4.2,4900.5
04/24/2020,14.1,2.9,0,11.9,5.3,15183
04/25/2020,13.2,2.8,0,10.8,6.5,11772
04/26/2020,18.6,3.6,0,14.1,5.9,24968.5
04/27/2020,13.6,1.7,3.05,10.2,6.4,7389
04/28/2020,20.9,4.6,30.23,15.5,6.8,15521.2
04/29/2020,14.8,6.4,38.86,13.2,11.8,3653.1
04/30/2020,9.6,5.1,1.27,11.9,9.3,7927.8
05/01/2020,18.2,-0.4,0,16.5,6.5,22920.5
05/02/2020,21.3,9.7,0,18.4,10.9,20727.3
05/03/2020,19.9,5.9,0,18.3,11.1,25945.5
05/04/2020,15.5,1.9,0,17.3,9.6,24811.4
05/05/2020,13.4,3.8,0,13.6,9.7,15856.9
05/06/2020,16.2,-0.2,0,16.7,8.1,26842.4
05/07/2020,13.9,4.4,0,16.8,9.1,26656.1
05/08/2020,6.4,-2.3,0,12.6,8.1,21495.5
05/09/2020,11.6,-4.7,0,13,5.1,24794.5
05/10/2020,7.8,1.6,3.05,10.9,8.1,6984.6
05/11/2020,8.5,0.3,0,12.4,6.5,21285.8
05/12/2020,12.6,-2.3,0,14.9,5.8,27555.1
05/13/2020,17.6,-2,0,15.6,6.3,26839.4
05/14/2020,14.9,5.9,11.94,12.7,10.1,3883.2
05/15/2020,23.4,12.3,23.62,18.1,12.2,16398.1
05/16/2020,21.6,7.8,0,20,11.9,25315.7
05/17/2020,12.7,10.1,44.2,16.2,12.6,3075.9
05/18/2020,13.4,10,24.13,13.2,11.9,4836.5
05/19/2020,16.9,11.2,0,15.6,12.2,12556.8
05/20/2020,22.5,9.5,0,20,12.3,27189.8
05/21/2020,24.9,9.7,0,21.4,13.6,26513.6
05/22/2020,21.9,13,0,19.5,16.2,11147.3
05/23/2020,25.9,12.2,0,22,15.8,21527.5
05/24/2020,25.5,17.3,0,24.3,17.9,26449.2
05/25/2020,28.9,16.9,0,24.1,18.3,23259.6
05/26/2020,31.8,17.3,1.27,26.1,19.1,24387.6
05/27/2020,30.3,18.2,0,25.2,20.3,16586.2
05/28/2020,24.6,17.4,1.02,22.6,20.6,11602.5
05/29/2020,,,,,,
05/30/2020,18.4,8.3,0,21.1,16.4,22928.2
05/31/2020,17.8,0.5,0,21.3,13,27558.4
06/01/2020,21.8,4.2,1.02,18.4,13.4,16864.1
06/02/2020,29.1,15.8,0,24.1,15.7,26533.7
06/03/2020,28.2,15.4,11.68,25.3,18.8,25363.8
06/04/2020,28.6,14.4,0,25.2,18.7,24591.8
06/05/2020,28.3,11.4,0,23.5,18.1,18882.8
06/06/2020,24,13.3,0,25.4,18.3,28432.2
06/07/2020,25.5,9.7,0,23.6,17,24519.3
06/08/2020,29.9,12.9,0,25.9,17.8,26978.3
06/09/2020,32.2,14.3,,26.7,19,21453
06/10/2020,26.5,13.9,,24.4,20.8,14594.4
06/11/2020,22.7,12.3,,24,17.9,26257.1
06/12/2020,18.8,7.4,,22,16.7,18507
06/13/2020,19.4,6.5,,22.3,15,28109.1
06/14/2020,21.9,5,,22.1,14.2,29211.3
06/15/2020,24.4,7.8,,22.9,14.8,29040.4
06/16/2020,28.1,10.6,,24.6,16.4,28347.6
06/17/2020,29.5,13.4,,26.1,18.1,27761.3
06/18/2020,30.3,13.6,,27,18.8,27953.9
06/19/2020,31.6,13.6,,27.2,19.6,26411.4
06/20/2020,31.1,15.6,,27.1,20.6,24600.2
06/21/2020,26.5,13.6,,28,21.8,23736
06/22/2020,29,13.1,,26.6,20,19335.1
06/23/2020,21.6,12.2,,23.6,19.8,14575.6
06/24/2020,24,11.3,,25.2,17.9,27279
06/25/2020,26.3,10.8,,26.9,18.2,28250.1
06/26/2020,28,12.2,,25.3,18.9,17343.1
06/27/2020,29.1,17.8,,26.8,20.9,19476.7
06/28/2020,30.1,13,,27.9,19.3,26115.6
06/29/2020,32.8,15.6,,28.8,20.7,23655.2
06/30/2020,31.7,18.8,,31.3,22.8,25080.8
07/01/2020,32.4,16.8,,30.9,22.4,25017.8
07/02/2020,33.7,15.3,,31.9,22.7,25882.9
07/03/2020,34.4,16.7,,33,23.4,26192.8
07/04/2020,33.1,19,,32.7,24.4,25796
07/05/2020,32.8,16.7,,32.3,24.1,24164
07/06/2020,33.5,16.7,,33.1,24.2,26108.2
07/07/2020,34,17.9,,32,24.9,22382.4
07/08/2020,33.2,19.7,,33.6,25.8,24722.3
07/09/2020,33.8,17.7,,32.2,25.2,20754.1
07/10/2020,27,17.4,,27.3,23.9,15647.3
07/11/2020,28.8,14.6,,27.9,21.1,23630.8
07/12/2020,25.7,16.1,,27.3,21.2,24581.5
07/13/2020,27.8,11.7,,28.2,19.7,25545.6
07/14/2020,28.9,11.8,,27.4,19.9,22937.1
07/15/2020,29.6,17.9,,26.8,22,11546.7
07/16/2020,29.6,17.3,,28.2,22.2,20636.2
07/17/2020,29.1,13.9,,29.2,21,25768.9
07/18/2020,32.4,17.8,,29.2,21.7,20189.9
07/19/2020,28.2,19.4,,27,23.9,11920.3
07/20/2020,27.1,16.3,,28.5,20.8,24200.8
07/21/2020,27.1,14.2,,27.9,20.4,21379
07/22/2020,28,17.3,,28.5,22.4,20231.3
07/23/2020,28.9,16.2,,27.6,21.4,20287.1
07/24/2020,30.3,14.7,,29.7,21.1,24674.3
07/25/2020,30.7,14.6,,29.6,21,23534.3
07/26/2020,33.5,19.4,,30.9,22.8,23346.3
07/27/2020,28.7,16.8,,28,24.4,15970.1
07/28/2020,28.9,14.8,,30.1,20.9,22876.3
07/29/2020,29.1,15.7,,28.6,21.3,23641.9
07/30/2020,28.3,13.3,,28.4,20.3,24068.1
07/31/2020,28.3,12.8,,27.3,19.8,22430.7
08/01/2020,27.5,15,,26.2,20.3,16445.1
08/02/2020,27.2,17.3,,26.2,21.3,15455.8
08/03/2020,21.5,15,,23.8,20.6,11044.7
08/04/2020,22.5,10.6,,23.1,17.7,18217.4
08/05/2020,23.6,7.2,,22.7,15.9,17913.6
08/06/2020,26.6,8.5,,25.9,15.9,23700.3
08/07/2020,28.3,10.6,,26.9,17,24096
08/08/2020,28.9,13.1,,26.7,18.1,18167.4
08/09/2020,31.7,20.5,,29.7,20.7,21237.3
08/10/2020,30.7,19.4,,27.9,22,13713.2
08/11/2020,27.8,12.7,,28.1,20.8,24151.2
08/12/2020,30.6,10.8,,27.6,18.3,23808.9
08/13/2020,31.3,14.2,,27.8,19.7,21047
08/14/2020,31.5,16.6,,28.7,20.3,22332.7
08/15/2020,28.5,16.5,,25.9,20.9,14159
08/16/2020,28.3,14.3,,28.1,20.9,23343.7
08/17/2020,27.9,13.5,,28,19.9,22574.6
08/18/2020,25.1,8.7,,25.9,18.1,21076.8
08/19/2020,26.4,7.3,,26.5,16.9,21526.9
08/20/2020,27.8,13.2,,27.8,18.8,21455.4
08/21/2020,29.8,14.3,,28.1,19.3,19211.5
08/22/2020,30.2,13.3,,28.4,19.3,20122.5
08/23/2020,30,15.8,,28.7,20.1,19375.4
08/24/2020,31.5,17.3,,28.7,20.9,17539.5
08/25/2020,28,19.2,,26.1,22.1,11154.3
08/26/2020,32.1,18.6,,29.4,21.7,18210.1
08/27/2020,31,20.8,,28.2,22.8,13199
08/28/2020,28.9,18.5,,26.4,21.4,11013.5
08/29/2020,24.1,12.5,,25.7,20.9,18373.3
08/30/2020,24.2,8.9,,24.5,17.8,20288.7
08/31/2020,27,12.7,,24.8,17.8,18874.7
09/01/2020,24.1,16.5,,23.1,19.8,10786.6
09/02/2020,26.2,14,,25.5,20.3,20795.8
09/03/2020,27.8,12.9,,22.7,18.1,14096.9
09/04/2020,22.4,7.1,,22.3,15.8,20867.5
09/05/2020,25.1,8.9,,22.1,17,16397.4
09/06/2020,24.2,7.4,,20.5,15.7,13131.4
09/07/2020,24,11.6,,22.7,18.8,18301.6
09/08/2020,14.2,9.6,,18.8,15.6,2729
09/09/2020,13.5,8.9,,15.7,14.5,3830.7
09/10/2020,16.1,10,,17.5,14.7,9261.3
09/11/2020,20.5,9,,19.4,14.4,16943.2
09/12/2020,20.1,12.2,,18.2,16.1,5417.8
09/13/2020,19.8,10.2,,19.2,16.8,9087
09/14/2020,19.1,8.4,,18.8,15.2,14059
09/15/2020,22.5,8.3,,18.9,14.3,14760.1
09/16/2020,24.6,12.6,,20.1,15.6,12899.3
09/17/2020,18.9,7.6,,18.9,15.5,16177.3
09/18/2020,15.8,1.3,,17.2,12.6,18860
09/19/2020,18.1,1.7,,16.7,11.2,17957.9
09/20/2020,21.4,3.3,,17.3,11.5,18035.1
09/21/2020,22.5,6.3,,17.4,12.4,15716.4
09/22/2020,24.8,8.7,,18,13.2,12678.9
09/23/2020,26.6,10.5,,19.2,13.5,15315.3
09/24/2020,24.8,12.5,,19.3,14.5,13743
09/25/2020,27.2,11.5,,19.7,14.8,15723.4
09/26/2020,26.5,15.1,,20,15.9,12754.8
09/27/2020,24.5,13.7,,20.1,17.1,9725.2
09/28/2020,16,9,,17.9,15.2,4486.1
09/29/2020,17.5,8.6,,16.8,14.1,10052.5
09/30/2020,18.6,5.8,,16.3,13.7,7601.1
10/01/2020,14.1,3.4,,14.2,12.1,6805.5
10/02/2020,11.9,-1.4,,13.5,10,10562
10/03/2020,8.7,-1.2,,11.6,9.4,3351.1
10/04/2020,13,0.1,,12.4,10,7396
10/05/2020,15.9,-1.5,,13,8.4,14636.2
10/06/2020,19.5,7.4,,14.8,10.1,13832.2
10/07/2020,18.9,4.4,,15.5,12.4,14329.3
10/08/2020,18.2,2.3,,14.5,10,14806.6
10/09/2020,25.2,3.1,,15.1,9.8,13076
10/10/2020,23,6.9,,17.1,13.8,11383.2
10/11/2020,19.2,5.5,,15.1,11.3,12513.2
10/12/2020,20.9,6.3,,14.9,12,3440.6
10/13/2020,19,3.7,,13.7,10,10661.3
10/14/2020,16.3,3.1,,11.9,9.5,4945.4
10/15/2020,14,-1.2,,11.8,9.2,3190.8
10/16/2020,12,-2.4,,10.2,7.2,9497.9
10/17/2020,13.3,-3.1,,9,6.6,5557.5
10/18/2020,13.1,-1.5,,9.4,7.7,2147.1
10/19/2020,9.5,-1.8,,9.8,6.6,8276
10/20/2020,10.9,2.2,,10,7.7,6526.4
10/21/2020,12.3,5.7,,11.1,8.8,7775.8
10/22/2020,14.6,4.7,,9.8,8.8,1391.4
10/23/2020,20.8,2.6,,12.4,9.8,1716.9
10/24/2020,7.3,-1.4,,9.8,7.6,5740.1
10/25/2020,8.8,1,,9.7,7.3,6789.1
10/26/2020,5.1,1.3,,8.3,7.3,3256.2
10/27/2020,4.4,0.6,,7.8,6.8,2973.4
10/28/2020,11.1,-0.9,,8.8,5.1,10314.7
10/29/2020,8,1.9,,8.2,6.4,4630.4
10/30/2020,2.7,-0.1,,6.9,5.7,2380.6
10/31/2020,11.6,-5.1,,7.2,3.7,10668.8
11/01/2020,11,-1.3,,7.3,4.2,4685.4
11/02/2020,9,-4.7,,6.2,2.7,9026.5
11/03/2020,17.9,-0.5,,8.1,3.5,10237.6
11/04/2020,21.4,6.9,,10.1,6,10177.3
11/05/2020,17.2,8.9,,10.6,8,6334.3
11/06/2020,21.2,7.7,,11.3,7.3,9576.9
11/07/2020,21.7,8.9,,11.8,8.3,9557.2
11/08/2020,23.1,8.6,,12.4,8.5,6188.6
11/09/2020,24.8,13.1,,14.2,10.7,6415.2
11/10/2020,22.4,12.9,,15.1,13.2,2356.1
11/11/2020,13.3,-2.1,,14.3,7.1,2891.5
11/12/2020,12.1,-3.2,,8.8,5.5,8981.8
11/13/2020,5.9,-4.1,,7,5.1,2351.3
11/14/2020,8.2,-5.4,,5.9,3.2,8058.8
11/15/2020,10.9,1.4,,7.7,5.2,976.1
11/16/2020,5.1,-0.5,,5.9,4.4,6434.1
11/17/2020,2,-5.2,,4.9,2.7,6129.1
11/18/2020,8.4,-6.7,,4.7,2,7294.8
11/19/2020,15.5,3.4,,7.2,3.5,6872.8
11/20/2020,14.2,0.4,,9.1,5.9,7522.6
11/21/2020,8.2,-1.7,,6.6,4.4,7935.8
11/22/2020,4.4,-1.8,,5.6,3.8,2560.5
11/23/2020,6.9,-4.7,,5.7,3,4774.4
11/24/2020,1.1,-5.5,,3,2,804.6
11/25/2020,4.1,0.5,,4.2,2.7,848.2
11/26/2020,6.9,3,,6,4.2,2086
11/27/2020,6.1,-0.7,,6,4.3,2060.9
11/28/2020,9.1,-3.6,,4.6,2.2,7727.3
11/29/2020,10.6,0.2,,5.6,2.6,6203.6
11/30/2020,3,-1.7,,4.5,2.4,2132.3
12/01/2020,3.4,-2.2,,2.9,1.7,7541.6
12/02/2020,8.2,-3.7,,2.2,1.2,7692
12/03/2020,3.2,-0.5,,2.1,1.2,1449
12/04/2020,5.6,-1.1,,4,2.1,2742.6
12/05/2020,1.2,-2.3,,3.4,1.9,3135.4
12/06/2020,-0.5,-3.3,,2.9,1.7,2714.6
12/07/2020,2.2,-3.1,,3.4,1.7,3352.9
12/08/2020,2.5,-0.5,,3.2,2.5,1294.9
12/09/2020,8.1,-2.4,,4.8,2.3,5042.7
12/10/2020,11.5,-4.2,,4,1.5,6769
12/11/2020,5.5,-0.1,,3.7,1.9,2451.8
12/12/2020,1.8,-1.4,,3.1,2.2,843.7
12/13/2020,0.6,-2,,2.6,2.3,2759.8
12/14/2020,-0.7,-8.8,,2.4,1.2,2521.8
12/15/2020,-2.6,-9.1,,1.2,0.9,4506.7
12/16/2020,-1.9,-6.3,,0.9,0.8,3125.9
12/17/2020,-2.2,-5.7,,0.8,0.7,1615
12/18/2020,3.1,-7.8,,0.7,0.7,3836.9
12/19/2020,2.3,-1.1,,0.7,0.7,553.6
12/20/2020,4.4,-0.1,,1.7,0.7,3724.8
12/21/2020,2.9,-0.8,,2.3,1.3,1327.2
12/22/2020,2.8,-0.2,,3,1.9,2021.4
12/23/2020,10.6,2.1,,5,1.9,1712.8
12/24/2020,6,-8.7,,4.9,2.2,2312.9
12/25/2020,-4.3,-9.1,,2.2,1.6,2971.4
12/26/2020,-2.3,-6,,1.6,1.4,1625.8
12/27/2020,2.9,-4.4,,1.7,1.3,4578.8
12/28/2020,0.5,-5.3,,1.7,1,4792.4
12/29/2020,-2,-9.5,,1,0.7,4382.7
12/30/2020,1.5,-4.1,,0.8,0.7,790.3
12/31/2020,-1,-4,,1.1,0.7,2654.5
01/01/2021,-1.5,-9.6,,1.3,1,1431.1
01/02/2021,-0.2,-3.9,,1.4,1.3,3657.3
01/03/2021,0.2,-2.5,,1.4,1.4,3003.8
01/04/2021,0.2,-2.3,,1.5,1.4,2481.7
01/05/2021,3.1,-2.4,,1.5,1.5,3349.9
01/06/2021,3.9,-1.9,,1.6,1.5,3894.6
01/07/2021,3.1,-6.8,,1.6,1.3,5021.6
01/08/2021,1.3,-11.2,,1.3,0.7,7852.6
01/09/2021,2.9,-13.9,,0.7,0.5,7514.2
01/10/2021,-0.4,-8.5,,0.5,0.5,2596.2
01/11/2021,-0.1,-3.4,,0.5,0.5,1465.6
01/12/2021,1.2,-1.3,,0.5,0.5,1215.5
01/13/2021,4.4,-1.1,,0.5,0.5,3920.5
01/14/2021,4.7,-2.4,,0.6,0.5,4897
01/15/2021,2.2,-0.9,,0.9,0.6,2561.3
01/16/2021,1,-3.3,,1.2,0.9,2587.3
01/17/2021,1.6,-2.5,,1.6,1.2,4312.2
01/18/2021,0,-2.7,,1.5,1.3,2474.4
01/19/2021,-1.2,-8.5,,1.4,1.2,4971
01/20/2021,1.4,-9.4,,1.2,0.8,2976
01/21/2021,4.4,-1.8,,1,0.8,6213.2
01/22/2021,-1.3,-9,,1,0.6,4040.4
01/23/2021,-0.3,-11.2,,0.6,0.5,9545.1
01/24/2021,-0.9,-6.7,,0.5,0.4,2582.2
01/25/2021,-0.5,-10.1,,0.5,0.4,5843.3
01/26/2021,-2,-10.7,,0.4,0.4,4328.9
01/27/2021,-2.7,-11.3,,0.4,0.4,6271.4
01/28/2021,-4.5,-13.7,,0.5,0.4,5637.3
01/29/2021,-1,-15.9,,0.5,0.4,9266.2
01/30/2021,-2.1,-11.9,,0.4,0.4,4006.1
01/31/2021,0.4,-5.3,,0.4,0.4,5682.8
02/01/2021,-0.1,-8.4,,0.4,0.4,9052.3
02/02/2021,2.8,-12.3,,0.4,0.3,10731.2
02/03/2021,4.2,-12.2,,0.4,0.3,10930.9
02/04/2021,3.3,-5.3,,0.3,0.3,4443
02/05/2021,-0.1,-10.9,,0.4,0.3,1546.7
02/06/2021,-8.6,-12.3,,0.4,0.4,1153.1
02/07/2021,-12,-19.1,,0.4,0.4,1507.7
02/08/2021,-9.4,-18.3,,0.4,0.4,1337.8
02/09/2021,-7.6,-18,,0.4,0.4,1819.8
02/10/2021,-7.4,-19.2,,0.4,0.4,1769.6
02/11/2021,-5.7,-20.9,,0.5,0.4,2141.8
02/12/2021,-3.1,-10.9,,0.4,0.4,2784.4
02/13/2021,-5.7,-12.2,,0.4,0.4,2234.9
02/14/2021,-9.2,-14.2,,0.5,0.4,2017
02/15/2021,-10,-14.9,,0.5,0.4,2763.9
02/16/2021,-6.7,-19,,0.5,0.4,11914.8
02/17/2021,-3.3,-22.9,,0.5,0.4,12475.3
02/18/2021,-4.4,-16.1,,0.5,0.4,9952
02/19/2021,-3.5,-13.1,,0.5,0.4,7115.3
02/20/2021,-2.5,-14.8,,0.5,0.4,9227.5
02/21/2021,1.1,-13.4,,0.5,0.5,9747.9
02/22/2021,2,-3,,0.5,0.5,1993.3
02/23/2021,8.1,-0.1,,0.6,0.5,13132.2
02/24/2021,6.1,-3.3,,0.6,0.5,8750.8
02/25/2021,4.4,-9.4,,0.7,0.6,12510.7
02/26/2021,5.2,-8.2,,0.7,0.5,14926.8
02/27/2021,8.3,-1.5,,0.8,0.7,11803.5
02/28/2021,6.8,-0.9,,0.8,0.7,4253.5
03/01/2021,1.7,-12.2,,1,0.7,13929.9
03/02/2021,2,-12.5,,0.8,0.5,15284.7
03/03/2021,10,-2.8,,0.6,0.4,15370.1
03/04/2021,3,-6.9,,1.1,0.4,14851.6
03/05/2021,5.1,-10.5,,2,0.4,16038.8
03/06/2021,4.4,-8.8,,2.9,0.4,16465
03/07/2021,4.6,-10.9,,2.6,0.3,16289.6
03/08/2021,13.3,0.6,,7.6,0.5,15332.7
03/09/2021,18.5,-3.3,,8.9,1.4,14227
03/10/2021,18.1,8.7,,8.3,4.7,4162.9
03/11/2021,16.6,1.9,,10.4,6,14389.7
03/12/2021,7.5,-5.7,,8.3,3,17028.3
03/13/2021,9.7,-9,,7.3,1.5,16401.4
03/14/2021,8.6,-2.1,,7.1,1.7,15454
03/15/2021,3.9,-4.9,,3.9,1.4,9458.6
03/16/2021,4.3,-3.3,,5.2,1.7,7676.5
03/17/2021,7.5,-3.6,,5.9,1.7,9580.2
03/18/2021,9.1,1,,6.8,3,13590.2
03/19/2021,10.4,-3.8,,8.1,1.3,18805.4
03/20/2021,15,-4,,9.4,1.5,19192.6
03/21/2021,19.1,-0.2,,10.3,2.2,18907.5
03/22/2021,19.8,5,,11.4,4.1,17184.7
03/23/2021,22.4,7.2,,12.9,6.4,13897.3
03/24/2021,18,8.7,,12.6,8.9,11090.4
03/25/2021,10.1,4.9,,10.2,7.9,7432.9
03/26/2021,7.8,-1.5,,9.7,6,9903.3
03/27/2021,11.2,-3.6,,8.2,3.7,8572.8
03/28/2021,8.6,0.5,,7.3,4.7,7438.5
03/29/2021,12.6,-5.5,,9.1,2.4,17597.4
03/30/2021,18.2,7.4,,11.5,5,15914.9
03/31/2021,7.9,-3.8,,9.8,4.9,17178.6
04/01/2021,3.4,-6,,7.7,2.5,20373.4
04/02/2021,8,-9.7,,9.3,1.6,21069.5
04/03/2021,15.7,-1.9,,10.9,3.1,19503
04/04/2021,21.3,1,,13.6,4.7,19966.6
04/05/2021,21.4,7,,14.4,8,14927.7
04/06/2021,23.4,9.5,,14.7,9.4,12900.3
04/07/2021,27.2,13.1,,17,11.1,15665.9
04/08/2021,24.5,10.9,,15.8,12.6,9135.2
04/09/2021,17.2,7.5,,13.9,11.6,6179.3
04/10/2021,19.2,5.6,,13.1,9.4,7357.7
04/11/2021,14.8,8.2,,14.1,11.3,8647.3
04/12/2021,17,3.9,,14.8,9.2,16789.6
04/13/2021,12.1,1.6,0.51,14,8.3,17416
04/14/2021,6.2,0.3,0,10.3,7.5,8507.1
04/15/2021,6.1,1.3,0.51,8.5,6.8,7478.5
04/16/2021,11.7,2,0,11.2,6.5,17034.5
04/17/2021,15.1,-1.1,0,13.2,6,19772.8
04/18/2021,16.1,-1.8,0,13.9,6.3,21954.7
04/19/2021,9.1,1.7,2.79,10.7,7.5,6904.7
04/20/2021,3.9,-2.6,0,7.9,5.2,11665.8
04/21/2021,6.5,-4.7,0,9.3,3.7,21176.8
04/22/2021,9.4,-4,0,9.6,3.5,21596.7
04/23/2021,16.4,0.9,0,12.2,5,21410.2
04/24/2021,12.9,3.7,0,9.8,7,5934.2
04/25/2021,9.4,0.4,0,11.5,6.6,22611.1
04/26/2021,16.8,1.8,0,10.7,6.7,12501.4
04/27/2021,22.9,7.6,0,14.4,8.2,13399
04/28/2021,21.2,9.3,0,16,11.8,16231.6
04/29/2021,,,,,,
04/30/2021,10.5,0.5,0.25,12.9,9.3,24076
05/01/2021,22.3,-0.5,0,12.3,7.2,17696.9
05/02/2021,26.7,15.1,0,17.5,11.5,23302.9
05/03/2021,19.4,14.2,1.52,15.7,13.9,4878.1
05/04/2021,16.3,6.5,1.52,14.4,11.6,9537.5
05/05/2021,13.5,3.5,0,13.4,9.4,22354.9
05/06/2021,10.8,1.5,5.08,11.4,9.3,8541.9
05/07/2021,11.2,0.4,0.25,11,8.4,15757.1
05/08/2021,12.1,-1.9,0,11.6,6.8,22169.5
05/09/2021,15.9,1,0,12.3,8,21535.1
05/10/2021,12.8,0.6,0,11.7,7.9,20017
05/11/2021,12.5,-1.1,0,11.2,6.8,22840
05/12/2021,17.6,-2.5,0,13.5,6.6,26934.5
05/13/2021,19.8,-2.1,0,14.6,7.3,26940.2
05/14/2021,21.9,0.4,0,14.7,8.5,22320.1
05/15/2021,21.5,4.9,1.27,14.4,10.2,14686.1
05/16/2021,20.6,9.2,4.06,15,11.6,12754.9
05/17/2021,25.2,7.1,0,17.6,11.2,25949.8
05/18/2021,27.2,9.2,0,18.2,12.7,24296.7
05/19/2021,24.9,16.2,0.25,18,15.2,13083
05/20/2021,29.2,15.7,0,19.9,15.4,19570.6
05/21/2021,28.6,15.8,0,20.5,16.2,22096.4
05/22/2021,29.1,17,0,21.2,17.3,23231.1
05/23/2021,24.6,10,2.29,20.1,17.2,11644.8
05/24/2021,27.6,10,2.79,20,15.1,16535.4
05/25/2021,28.3,18.6,1.27,21.1,17.3,19703.3
05/26/2021,22.8,10.6,11.68,20.2,17.5,21965.6
05/27/2021,13.6,2.8,3.05,17.7,13.4,14222.9
05/28/2021,12.9,1.6,13.21,13.4,10.6,11801.3
05/29/2021,19.3,0.5,0,14.4,9.2,28536.9
05/30/2021,20.2,0.6,0,15.7,10,27670.8
05/31/2021,21.8,6.2,0,16.2,12.4,18099.6
06/01/2021,23.2,7.6,0,18,12.7,27003.3
06/02/2021,25.9,7.7,0,18.5,13.6,23724.9
06/03/2021,27.2,9.4,0,19.8,14.3,26270.8
06/04/2021,29.2,16.1,0,20.5,16.5,21980.3
06/05/2021,29.5,18.7,0,22.7,17,26647.5
06/06/2021,30.1,19.5,0,24.5,18.5,26403.4
06/07/2021,26.1,19.6,11.18,22.2,20.1,8621.6
06/08/2021,30.2,18.8,0,25.1,19.7,21678.5
06/09/2021,32.4,18.1,0,26.7,20.5,21274.6
06/10/2021,32.4,17.8,0,26.8,20.5,24589.2
06/11/2021,32,19,0,27.1,21.1,23844.9
06/12/2021,30.8,15.8,0,26.8,21.3,23545.6
06/13/2021,28.5,13.5,0,25.9,20.2,27889.6
06/14/2021,25.4,14.5,0,24.4,19.8,25820.2
06/15/2021,25.5,11.5,0,24,18.6,26836.2
06/16/2021,25,6.8,0,23.9,17.2,28260
06/17/2021,28.1,5.5,0,22.9,16.8,23623.7
06/18/2021,27.6,17.4,13.21,24.2,19.6,21966.1
06/19/2021,24.2,14.4,4.06,22.2,19.2,10339.4
06/20/2021,27.9,12.2,0,24.1,17.6,20976.9
06/21/2021,19.7,5.3,1.78,21.7,16.9,9618.3
06/22/2021,19.9,3,0,18.4,13.7,19264.3
06/23/2021,22.2,7.9,0,18.3,14.6,10645.8
06/24/2021,20.6,16.3,17.27,17.6,16.1,4165.9
06/25/2021,23.5,18.2,26.42,19.8,17.4,4405.2
06/26/2021,24.4,18.4,63.75,21.6,18.8,4891.3
06/27/2021,25.7,17.1,0,23,20.5,13177
06/28/2021,27.3,15.9,0,23.2,19.6,14051.7
06/29/2021,26.9,20.3,0,23.8,20.9,12446.7
06/30/2021,28.4,18.8,0,25.3,21.1,23550.1
07/01/2021,25.5,14.2,0,24.3,19.9,25366.9
07/02/2021,23.9,9.5,0,22.6,18,24354
07/03/2021,29.6,10.1,0,23.6,18.3,22692.2
07/04/2021,30.9,16.1,0,25.2,19.7,23335.1
07/05/2021,30.3,19.6,0,26,20.7,23654.7
07/06/2021,31.1,20.5,8.13,27.3,22,23584.8
07/07/2021,28.9,18.7,0,25.7,22.3,14908.8
07/08/2021,21.3,15.9,7.11,23.3,21.1,8937.8
07/09/2021,25.5,10.3,0,23.7,19.6,24681
07/10/2021,25.3,8.8,0,22.8,17.9,20129.5
07/11/2021,24.2,16.3,0,22.3,19.4,16789
07/12/2021,24.3,15.1,0,21.9,18.5,12941.9
07/13/2021,25.4,17.5,12.19,23.2,20.4,11974.4
07/14/2021,28.2,16.9,0,25.5,20.2,19780.1
07/15/2021,24.7,15.8,9.65,24,21.4,12338.7
07/16/2021,25,14.2,0,23,19.3,11848
07/17/2021,27.8,14.6,0,25.1,19.1,24009.8
07/18/2021,29.1,12,0,25.5,18.9,22999.8
07/19/2021,28.5,13.7,0,25.4,19.6,20571.9
07/20/2021,28.7,15.2,0,25.8,19.9,22737.2
07/21/2021,26.2,14.2,0,25.1,20.6,21440.9
07/22/2021,27.6,13.7,0,25.2,19.8,21552.8
07/23/2021,30.5,19.3,10.41,26.1,21.5,16930.9
07/24/2021,29.7,19.3,0.76,26.4,22.6,16221.5
07/25/2021,30.4,14.6,0,26.5,20.6,24542.9
07/26/2021,31.5,14.8,0,26.4,20.2,22612.9
07/27/2021,29.4,17.4,0,25.6,21.3,20701.6
07/28/2021,30.2,15.1,0,26.1,20.7,18943
07/29/2021,29.6,18.2,2.03,26.1,22.9,16127.2
07/30/2021,24.3,11,0,24.7,19.4,23533.5
07/31/2021,24.9,8.5,0,24,18.2,22110.5
08/01/2021,24.1,12.2,1.52,23.3,18.9,20467.9
08/02/2021,25.2,8.4,0,23,17.2,18082.7
08/03/2021,27.6,9.5,0,23.5,17.2,21826.9
08/04/2021,28.6,11.7,0,24.1,18.2,20867
08/05/2021,28.6,11.8,0,24,18.6,20406.3
08/06/2021,27.1,16.4,5.33,23.3,19.9,10961.8
08/07/2021,29.4,15.8,0,24.9,19.6,18115
08/08/2021,30.8,19,18.29,24.9,21.1,11794.6
08/09/2021,27.9,19.6,14.22,24.4,21.8,10352.9
08/10/2021,30.2,20.3,34.29,26.3,22,18853.9
08/11/2021,29.3,18.7,21.84,25,22.3,12141.5
08/12/2021,29.3,19.5,3.56,26.3,21.9,20360.2
08/13/2021,27.2,14.3,0,25.2,22,21235.1
08/14/2021,25.9,9.9,0,23.9,19,21451.4
08/15/2021,27.4,9.7,0,23.7,18,22379.1
08/16/2021,26.4,11.7,0,23.7,18.5,22147.4
08/17/2021,29.1,12.7,0,24,18.9,20333.5
08/18/2021,29.6,16.6,0,24.5,20,16033.1
08/19/2021,31.2,15.8,0,25.2,20,20559.8
08/20/2021,31.4,15.7,0,25.5,20.2,19420.1
08/21/2021,31.6,19.2,0,25.8,21.2,18092.7
08/22/2021,29.8,18.1,0,25.4,22.1,17420.5
08/23/2021,28.7,12.8,0,24.4,19.8,18690.6
08/24/2021,32.8,17.5,1.78,25.8,20.6,16083.1
08/25/2021,31.5,17.9,0,26.3,21.2,19540.5
08/26/2021,31.6,20.1,0,25.6,21.9,14674.6
08/27/2021,31.3,19.1,0.25,26.3,21.9,16828.7
08/28/2021,32,22.2,0,27.1,22.8,17079.2
08/29/2021,31.3,20.8,0,27,23.1,16902.3
08/30/2021,28,14.5,0,25.6,20.7,20387.8
08/31/2021,26.2,12.8,0,23.9,19.8,15358.5
09/01/2021,26,11.2,0,23.9,18.7,20446.3
09/02/2021,25.8,7.6,0,23.1,17.4,20116.6
09/03/2021,24.3,11.4,0,21.4,18,11986.6
09/04/2021,22.2,16.6,1.52,20.3,19.1,4299.4
09/05/2021,25.4,12,0.25,21.7,16.8,17972.8
09/06/2021,23.3,8.1,0,21.6,16,19254.8
09/07/2021,27.6,10,10.41,20.3,16.1,8805.7
09/08/2021,23,11.2,0,20.5,15.7,15136.4
09/09/2021,22.7,7.7,0,20.1,14.7,16389.8
09/10/2021,25.4,9.1,0,20.7,14.9,16405.3
09/11/2021,26.7,14.7,0,21.6,16.3,15681
09/12/2021,26.5,15.7,5.84,20.9,18.5,4570
09/13/2021,18.2,13.3,18.54,18.8,17.4,3271.9
09/14/2021,26,14.8,0.25,20.8,17.6,8039.4
09/15/2021,23.9,9.8,0,20.9,16.3,16755
09/16/2021,26.1,9.3,0,20.6,15.3,17550.4
09/17/2021,28.7,12.8,0,21.6,16,16967.6
09/18/2021,25.1,12.7,0,21.2,17,18020.8
09/19/2021,29.1,12.1,0,21.6,16.1,16789.1
09/20/2021,25.3,16.8,0.25,20.9,18.1,7734.4
09/21/2021,22.5,12.8,2.29,20,18.1,5453.2
09/22/2021,17.7,10.8,0,18.1,15.9,9964.9
09/23/2021,12,8.3,13.72,15.9,13.8,4471.6
09/24/2021,22.6,6.9,0,17.7,13.1,15104.1
09/25/2021,18.9,9.4,4.32,17.7,14.7,15212.2
09/26/2021,23.8,7.4,0,17.4,13.6,11385.2
09/27/2021,26.4,15,0,20.1,15.4,15025.3
09/28/2021,22.6,6,0,18.7,14.5,15826.5
09/29/2021,25.1,8.7,0,18.7,14,15207.3
09/30/2021,25.1,8.8,0,18.7,14,15026.9
10/01/2021,27.2,9.6,0,18.8,13.9,14870.8
10/02/2021,25,13.9,1.02,19.1,15.4,9214.6
10/03/2021,23,17.5,14.22,19.4,17.7,4292.4
10/04/2021,19.5,16.3,5.08,18.6,17.6,3274.4
10/05/2021,22.9,13.9,0,19.2,17,8264.1
10/06/2021,20.2,10.8,0,18,15.6,6019.1
10/07/2021,19.3,15.6,0,18,16.7,3092.2
10/08/2021,24.9,15.8,33.27,19.9,17.2,7570.6
10/09/2021,22.9,15.3,0,19.4,17.4,6836.5
10/10/2021,24.9,16.9,1.27,19.6,17.5,5798.7
10/11/2021,25.6,16.3,5.59,20,17.9,5292.4
10/12/2021,19.5,15.5,8.89,18.9,17.8,2777.7
10/13/2021,22.5,15.6,0.25,19.3,17.6,8035.6
10/14/2021,20.8,9,5.33,19,16.4,5319.6
10/15/2021,20.3,6.7,1.27,17,14.3,7410.2
10/16/2021,12.2,6.2,0.76,15.2,13.1,4635.4
10/17/2021,17.2,4.5,0,14.2,11.3,12751.8
10/18/2021,20.9,1.9,0,14.2,10.2,12554.5
10/19/2021,22.9,6,0,14.8,10.6,11681.5
10/20/2021,22.8,10.3,2.54,15.6,12.2,10274.7
10/21/2021,15.9,4.3,10.41,14.9,12.7,3492.7
10/22/2021,11,1,0.51,12.9,10.9,7458.5
10/23/2021,12.5,0.8,0.25,12.4,10.3,5873.6
10/24/2021,11.3,-1.2,2.79,11.1,8.3,6136.2
10/25/2021,9.8,4.8,11.94,10.5,9.7,3012.2
10/26/2021,12.1,-0.6,0,10.7,8,11339.7
10/27/2021,10.3,-1,0,9.8,7.1,3553.5
10/28/2021,16.3,9,1.78,12.3,9.8,8375.1
10/29/2021,12.7,8.9,6.1,11.8,10.8,1957.6
10/30/2021,14,4.8,0.25,12.1,10.6,3681.6
10/31/2021,13.1,0.6,0,10.6,8.5,3703.7
11/01/2021,8.4,1.2,0,9.3,7.3,5952.2
11/02/2021,6.6,-2.5,0,8.3,6.9,5658.4
11/03/2021,6.6,-5.7,0,7.2,4.9,5783.3
11/04/2021,8.9,-0.6,0,8.2,5.9,8200.3
11/05/2021,11.4,-1.3,0,7.7,5.3,5687.8
11/06/2021,14.2,1.9,0,8.6,5.7,8592.8
11/07/2021,18.4,5.1,0,10,6.4,8130.4
11/08/2021,17.6,4.7,0,10.7,7.6,8966.8
11/09/2021,14,-0.9,0,10.1,7.3,5439.8
11/10/2021,13.3,-4.2,0,8.4,5.2,6971.1
11/11/2021,14.5,3.9,5.59,9.5,7.5,2186.7
11/12/2021,4.2,-0.3,12.45,8.1,5.6,1602.8
11/13/2021,6.4,-0.9,6.35,6.7,5.4,4229.7
11/14/2021,2.6,-0.6,8.13,5.9,4.5,1231.2
11/15/2021,3,-0.5,0.51,5.5,4.4,2897.6
11/16/2021,7.2,-4.1,0,5.9,3.3,6886
11/17/2021,13.9,4.9,2.29,8.1,5.1,870.7
11/18/2021,5.5,-1.5,0,6.9,4.4,1417.6
11/19/2021,5.9,-1.8,0,5.9,4.2,5677.5
11/20/2021,6.7,-1.5,0,5.6,4,2919.8
11/21/2021,9.7,-2.3,0,6.1,3.6,3216.9
11/22/2021,1.6,-5.8,0,4,2.3,7446.3
11/23/2021,5.4,-9.6,0,2.3,1.5,7785.2
11/24/2021,10.1,1.1,0,4.8,1.8,5055
11/25/2021,8.9,-3.7,0.51,5.3,3.7,1755.9
11/26/2021,-1.4,-7.9,0,3.7,2,3050
11/27/2021,-1.7,-5.6,0,2.5,1.7,1012.4
11/28/2021,1.8,-3,3.81,3,2.5,3555.2
11/29/2021,3.5,-6.1,0,3.1,1.9,4308.8
11/30/2021,3.7,-2.8,2.79,3.6,2.4,2842.6
12/01/2021,8.1,-3.8,0,4,1.8,1595.5
12/02/2021,9.7,1.1,0,5.4,4,3226.9
12/03/2021,2.1,-0.5,0,4.4,3.6,1277.8
12/04/2021,2.7,-1.7,0,4,2.7,4937.8
12/05/2021,0.4,-2.7,0,2.7,2.3,645.2
12/06/2021,1.8,-8.5,3.56,2.8,2.5,2146.5
12/07/2021,-5.5,-10.1,0,2.8,2.6,4932.7
12/08/2021,-1.6,-7.1,2.03,2.8,2.7,4867
12/09/2021,2.1,-5.3,0.25,2.8,2.7,2019.8
12/10/2021,3.8,-0.4,17.53,2.8,2.4,4010.1
12/11/2021,13.4,-0.2,2.79,4.2,2.1,1570.9
12/12/2021,8.5,-0.9,0,3.1,1.4,6820.4
12/13/2021,9.1,-2,0,4.3,2.1,6604.6
12/14/2021,7.4,-3.5,0,3.8,1.5,4569.2
12/15/2021,17.3,4.9,7.87,8.4,3.8,844.2
12/16/2021,17.9,0.5,0,9.3,3.9,2287.2
12/17/2021,1.8,-3.3,0,3.9,2.3,7100.5
12/18/2021,0.8,-2.9,0.25,2.7,2,2558.6
12/19/2021,0.4,-2.9,0.25,2.9,1.8,2879.5
12/20/2021,3.7,-1.7,0,3.2,1.9,2277.7
12/21/2021,3,-7.7,0,2,1.2,3804.9
12/22/2021,-4.1,-8.8,0,1.4,0.9,3102.4
12/23/2021,0.5,-8.1,0,1,0.8,1292.1
12/24/2021,9.1,-1.5,2.03,3.1,0.8,1322.6
12/25/2021,9.2,-1.4,1.02,4.7,2.6,3736.4
12/26/2021,2.9,-7,0,2.6,1.3,6577
12/27/2021,2.3,-2.1,5.33,1.7,1.3,1394
12/28/2021,0.7,-4.2,0,1.7,1.2,1266.5
12/29/2021,0.8,-4.4,0.25,1.8,1.4,2415.8
12/30/2021,0.3,-5.5,2.03,1.9,1.7,3813.7
12/31/2021,2.3,-0.9,1.52,2.1,1.9,2346.9
01/01/2022,0.4,-9,0.25,2,1.2,1459.7
01/02/2022,-4.2,-10.7,0.25,1.3,1.1,5258.9
01/03/2022,-1.3,-11.4,0,1.1,0.9,7205.3
01/04/2022,0.4,-8,0,1,0.8,5154.8
01/05/2022,1.7,-7.8,0,1.4,0.9,3337.2
01/06/2022,-4,-15.9,0,1.6,1.3,5477.3
01/07/2022,-5.2,-19.9,0,1.6,1.6,7302.9
01/08/2022,-0.6,-12.4,0,1.6,1.6,4916.9
01/09/2022,0.6,-12.7,0,1.6,1.6,5142.5
01/10/2022,-11,-14,0,1.6,1.4,4165.8
01/11/2022,2,-13.9,0,1.4,1.3,6497.3
01/12/2022,4.7,-2.5,0.76,1.5,1.4,4784.9
01/13/2022,2.2,-2.3,0,1.6,1.5,4432.5
01/14/2022,-0.1,-13.9,0,1.6,1.4,3180.7
01/15/2022,-7.8,-15.6,0,1.4,0.9,7976.1
01/16/2022,-4.4,-17.8,0,0.9,0.7,7264.3
01/17/2022,-1.9,-9.1,0,0.8,0.7,1511
01/18/2022,4.3,-3.7,0,0.9,0.7,3189.3
01/19/2022,4.3,-9.5,0,1.1,0.9,3143.4
01/20/2022,-8.2,-10.8,0,1.1,0.8,4127
01/21/2022,-6.1,-15.8,0,0.8,0.6,8144
01/22/2022,-3.1,-10,0,0.6,0.6,2037.4
01/23/2022,-5.9,-12.9,0.51,0.6,0.6,6669.4
01/24/2022,-5.9,-9.9,0,0.6,0.6,4867.7
01/25/2022,-8.5,-14,0,0.7,0.6,5549.1
01/26/2022,-8.6,-21.1,0,0.7,0.6,6296.2
01/27/2022,-1.6,-13.5,0.25,0.8,0.7,2812.4
01/28/2022,-5.8,-14.7,0,0.8,0.7,8959.4
01/29/2022,-5.5,-15.2,0,0.8,0.7,6113.2
01/30/2022,-3.4,-10,0,0.8,0.7,4606.9
01/31/2022,-1.4,-9.6,0,0.9,0.8,5334.4
02/01/2022,6.7,-5.5,0.51,0.9,0.8,4894.6
02/02/2022,1.7,-7.6,0,1,0.9,2995.2
02/03/2022,-6.9,-14.3,0,0.9,0.6,5565.6
02/04/2022,-6.7,-19.8,0,0.7,0.5,8801.5
02/05/2022,-5,-17.5,0,0.5,0.4,6737.5
02/06/2022,0.3,-9.8,0,0.5,0.4,6153.3
02/07/2022,-0.8,-6.4,0,0.4,0.4,2846.5
02/08/2022,0,-7.1,0.25,0.5,0.4,9675.8
02/09/2022,2.4,-2.2,0.76,0.5,0.4,2804.3
02/10/2022,-0.2,-3.9,0,0.5,0.4,2943.8
02/11/2022,4.5,-6.8,5.59,0.6,0.5,3377.2
02/12/2022,-6.4,-10.9,0,0.7,0.6,6607.1
02/13/2022,-6.5,-15.4,0,0.6,0.5,9283.5
02/14/2022,-6.7,-15.5,0,0.5,0.4,5664.2
02/15/2022,-2,-8.9,0.25,0.5,0.4,6808.5
02/16/2022,9,-4.4,11.18,0.5,0.4,920.7
02/17/2022,4.5,-8.7,5.84,0.5,0.4,3841
02/18/2022,-0.5,-10.3,0.25,0.6,0.5,11079.6
02/19/2022,-2.5,-13.1,0,0.5,0.4,9465.8
02/20/2022,6.5,-10.8,0.25,0.4,0.3,12759.5
02/21/2022,2.4,-2.5,0,0.4,0.3,5768.4
02/22/2022,2,-5.5,12.45,0.4,0.3,1602.5
02/23/2022,-5.1,-9.7,0,0.4,0.4,7693.8
02/24/2022,-3.4,-12.4,0,0.4,0.3,12295.4
02/25/2022,-3.2,-10.9,1.27,0.3,0.3,13257.4
02/26/2022,-1,-7.9,0,0.3,0.3,13980.2
02/27/2022,1.3,-6,0,0.3,0.3,14069.5
02/28/2022,3.4,-5.9,0,0.3,0.3,8515.5
03/01/2022,5.8,-5,0,0.4,0.3,10815.1
03/02/2022,3.5,-7.1,0,0.3,0.3,6419.1
03/03/2022,-0.6,-9.7,0,0.3,0.2,14015.6
03/04/2022,4.1,-10.5,0,0.3,0.1,13080.4
03/05/2022,17.9,0.2,1.02,3,0.2,10615.5
03/06/2022,15.8,-0.1,0.25,4.2,1.7,2325.3
03/07/2022,1.1,-2.2,4.83,1.7,1,6931
03/08/2022,2.2,-4.3,0,3.1,0.7,13756.6
03/09/2022,1.9,-4.6,0,2.5,0.5,11708.2
03/10/2022,-0.8,-7.7,0,1.5,0.5,11719.3
03/11/2022,0.5,-9.6,0,1.5,0.4,11312.4
03/12/2022,-8.9,-13.4,0,0.7,0.4,10675.9
03/13/2022,4.6,-12.7,1.02,0.4,0.3,14326.3
03/14/2022,10.2,-2.3,0,4.3,0.3,11269.5
03/15/2022,10.2,-0.1,0,6.7,1.4,12605.9
03/16/2022,18.7,-1.5,0,7.9,1.3,11897.7
03/17/2022,20.4,6.6,0,10.3,3.8,12090.2
03/18/2022,9.5,3.2,4.06,7.7,5.1,4025.8
03/19/2022,5.1,1.8,2.03,5.5,4.3,2383.2
03/20/2022,13.9,-2.8,0,10.1,2.6,18552.5
03/21/2022,16.9,-1.5,0,8.7,3.3,10263
03/22/2022,6.6,2.3,0,6.2,4.5,3644.1
03/23/2022,6.7,3,11.68,5.9,4.4,2328.3
03/24/2022,7.4,-0.3,6.1,6.1,4.5,3930.6
03/25/2022,7.8,-0.3,2.29,7.9,3.8,10237.7
03/26/2022,1,-4.7,0.51,5.2,2.3,6110.9
03/27/2022,-3.9,-7.6,0,3.7,1.5,16524.1
03/28/2022,-0.5,-10.8,0,4,0.9,18764.9
03/29/2022,5,-9.5,0,4.1,0.8,14805
03/30/2022,13.1,-0.4,30.48,6.6,2,3097.6
03/31/2022,12.9,-1.1,18.29,7.1,4,6522.8
04/01/2022,2.5,-3.6,0,4.5,2.5,7608.5
04/02/2022,4.9,-4.4,3.05,4,1.4,6818.1
04/03/2022,7.4,-0.4,2.79,6.9,2.5,9863
04/04/2022,4.6,0,8.64,5,3.3,3239.6
04/05/2022,10.5,1.1,0,8.2,4,10561.4
04/06/2022,12.2,4.2,18.8,9.3,5.4,7956.3
04/07/2022,6.5,3.1,0,7.5,5.6,7260.7
04/08/2022,6.5,-1.4,1.52,7.6,4.9,7344.9
04/09/2022,4.2,-2.2,0.25,6.1,3.4,8443
04/10/2022,15.1,-4.5,0,10.6,1.8,21443.8
04/11/2022,14,4,0.25,10.6,5.9,14498
04/12/2022,19.7,-0.8,0,12,4.7,18501.5
04/13/2022,19.4,11.7,22.1,12.9,9.7,2635.5
04/14/2022,12,1,2.03,12.2,7.5,19456
04/15/2022,6.4,1.6,0,8.2,5.4,12404.3
04/16/2022,2.1,-2.8,0,6.2,3.6,6665.3
04/17/2022,8.5,-2.7,0,10.2,2.9,23741.2
04/18/2022,2.7,-1,4.57,6.5,4.5,6138
04/19/2022,6.2,-1.6,0.51,6.9,4.1,11144.6
04/20/2022,13.1,-3,3.3,8.7,2.8,13364.2
04/21/2022,16.8,6.3,10.41,13,6.7,20753.3
04/22/2022,12.1,1.9,25.65,9.5,6.4,7770.2
04/23/2022,27.4,7.2,0,15.5,7.8,20764.3
04/24/2022,22.6,12.5,9.4,14.5,12.7,4755.9
04/25/2022,12.8,3.8,0.25,13.5,10.1,12740.2
04/26/2022,6,0.6,1.02,10.1,7.4,9063.9
04/27/2022,8.1,-2.8,0,11,5.5,23076.2
04/28/2022,13.4,-2.1,0,11.3,5.2,21246.7
04/29/2022,16.9,5.5,0,13,7.8,19229.9
04/30/2022,13.7,6.6,15.75,10.5,8.6,5502.1
05/01/2022,14.5,7.2,10.41,10.6,8.6,7310.6
05/02/2022,11,6.8,0,10.4,8.8,6867.2
05/03/2022,10.1,5.6,14.99,9.6,8.6,3409.7
05/04/2022,18.3,3.1,0,14,7.7,25399.3
05/05/2022,16.1,3.1,0,12.9,8.9,15302.9
05/06/2022,17.7,8.4,0,11.7,10,10869.7
05/07/2022,19.4,6.6,0,14.1,8.3,26675.7
05/08/2022,19.8,2.8,0,14,8.8,19740.9
05/09/2022,25.6,8.8,0,16.1,10.1,25226.1
05/10/2022,28.6,16.3,0,18.3,13.4,19804.2
05/11/2022,28.1,19.7,0,18.3,15.8,7947.2
05/12/2022,31,16.3,0,19.1,15.1,23170.9
05/13/2022,30.1,14.1,0,19.6,14.7,25103.5
05/14/2022,28.7,13.5,0,19.1,15.7,20218.7
05/15/2022,24.8,9.4,0,17.4,14.3,13236.3
05/16/2022,22.2,8.2,0,17.6,13.5,24861.3
05/17/2022,17.3,2.7,0,16.5,12,25110.5
05/18/2022,11.8,4.4,3.3,13.9,12.4,3540.3
05/19/2022,22.1,9.6,0.25,15.8,12.6,12365.8
05/20/2022,28.2,14.8,10.16,17.8,14.6,12633.4
05/21/2022,17.7,10.3,10.67,16.3,15,9408.7
05/22/2022,15.2,5.1,0,15.9,13.8,20540
05/23/2022,16.9,1.7,0,14.9,10.8,24556.3
05/24/2022,18.3,7.1,0,15,12.4,15562.1
05/25/2022,19.1,9.9,8.64,14.6,12.7,5413.9
05/26/2022,24,16.2,3.56,17.1,14.6,11367.9
05/27/2022,20.5,10.4,0,16.9,15.2,16872.9
05/28/2022,21.7,5.7,0,16.8,12.9,21169.8
05/29/2022,27.6,11.2,0,18.4,14.5,23300.8
05/30/2022,30.1,18.4,0,19.7,16.3,25427.2
05/31/2022,28.9,20.1,0,20.1,17.5,20526
06/01/2022,22.5,10.7,2.29,19.3,17.1,19856.8
06/02/2022,22.2,8.4,0,18.5,15.1,26755.8
06/03/2022,23,7.7,0,17.9,14.6,27881.2
06/04/2022,21.9,5.1,0,16.8,13.3,19270.3
06/05/2022,19.8,10.3,2.29,16,14.3,7963.3
06/06/2022,22.5,13.4,1.27,16.7,15,8350.8
06/07/2022,21,9.1,0,17.6,15.2,23470
06/08/2022,16.3,7.5,6.86,15.8,13.6,5084
06/09/2022,22.3,8.5,0,17.6,13.5,27225.6
06/10/2022,,,,,,
06/11/2022,21.3,11.9,0,18.9,14.4,18139.7
06/12/2022,26.2,12.6,0,21,15.8,23449.1
06/13/2022,27.4,12.9,20.83,21.5,16.6,17340.2
06/14/2022,31.8,17.1,0.25,23.3,18.1,18788.9
06/15/2022,32.1,22.3,0,25.3,20.3,25030.5
06/16/2022,29.8,19.1,9.14,25.1,21.1,26435.4
06/17/2022,25.6,12.8,0,23.7,19.1,27834.1
06/18/2022,24.5,7.2,0,22.6,16.9,28486.6
06/19/2022,25.3,8.5,0,22.9,16.8,25696.7
06/20/2022,28.9,15.6,0,23.3,18.8,22081.5
06/21/2022,33.3,17.9,0,25,18.9,26292.1
06/22/2022,28.3,15.1,0,25.6,20.6,27677.6
06/23/2022,28.6,9.1,0,24.6,18.7,28342
06/24/2022,30.9,10.9,0,24.9,18.7,26783.6
06/25/2022,28.6,15.5,0,23.5,19.9,15503.2
06/26/2022,24.4,15.4,0,24.5,20.4,24371.6
06/27/2022,20.8,7.2,0,22.9,18.1,27385.8
06/28/2022,27.6,7,0,23.1,17.1,26049.4
06/29/2022,27.9,14.5,8.38,23.5,19.1,23489
06/30/2022,30.4,15.3,0,23.9,19.3,25047.2
07/01/2022,27.5,12.8,0,24.3,20.5,19468.6
07/02/2022,27.9,11.6,0,23.7,18.4,26247.9
07/03/2022,30,11.4,0,24.2,19,25523.1
07/04/2022,30.2,15.4,3.05,23.6,20.2,15590.1
07/05/2022,30.3,20.1,12.45,25.2,21.1,21689
07/06/2022,26.5,18.7,0,24.2,21.4,16140
07/07/2022,28.9,15.6,0,23.9,20.4,18055.9
07/08/2022,27.1,16.5,0,23.2,20.3,14299
07/09/2022,28,11.8,0,23.8,18.7,27162.3
07/10/2022,28.6,7.6,0,23.6,18.1,26387.8
07/11/2022,25.3,14.9,20.83,22,19.7,8471.1
07/12/2022,24.9,15.4,0.25,22.7,19.2,19655.8
07/13/2022,26.1,15.3,1.02,23.3,19.7,18717
07/14/2022,27.4,13.1,0,23.4,18.9,24848.3
07/15/2022,23.3,10.7,14.48,21.7,18.6,7861
07/16/2022,27.7,17.7,0,23.3,19.4,18626.6
07/17/2022,28.7,18.5,0,24.3,20.5,19216.2
07/18/2022,30,15.2,0,25.1,20.3,25578.8
07/19/2022,30.2,19,0,25.4,21.3,21102.3
07/20/2022,28.4,20.4,0.25,25.2,22.3,19819.8
07/21/2022,29.4,17.6,0,25.8,21.5,22718
07/22/2022,31.2,15.4,0,25.6,20.9,25278.1
07/23/2022,30,19.2,21.59,25.1,21.8,18895.8
07/24/2022,26.8,17.7,27.18,23.5,21.5,8163.5
07/25/2022,23.4,12.2,55.12,23,19.5,25231.4
07/26/2022,26.5,11.1,0,23.5,19.1,24469.9
07/27/2022,26.6,13.7,0,23.4,20,17337.2
07/28/2022,24.5,14.4,3.3,23.6,20.6,24258.4
07/29/2022,24.7,11.9,0,22.8,19.1,23274.5
07/30/2022,27.4,11.8,0,23.3,18.9,24072
07/31/2022,28.2,13.2,0,23.7,19.6,23229.9
08/01/2022,27.2,18.6,7.11,23.2,20.8,11957
08/02/2022,27.9,13.1,0,24,19.9,23880.2
08/03/2022,26.8,20.5,5.59,23,21.5,5610.7
08/04/2022,30.4,20.6,0,24.9,21.7,15718.5
08/05/2022,30.9,18.7,0,25.2,21.9,18604.2
08/06/2022,32.1,20.1,0,26.1,22.3,22223
08/07/2022,28.5,22.7,0,24.9,23.6,7924.2
08/08/2022,24.9,17.5,1.78,23.8,22.7,7077.4
08/09/2022,26.1,10.1,0,23.6,19.9,23989.4
08/10/2022,27.7,10.4,0.51,23.6,19.2,23260.5
08/11/2022,25.8,11.5,0,23.2,20.2,22631.4
08/12/2022,25.4,7.2,0,22.3,18.4,23184.1
08/13/2022,14.6,10.8,42.67,20.8,17.4,1019.3
08/14/2022,22.8,12.6,0,19.9,17.3,11132.8
08/15/2022,27.1,13.7,0,21.7,18.1,21770.5
08/16/2022,27.8,11.2,0,21.9,18.1,21544.8
08/17/2022,27.7,12.6,0,22.3,18.7,22152
08/18/2022,27.6,11.9,0,22.2,18.5,21838.4
08/19/2022,28.1,14.1,0,22.3,18.9,21034
08/20/2022,26.5,16.6,1.52,21.9,19.9,13397.1
08/21/2022,27.5,14.9,1.52,22.5,19.7,16298.4
08/22/2022,26.4,12.9,0,22.8,19.6,20842
08/23/2022,27.5,9.2,0,22.1,18.2,20374.5
08/24/2022,29.9,13.2,0,22.8,19.1,21444.9
08/25/2022,23.9,15,4.32,21.4,19.7,4973.4
08/26/2022,25.9,14.1,0.25,22.2,19.6,18908.8
08/27/2022,27.1,13.1,0,21.7,18.8,16945
08/28/2022,29.8,15,35.31,22.1,19,15538.8
08/29/2022,26.7,19.2,32.26,21.6,20.8,5257
08/30/2022,23.8,14.5,0,21.6,20.2,16154.2
08/31/2022,26.3,12.8,0,21.7,18.5,20211.3
09/01/2022,29.3,12.2,0,22,18.6,19912.7
09/02/2022,29,18.1,0,22.4,19.9,17234.1
09/03/2022,28.9,16.9,0,22.6,19.9,13741.5
09/04/2022,20.1,13.7,0,21.8,19.9,7321.7
09/05/2022,20.4,12.3,0,19.9,18.8,6342.7
09/06/2022,25.6,15,0,20.9,19,12400
09/07/2022,26.8,10.6,0,21,17.8,18615.2
09/08/2022,27.7,9.3,0,20.8,17.4,19177.9
09/09/2022,27.5,13.6,0,20.8,17.8,19199.4
09/10/2022,28.7,14.1,0,21.2,18.3,17203.6
09/11/2022,18.5,13.4,26.42,20,18.6,2796
09/12/2022,20.4,13.9,0,19.4,18,13196.7
09/13/2022,23.8,10.1,0.25,19.5,17.4,11397.7
09/14/2022,24.8,11.1,0,19.9,16.8,16050.5
09/15/2022,24.8,11.3,0,19.6,17.3,14614
09/16/2022,27.2,14.4,0,20.1,17.3,15515.6
09/17/2022,27.9,15.8,0,20.4,18.1,13872.9
09/18/2022,27.8,17.9,1.02,21.4,19.1,15775
09/19/2022,25.6,11.9,0,21.3,19.1,16762.5
09/20/2022,22.7,9.6,10.92,19.7,17.4,5205.7
09/21/2022,26,13.3,0,19.8,17.9,11348.4
09/22/2022,15.8,4.1,0,18.8,16.4,13202.3
09/23/2022,17.1,0.5,0,16.4,13.8,13876.7
09/24/2022,15.5,9.2,0.76,15.6,14.9,3052.1
09/25/2022,17.7,10,0.76,16.4,15.3,7287.8
09/26/2022,13.8,9.2,6.86,15.8,14.7,4827.9
09/27/2022,12.7,6.4,1.78,15,13.8,9192.4
09/28/2022,11.3,7.4,0,14.4,13.7,5938
09/29/2022,17.1,1.5,0,14.9,12.4,16068.2
09/30/2022,19.8,4,0,14.9,11.9,15354.4
10/01/2022,21.8,4,0,15.1,11.9,15588.2
10/02/2022,18.8,5.3,0,15.3,13,15568
10/03/2022,20.4,-0.5,0,14.2,11.1,15803.6
10/04/2022,22,1.9,0,14.4,10.8,14695.7
10/05/2022,23.2,4.8,0,14.7,11.8,12828
10/06/2022,20.7,5.8,2.79,14.3,12.4,7330.7
10/07/2022,11.2,0,0,13.4,11.7,10290.2
10/08/2022,11.7,-0.9,0,12,10.4,11335.7
10/09/2022,17.3,2.4,0,12.2,9.5,9066.5
10/10/2022,19.4,1.5,0,13,10.1,13751.4
10/11/2022,23.2,2.5,13.97,13.1,10.1,10452
10/12/2022,18.1,5.2,27.69,13.6,12.4,3264.7
10/13/2022,10.5,2.8,10.16,12.4,11.1,5447.1
10/14/2022,10.5,2.1,8.64,11.1,9.9,5391.3
10/15/2022,9.4,0.9,3.3,10.6,9.4,7241.5
10/16/2022,10.4,0.7,4.32,10.4,9.2,4157.2
10/17/2022,8.2,1.6,11.68,10.1,9.1,5889.2
10/18/2022,5,1.7,2.29,9.3,8.4,4509.3
10/19/2022,6.8,0.3,0.25,9.2,8.2,6833.6
10/20/2022,11.8,0.4,0,9.2,7.8,7869.7
10/21/2022,21.1,0.8,0,10.1,7.3,11812.8
10/22/2022,24.8,9.9,0,12,9.3,11630.9
10/23/2022,24.6,10.5,0,12.9,10.5,9054.8
10/24/2022,23.4,14.2,0.76,13.8,12.2,6718
10/25/2022,18.3,10.7,14.73,13.5,12.4,1923.3
10/26/2022,11,0.1,11.18,12.9,10.4,3268.7
10/27/2022,12.4,-2.9,0,10.4,8.2,10871.8
10/28/2022,15.3,-0.1,0,10.3,8,10811.7
10/29/2022,18.8,1,0,10.2,7.6,11191.8
10/30/2022,18.3,3.2,0,10.3,7.9,8154
10/31/2022,18.4,7.2,0,11.5,9.7,5831.2
11/01/2022,19.6,6,0,11.8,9.9,8439.7
11/02/2022,20.5,3.9,0,11.2,8.7,10170.9
11/03/2022,22.1,7.8,0,11.8,9.4,10029.8
11/04/2022,18.8,12.6,15.75,12.1,10.7,1406
11/05/2022,19.1,8.6,12.95,12.8,11.7,1431.8
11/06/2022,15.7,4.7,0,11.7,10.2,5898
11/07/2022,10.4,0.5,0,10.4,8.8,9983
11/08/2022,11.6,-2.1,0,9.2,7.5,8809.7
11/09/2022,14,2,0,9.3,7.5,3449.5
11/10/2022,24.3,10.3,0,11.7,8.9,8405.4
11/11/2022,15.2,0.4,0,11.2,8.9,2731.9
11/12/2022,3.9,-0.8,0,8.9,7.4,4379.4
11/13/2022,1.9,-1.9,0.51,7.4,6.5,3661.4
11/14/2022,3.2,-3.5,0,6.6,5.9,3550.4
11/15/2022,0.2,-3.7,2.29,6,5.1,2583.2
11/16/2022,4.2,-5.5,3.81,5.6,4.6,5203.7
11/17/2022,0,-3.9,0.25,5.1,4.4,546.7
11/18/2022,-1.8,-5.8,0,4.6,4.6,445.1
11/19/2022,-2.7,-9.3,0,4.6,4.3,586.8
11/20/2022,-2.5,-9.2,0,4.3,3.9,1079.9
11/21/2022,4.5,-5.7,6.86,4.2,4.1,8262.7
11/22/2022,6,-7.4,0,4.2,3.7,6053.2
11/23/2022,9.4,-4.5,0,3.9,3.2,7631.7
11/24/2022,11.2,0.6,0.25,4.5,3.3,4997.9
11/25/2022,9.2,1,0,5.8,4.5,7827.8
11/26/2022,12.5,1.3,0.25,5.4,3.6,7857.2
11/27/2022,7.8,2,0,5.4,4.4,2478.8
11/28/2022,5.2,-4.2,0,5.1,3.7,4420.1
11/29/2022,12.4,2.6,2.54,6.4,4.2,3324.6
11/30/2022,12.3,-4.7,0.25,6.7,3.3,930.7
12/01/2022,2.8,-4.6,0,3.5,2.6,7077.9
12/02/2022,10.7,-0.6,0,4.4,2.7,2007.3
12/03/2022,8.8,-7,2.79,5.1,2.8,2271.2
12/04/2022,3,-7.3,0,2.8,2,7272.5
12/05/2022,5.6,-2,0,2.7,1.8,3212.7
12/06/2022,5.4,0.2,1.02,3.8,2.7,2153.7
12/07/2022,5.7,-2.6,0,4,2.9,3492.6
12/08/2022,1,-2.8,0,4.1,3.3,3252.7
12/09/2022,0.4,-4.5,0,3.6,2.4,1585.9
12/10/2022,0.9,-1.3,0,2.9,2.4,1630.7
12/11/2022,2.2,-0.7,0.76,3.5,2.8,1324
12/12/2022,1.3,-0.5,0,3.4,3.1,1449
12/13/2022,2.2,-1.7,0,3.5,2.8,3922.8
12/14/2022,2.5,-1.8,0,2.9,2.3,1696.7
12/15/2022,3.7,-0.6,10.41,3,2.4,896.7
12/16/2022,-0.2,-3.7,0,2.7,2.3,1503.2
12/17/2022,-1.6,-4,0,2.7,2.5,893.3
12/18/2022,-2.5,-6.2,0,2.7,2.7,303.6
12/19/2022,-3.8,-7.4,0,2.7,2.7,559.9
12/20/2022,-0.4,-9.9,0,2.7,2.7,834.1
12/21/2022,-6.1,-14.5,0,2.7,2.6,1036.2
12/22/2022,0.7,-11.8,0,2.6,2.5,880.6
12/23/2022,-11.5,-15.9,0,2.6,2.4,3268.4
12/24/2022,-9.9,-13,0,2.5,2.4,2343.8
12/25/2022,-8.6,-10.9,0,2.5,2.4,2958.2
12/26/2022,-5.3,-9.3,0,2.5,2.5,3207.1
12/27/2022,-3.7,-8.9,0,2.5,2.5,3647.6
12/28/2022,4.8,-6.2,5.84,2.5,2.4,5296.9
12/29/2022,9.8,3.2,0,3.2,2.2,1222.2
12/30/2022,12.6,2.1,0,5.7,3.2,4165.9
12/31/2022,2.6,-1.6,0,4.9,3.7,2202.7
01/01/2023,4.2,-0.9,3.81,3.8,3.2,980.7
01/02/2023,3.6,1.1,0,4.3,3.6,1940
01/03/2023,4,1,8.89,4.3,3.8,1133
01/04/2023,6,0.3,1.27,5.1,4.2,2117.5
01/05/2023,1.7,-0.5,2.03,4.5,3.4,1349
01/06/2023,2.1,-1.3,0.76,3.9,3.2,2091.5
01/07/2023,-0.1,-2.1,0,3.4,2.7,1775.3
01/08/2023,-0.4,-2.6,0,2.8,2.3,2350.8
01/09/2023,4.4,-2.4,0,3.1,1.9,4520.4
01/10/2023,3.9,-1.1,0,3.4,2.1,3222.1
01/11/2023,6.5,-0.2,0.25,3.9,2.6,2935.2
01/12/2023,3.7,0.5,0,3.9,3.3,2234.8
01/13/2023,0.9,-5,0,3.3,2,3131.5
01/14/2023,0.8,-9.3,0,2,1.4,7355
01/15/2023,5.5,-5.9,0,1.4,1.2,6326.9
01/16/2023,5.5,0,11.68,2.1,1.2,987.8
01/17/2023,7,2,5.59,3.4,2.1,558.2
01/18/2023,2.5,0.5,0,3.6,2.9,2475.5
01/19/2023,4.5,0.2,6.86,3.5,2.7,1207.6
01/20/2023,0.9,-1.8,0,3.4,2.5,2831.5
01/21/2023,0,-2.1,0,2.5,2,1584.7
01/22/2023,0.4,-2.1,0.76,2.5,1.7,2808.4
01/23/2023,-0.1,-4.2,0,2.2,1.6,1907.2
01/24/2023,0.8,-2.6,0.76,1.9,1.5,2403.3
01/25/2023,-0.4,-2.3,0,1.7,1.5,2608.7
01/26/2023,-0.1,-5,4.57,1.8,1.7,3546.3
01/27/2023,1,-8.1,0,1.8,1.3,4455.2
01/28/2023,-1.5,-6.6,1.78,1.5,1.3,5380.1
01/29/2023,-3.1,-8.8,0,1.7,1.5,6428.4
01/30/2023,-6.2,-15.2,0,1.8,1.7,5070.1
01/31/2023,-8.8,-15,0,1.7,1.6,7905.1
02/01/2023,-1.4,-13,0,1.7,1.7,10070.8
02/02/2023,1.1,-11,1.27,1.7,1.7,7073.9
02/03/2023,-10.7,-16.9,0,1.7,1.5,9396.5
02/04/2023,0.1,-13.9,0,1.5,1.4,8130.3
02/05/2023,4,-2.5,0,1.5,1.4,5909.8
02/06/2023,1.3,-6.8,0,1.6,1.5,9475.9
02/07/2023,7.7,-1.1,0,1.6,1.5,1604.8
02/08/2023,5.8,-3.9,0,1.8,1.1,9415.3
02/09/2023,4.9,0.1,17.02,2.3,1.4,1275.6
02/10/2023,1.5,-5.6,1.02,2.7,1.7,5958.1
02/11/2023,6.9,-6.6,0,2,1.1,11682.9
02/12/2023,9.3,-1.5,0,3.4,1.1,11762.2
02/13/2023,6.5,-2.7,0,3.3,1.4,8749
02/14/2023,13.2,-3.2,1.78,3.7,1.2,9682.6
02/15/2023,10.7,1.9,5.08,4.7,3.7,1480.1
02/16/2023,2.3,-6.8,0,3.8,2.3,2512.1
02/17/2023,-3,-9,0.76,2.3,2,9827.2
02/18/2023,4.1,-8.1,1.78,2,1.5,12192
02/19/2023,8.2,1,0,4,1.5,11904.7
02/20/2023,4.5,-4.1,0,3.8,1.8,9542.8
02/21/2023,3.5,-4.2,0,2.9,1.7,4911.9
02/22/2023,-2,-4.4,0,1.7,1.4,1979
02/23/2023,2.3,-5.1,1.52,1.6,1.5,3384.3
02/24/2023,-3.1,-8.5,1.02,1.6,1.3,9792.5
02/25/2023,-0.6,-8.1,1.02,1.3,1.1,5441.9
02/26/2023,3.5,-5.5,6.1,1.2,1,14298
02/27/2023,0.6,-5.3,14.99,1.2,0.7,1421.5
02/28/2023,5.2,-1,2.03,1.4,0.8,12854.8
03/01/2023,6.3,-0.7,0,2.2,1.2,5611.8
03/02/2023,3.2,-2.7,0,2.9,1.5,5144.2
03/03/2023,1.5,-2.7,0,2.2,1.3,4172.1
03/04/2023,8.6,-3.1,0,4.1,1.1,12416.3
03/05/2023,10.1,-1.1,0,5.5,1.9,14312.2
03/06/2023,4.8,-0.1,4.83,4.3,3.2,4420.3
03/07/2023,8.3,-2.7,0,5.5,2.2,16217.2
03/08/2023,7.6,-5.3,0,4.9,1.9,15123.8
03/09/2023,5.1,-2,0,4.3,2.5,8357.5
03/10/2023,4.9,-2.8,2.03,4.1,2.7,10918.5
03/11/2023,6.2,-6,0,4.8,1.8,13654.5
03/12/2023,0.6,-4,0,3.9,2.6,6668
03/13/2023,-1.9,-6.1,0,3.3,2.4,2211.5
03/14/2023,2.7,-5.7,1.02,3.3,1.9,17801.5
03/15/2023,6.7,-9.2,0,3.8,1.4,15749
03/16/2023,10.2,1,8.38,4.1,2.2,5695.6
03/17/2023,7.6,-3.8,12.7,4.5,2.5,4059.3
03/18/2023,-3.3,-10.3,0,2.5,1.6,13829.5
03/19/2023,1.8,-8,1.78,2.3,1.7,18653.3
03/20/2023,8.2,-1.1,0,4.1,1.3,16933.8
03/21/2023,12.2,-0.8,0,6,2.3,14443.9
03/22/2023,7.3,0.3,0,5.3,4.2,2110.1
03/23/2023,8.4,-0.5,1.02,6.9,4.6,11865.4
03/24/2023,7.7,-2.5,0,6.3,3.5,13690.8
03/25/2023,2.3,-0.6,22.1,5.2,3.4,3395.3
03/26/2023,9.2,-2.9,1.27,5.4,2.1,12673.4
03/27/2023,9,-1.1,0.51,7.4,3.3,19920
03/28/2023,9.2,-5,0,7.3,3.2,18343.6
03/29/2023,3,-6.9,0.25,5.8,3.7,17057.2
03/30/2023,6.2,-8.9,0.51,5.3,2.1,16662.8
03/31/2023,12,3.1,41.4,6,4.3,1425.9
04/01/2023,12.6,-1.9,0.76,6.3,4.7,5968.7
04/02/2023,9.1,-6.4,0,5.8,2.6,15001
04/03/2023,15.7,4.6,10.92,7.9,4.6,10430
04/04/2023,11.6,4.9,8.38,8,6.2,7678.2
04/05/2023,20.8,3.6,3.3,10.2,6.9,7083.9
04/06/2023,8.1,-0.5,0,9.1,5.5,21355.5
04/07/2023,9.8,-4.1,0,9.3,4.6,21777.6
04/08/2023,15.2,-1,0,10,5.8,17833.8
04/09/2023,18.8,0.3,0,11.1,6.1,21082.6
04/10/2023,18.8,5.9,0,11.3,7.3,19235.8
04/11/2023,22,9.2,0,12.3,8,17432.7
04/12/2023,25.1,12,0,14.2,9.6,21708.1
04/13/2023,25.5,12.6,0,15.1,10.7,22708.3
04/14/2023,28.2,10.2,0,16,10.9,22367.9
04/15/2023,26.9,12,0,15.7,12.4,16175.9
04/16/2023,19.5,2.9,6.86,14.7,11.4,6611.3
04/17/2023,3.7,-0.5,5.08,11.4,8,7317.3
04/18/2023,8.7,-1.3,0,9.3,6.8,15247.1
04/19/2023,9.6,-1.4,8.13,8.4,6.5,9214.3
04/20/2023,21.1,4.7,11.43,10.9,7.3,11041.8
04/21/2023,15.2,5.2,1.27,11.2,9.7,14294
04/22/2023,9.3,0.8,0,10.5,9.2,10517.5
04/23/2023,4.9,0.4,0,9.3,7.8,9837
04/24/2023,10,-0.4,0,9.3,7.1,15092.8
04/25/2023,11,-1.1,0,9.9,7,15843.3
04/26/2023,10.2,-2.2,0,10.2,6.5,20993.8
04/27/2023,17.7,-1.8,0,11.3,6.6,24084.4
04/28/2023,16.3,4.1,0,10.6,8.3,10762.4
04/29/2023,16.7,3.9,2.54,12.1,9.5,13498.8
04/30/2023,8.8,2.9,3.3,10.6,9.1,10593.1
05/01/2023,5.7,0.7,5.59,9.8,8.6,9353.9
05/02/2023,5.1,1.8,1.78,8.8,7.6,10724.7
05/03/2023,13,3.8,0.25,10.8,7.6,19368.7
05/04/2023,16.8,1,0,11.9,8.3,17983.9
05/05/2023,22.9,8.4,0,13,10,17407.8
05/06/2023,19.8,10.4,0,12.5,10.8,9030.6
05/07/2023,24.5,13,0,15,11.6,18171.3
05/08/2023,16.3,9.7,1.27,14.3,12.8,8561.4
05/09/2023,23.3,4.4,0,15.1,11.3,25418.5
05/10/2023,24,4.5,0,15.7,11.7,25734.4
05/11/2023,27.1,6.6,0,16.3,12.3,25303.9
05/12/2023,25.6,11.3,0,15.7,13.5,10839.2
05/13/2023,24.8,14.3,0.76,16.1,14.4,13597.4
05/14/2023,17.4,7.8,0,15.5,13.7,12662.5
05/15/2023,22.4,-0.5,0,14.9,11.3,26580
05/16/2023,22.8,3.1,0,14.9,11.6,20435.2
05/17/2023,18.3,2.2,0,14.6,11.8,23972.1
05/18/2023,19.5,2.8,0,14.3,11.6,20594.6
05/19/2023,19,6.7,1.02,14.2,12.2,10638.4
05/20/2023,19.5,6.1,0,13.8,12,18418.4
05/21/2023,24.8,4.4,0,15,11.3,22459
05/22/2023,24.7,6.2,0,15.5,12.2,21093.5
05/23/2023,27.2,8.6,0,16.3,13,21679.3
05/24/2023,21.1,7.5,0,15.9,13.4,21635.8
05/25/2023,20.1,3.4,0,15.3,12.5,27159.2
05/26/2023,25,-1,0,15.3,11.5,27434.1
05/27/2023,26.4,5.3,0,16.1,12.4,26748.3
05/28/2023,28.3,9,0,17.1,13.5,25457.7
05/29/2023,29.8,10.2,0,17.8,14.3,26760.9
05/30/2023,31.8,13.1,0,18.9,15.1,25918.1
05/31/2023,32.6,15.8,0,20.2,16.6,26302.8
06/01/2023,33.1,16.9,0,20.4,17.5,23534
06/02/2023,32.5,16.4,0,20.9,18,25514.7
06/03/2023,32.1,13.1,0,20.3,17.8,19928.4
06/04/2023,27.7,11.6,0,20,17.4,26105.9
06/05/2023,28.9,10.8,0,19.9,16.8,25203
06/06/2023,25.2,9.1,0,19.6,17.2,20669.6
06/07/2023,24.9,4.7,0,19,15.7,25956.2
06/08/2023,24.4,3.6,0,18.9,15.3,27159.3
06/09/2023,25,4.8,0,19.2,15.5,26665.9
06/10/2023,26.2,7.1,0,19.2,15.7,19636
06/11/2023,17.4,10.7,4.83,18.4,16.2,5599.9
06/12/2023,18.1,5.9,0,16.4,15,16213.6
06/13/2023,19.7,5.1,0.76,16,13.7,14016.1
06/14/2023,22.1,7.8,0,17.5,14,21936.2
06/15/2023,19.1,8.5,1.02,16.6,14.7,8286
06/16/2023,24.5,10.3,0,17.8,14.5,21813.5
06/17/2023,26.5,6,0,18.6,14.5,26037.6
06/18/2023,28.9,8.4,0,19.5,15.4,24201.3
06/19/2023,30.1,13,0,20.5,16.6,26793.6
06/20/2023,31.5,14.8,0,21.4,17.4,26600.2
06/21/2023,32.4,16.8,0,22.2,18.7,27453.9
06/22/2023,30.7,16.6,0,22.3,19.1,24191.4
06/23/2023,28.5,16.4,0,21.7,19.5,16725.7
06/24/2023,31.7,13.6,0,22.8,19.2,25134.7
06/25/2023,27.1,16,23.88,22,20,9400.6
06/26/2023,22.2,15.1,14.22,20.2,19.2,9338.7
06/27/2023,23.2,13.5,0,19.9,18.2,14931.5
06/28/2023,27.6,8.9,0,20.8,17.2,24174
06/29/2023,29.7,14.7,5.08,21.6,18.6,15526.9
06/30/2023,30.6,15.9,0,22.6,19.4,20047.2
07/01/2023,28.8,16.9,0.76,22.2,20.1,12541.4
07/02/2023,28.8,18.3,0,22.9,20.4,18302.9
07/03/2023,30.4,16.9,0,23.2,20.7,19989.3
07/04/2023,30.9,13.2,0,23.4,19.7,25147.7
07/05/2023,32.5,18.6,2.29,24,20.7,23543
07/06/2023,27.1,13.9,4.57,23.5,21.9,20041.3
07/07/2023,26.2,10.1,0,22.4,19.6,22492.3
07/08/2023,22.6,12.5,1.78,21.6,20.1,13763.8
07/09/2023,27.2,11.3,0.25,21.3,18.6,24114.7
07/10/2023,30,12.7,0,21.8,18.6,26135.8
07/11/2023,26.8,10,0,22,19.8,23741.8
07/12/2023,25.5,9.2,29.97,21.1,18.9,14378.6
07/13/2023,24.8,12.4,0,20.4,18.4,18803.3
07/14/2023,28.5,13.9,0,21.8,18.6,21823.2
07/15/2023,26.7,17.3,3.56,22.1,20.4,15669.6
07/16/2023,25.2,16,0,21.7,19.9,19982.4
07/17/2023,23.9,12.2,8.13,21.4,19.1,25670.8
07/18/2023,25.8,11.5,0,21,19,19919.4
07/19/2023,28.1,10.9,0,21.2,18.5,20229.7
07/20/2023,26.8,14.9,2.79,21.5,19.2,21004.3
07/21/2023,27.8,14.3,0,21.8,19.4,23561.2
07/22/2023,28.7,11.7,0,21.5,19,21156.1
07/23/2023,26.5,14.9,2.54,21.4,19.4,18987.7
07/24/2023,28.5,14.1,0,21.8,19.1,21252.4
07/25/2023,30,13.5,0,22.2,19.5,22409.7
07/26/2023,25.3,17.4,31.75,21.7,20.1,7351.3
07/27/2023,31.1,18.2,0,22.7,20.2,24545.7
07/28/2023,32.1,19.1,0,23.5,21.2,22481.9
07/29/2023,28.5,19.3,44.7,23.5,21.8,24419.4
07/30/2023,25.7,12.8,0,22.9,21.2,25350.4
07/31/2023,26.9,9.9,0,22,19.8,20623.9
08/01/2023,26.6,11,0,21.3,19.3,18872
08/02/2023,28.4,16,0,22.1,19.9,22159.1
08/03/2023,29.5,17.1,0,22.6,20.3,21658.6
08/04/2023,29.1,13.7,0,22.5,20.4,23465.4
08/05/2023,26.4,17,0,22,20.6,16897.3
08/06/2023,17.6,14.3,8.13,22.2,19.6,4373.7
08/07/2023,26.5,14.6,0,21.2,19.1,19160.3
08/08/2023,27.8,12.4,0.76,21.7,18.9,20559.5
08/09/2023,27.2,15.3,0,21.9,19.4,18691.2
08/10/2023,26.5,12.4,0,22.1,19.9,21056
08/11/2023,28.2,11.1,0,21.1,19.1,14841.4
08/12/2023,25.9,14.9,0,22,19.6,20520.3
08/13/2023,25.2,13.8,0.25,21.7,19.4,19689.7
08/14/2023,21.4,15,15.24,21,19.5,5316
08/15/2023,25,11,25.15,20,18.4,13308
08/16/2023,26.5,8.5,0,20.6,17.5,22360.4
08/17/2023,23.5,12,11.68,20.1,18.6,12344.5
08/18/2023,23,10.1,0,19.9,17.5,21660.6
08/19/2023,25.9,9.7,0,19.8,17.1,20069.6
08/20/2023,31.9,17.6,0,21.7,18.6,20124.3
08/21/2023,26.2,13,0,21.3,19.2,18273.8
08/22/2023,24.6,16.4,0,21,19.5,15493.7
08/23/2023,32.9,18.4,0,22.2,19.6,15533.5
08/24/2023,29.9,20.5,4.57,22.3,21.1,7162.3
08/25/2023,26.6,18.3,0.25,22.2,21.2,11212.4
08/26/2023,25.3,15.3,0,22.1,20.4,17912.6
08/27/2023,23.8,8.3,0,21.4,19.1,21288
08/28/2023,25.2,7.9,0,20.2,17.9,20708.7
08/29/2023,24.8,11.8,0,19.9,18.1,12852.9
08/30/2023,21.9,9.6,0,19.8,18,21858
08/31/2023,24.4,4.7,0,19.1,16.7,21138.6
09/01/2023,26.5,8.5,0,19.1,16.6,20475.3
09/02/2023,25.7,12.5,0,19.1,17.4,12056.4
09/03/2023,30.2,16.6,0,20.2,17.6,19571.4
09/04/2023,31.1,18.8,0,21,18.5,19919.8
09/05/2023,32.9,20.8,0,21.6,19.6,17313.8
09/06/2023,28.1,18.6,20.57,21.3,20.2,10056.6
09/07/2023,21.5,14,0.25,20.9,20,8394.1
09/08/2023,21.1,10.3,0,20,18.9,12186.8
09/09/2023,23.7,6.5,0,19,17,19428.7
09/10/2023,23.8,8.2,0,18.4,16.5,13608.5
09/11/2023,16.9,12,15.75,18.1,17.1,2143.5
09/12/2023,19.6,7,0,18.1,17.1,14144.2
09/13/2023,19,6.6,0,17.4,16.1,12871.5
09/14/2023,22.1,4.3,0,17,14.9,17876.8
09/15/2023,23.1,7.4,0,16.8,14.7,17144.9
09/16/2023,20.7,9.6,0,16.5,15.2,6771.4
09/17/2023,21.4,9.3,0,16.5,15.4,9485.3
09/18/2023,19.9,6.2,0,16.1,14.4,11274.8
09/19/2023,21.1,3.9,0,15.8,13.9,10934.9
09/20/2023,26.2,13.7,0,17.1,15.2,14343
09/21/2023,28.3,13.3,0,17.8,15.6,14853.4
09/22/2023,28.4,14.3,0,18.2,16.4,15892.2
09/23/2023,24.3,12.3,0,18,16.5,16371
09/24/2023,25,8.9,0,17.4,15.7,15122.1
09/25/2023,22.6,9.9,0,17.3,16,10466.7
09/26/2023,22.6,15.6,4.06,17.6,16.6,7334.7
09/27/2023,19.2,14.1,1.02,17.4,16.7,5101.2
09/28/2023,21.1,10.6,0,17.3,16.5,8174.8
09/29/2023,18.1,10.1,0,16.9,16.2,3776.4
09/30/2023,26.4,9.6,0,17.2,15,14049.1
10/01/2023,28.6,13.4,0,18,16.1,14151.2
10/02/2023,29.9,13.2,0,18.1,16,14689.1
10/03/2023,30.2,13.8,0,18.1,16.1,14476.7
10/04/2023,28.3,15.4,0,17.9,16.5,9620.9
10/05/2023,20.1,14.1,12.45,17.8,17.1,2679.4
10/06/2023,17,6.4,5.33,17.1,15.4,8143.5
10/07/2023,12.8,4.6,4.32,15.4,14.1,8620.4
10/08/2023,12.2,0,1.27,14.1,12.3,11282.1
10/09/2023,12.1,0.8,0,12.8,11.1,10935.6
10/10/2023,9.6,5.9,0.51,12.3,11.7,4005.6
10/11/2023,14.4,5.2,1.27,13,11.9,6222.8
10/12/2023,14.9,4,0.51,12.6,11.3,8153.3
10/13/2023,9.1,7.7,22.86,12.4,11.3,1114.5
10/14/2023,13.4,5.1,6.6,11.9,11,4114.1
10/15/2023,13.8,4.4,0,12.1,10.8,7428.5
10/16/2023,13.8,4.5,0,11.9,10.7,6374.5
10/17/2023,12.9,0.3,0,12,10.3,6377.5
10/18/2023,18.8,3.1,0,12.2,9.8,10182.3
10/19/2023,14.5,10.4,5.84,12.2,11.8,1354.8
10/20/2023,11.4,4.4,3.81,12.2,11.6,3265.4
10/21/2023,7.8,0.6,11.43,11.6,9.7,1349
10/22/2023,12,-0.6,0,10.8,9,9368.7
10/23/2023,13.1,-1.9,0,10.2,8.2,6391
10/24/2023,23.6,9.7,3.3,12.6,10,7353.9
10/25/2023,20.7,14.2,1.78,12.9,12.6,1042.6
10/26/2023,19.9,14.4,19.81,14.4,12.9,2706.2
10/27/2023,18.6,8.8,8.38,15,14.4,1055.9
10/28/2023,11.1,5.4,0,14.6,12.6,9690.4
10/29/2023,8.5,3.7,1.78,12.6,11.1,2554
10/30/2023,4.9,0.1,0,11.1,9.4,7965.4
10/31/2023,2.8,-3.6,0.76,9.4,7.9,2638.6
11/01/2023,5.7,-6.8,2.03,8,6.7,7175.8
11/02/2023,11.4,-1.6,0,8.2,6.6,7127
