number,time,t.F
1,2019-06-27 3:00,55.189
2,2019-06-27 15:00,54.669
3,2019-06-28 3:00,54.842
4,2019-06-28 15:00,55.189
5,2019-06-29 3:00,55.364
6,2019-06-29 15:00,55.711
7,2019-06-30 3:00,56.057
8,2019-06-30 15:00,56.23
9,2019-07-01 3:00,56.404
10,2019-07-01 15:00,56.577
11,2019-07-02 3:00,56.75
12,2019-07-02 15:00,57.096
13,2019-07-03 3:00,57.268
14,2019-07-03 15:00,57.614
15,2019-07-04 3:00,57.785
16,2019-07-04 15:00,58.131
17,2019-07-05 3:00,58.131
18,2019-07-05 15:00,58.476
19,2019-07-06 3:00,58.82
20,2019-07-06 15:00,58.993
21,2019-07-07 3:00,59.164
22,2019-07-07 15:00,59.164
23,2019-07-08 3:00,58.993
24,2019-07-08 15:00,58.82
25,2019-07-09 3:00,58.647
26,2019-07-09 15:00,58.476
27,2019-07-10 3:00,58.476
28,2019-07-10 15:00,58.476
29,2019-07-11 3:00,58.647
30,2019-07-11 15:00,58.993
31,2019-07-12 3:00,58.82
32,2019-07-12 15:00,58.647
33,2019-07-13 3:00,58.476
34,2019-07-13 15:00,58.303
35,2019-07-14 3:00,58.476
36,2019-07-14 15:00,58.476
37,2019-07-15 3:00,58.476
38,2019-07-15 15:00,58.647
39,2019-07-16 3:00,58.82
40,2019-07-16 15:00,58.993
41,2019-07-17 3:00,59.164
42,2019-07-17 15:00,59.337
43,2019-07-18 3:00,59.508
44,2019-07-18 15:00,59.68
45,2019-07-19 3:00,59.68
46,2019-07-19 15:00,59.851
47,2019-07-20 3:00,60.195
48,2019-07-20 15:00,60.539
49,2019-07-21 3:00,60.712
50,2019-07-21 15:00,60.539
51,2019-07-22 3:00,60.539
52,2019-07-22 15:00,60.539
53,2019-07-23 3:00,60.195
54,2019-07-23 15:00,59.851
55,2019-07-24 3:00,59.68
56,2019-07-24 15:00,59.508
57,2019-07-25 3:00,59.337
58,2019-07-25 15:00,59.337
59,2019-07-26 3:00,59.508
60,2019-07-26 15:00,59.508
61,2019-07-27 3:00,59.508
62,2019-07-27 15:00,59.68
63,2019-07-28 3:00,59.851
64,2019-07-28 15:00,60.024
65,2019-07-29 3:00,60.195
66,2019-07-29 15:00,60.539
67,2019-07-30 3:00,60.539
68,2019-07-30 15:00,60.539
69,2019-07-31 3:00,60.368
70,2019-07-31 15:00,60.195
71,2019-08-01 3:00,59.851
72,2019-08-01 15:00,59.68
73,2019-08-02 3:00,59.68
74,2019-08-02 15:00,59.68
75,2019-08-03 3:00,59.68
76,2019-08-03 15:00,59.68
77,2019-08-04 3:00,59.851
78,2019-08-04 15:00,59.851
79,2019-08-05 3:00,60.024
80,2019-08-05 15:00,60.195
81,2019-08-06 3:00,60.539
82,2019-08-06 15:00,60.539
83,2019-08-07 3:00,60.539
84,2019-08-07 15:00,60.539
85,2019-08-08 3:00,60.712
86,2019-08-08 15:00,60.712
87,2019-08-09 3:00,60.712
88,2019-08-09 15:00,60.539
89,2019-08-10 3:00,60.368
90,2019-08-10 15:00,60.195
91,2019-08-11 3:00,60.195
92,2019-08-11 15:00,60.195
93,2019-08-12 3:00,60.195
94,2019-08-12 15:00,60.195
95,2019-08-13 3:00,60.368
96,2019-08-13 15:00,60.539
97,2019-08-14 3:00,60.539
98,2019-08-14 15:00,60.539
99,2019-08-15 3:00,60.368
100,2019-08-15 15:00,60.195
101,2019-08-16 3:00,60.024
102,2019-08-16 15:00,59.851
103,2019-08-17 3:00,60.024
104,2019-08-17 15:00,60.024
105,2019-08-18 3:00,60.195
106,2019-08-18 15:00,60.368
107,2019-08-19 3:00,60.539
108,2019-08-19 15:00,60.539
109,2019-08-20 3:00,60.712
110,2019-08-20 15:00,60.712
111,2019-08-21 3:00,60.883
112,2019-08-21 15:00,61.054
113,2019-08-22 3:00,61.227
114,2019-08-22 15:00,61.054
115,2019-08-23 3:00,60.883
116,2019-08-23 15:00,60.539
117,2019-08-24 3:00,60.195
118,2019-08-24 15:00,60.024
119,2019-08-25 3:00,59.851
120,2019-08-25 15:00,59.68
121,2019-08-26 3:00,59.68
122,2019-08-26 15:00,59.68
123,2019-08-27 3:00,59.68
124,2019-08-27 15:00,59.851
125,2019-08-28 3:00,60.024
126,2019-08-28 15:00,60.024
127,2019-08-29 3:00,59.851
128,2019-08-29 15:00,59.508
129,2019-08-30 3:00,59.508
130,2019-08-30 15:00,59.508
131,2019-08-31 3:00,59.508
132,2019-08-31 15:00,59.164
133,2019-09-01 3:00,59.164
134,2019-09-01 15:00,58.993
135,2019-09-02 3:00,58.993
136,2019-09-02 15:00,58.82
137,2019-09-03 3:00,58.993
138,2019-09-03 15:00,58.993
139,2019-09-04 3:00,59.164
140,2019-09-04 15:00,59.337
141,2019-09-05 3:00,59.164
142,2019-09-05 15:00,58.82
143,2019-09-06 3:00,58.647
144,2019-09-06 15:00,58.476
145,2019-09-07 3:00,58.476
146,2019-09-07 15:00,58.476
147,2019-09-08 3:00,58.476
148,2019-09-08 15:00,58.303
149,2019-09-09 3:00,58.131
150,2019-09-09 15:00,57.958
151,2019-09-10 3:00,57.614
152,2019-09-10 15:00,57.614
153,2019-09-11 3:00,57.958
154,2019-09-11 15:00,58.476
155,2019-09-12 3:00,59.68
156,2019-09-12 15:00,59.68
157,2019-09-13 3:00,59.508
158,2019-09-13 15:00,59.337
159,2019-09-14 3:00,59.508
160,2019-09-14 15:00,59.337
161,2019-09-15 3:00,59.164
162,2019-09-15 15:00,59.164
163,2019-09-16 3:00,59.164
164,2019-09-16 15:00,59.164
165,2019-09-17 3:00,59.508
166,2019-09-17 15:00,59.508
167,2019-09-18 3:00,59.68
168,2019-09-18 15:00,59.68
169,2019-09-19 3:00,59.68
170,2019-09-19 15:00,59.851
171,2019-09-20 3:00,59.851
172,2019-09-20 15:00,59.851
173,2019-09-21 3:00,60.195
174,2019-09-21 15:00,60.368
175,2019-09-22 3:00,60.539
176,2019-09-22 15:00,60.712
177,2019-09-23 3:00,60.883
178,2019-09-23 15:00,60.883
179,2019-09-24 3:00,60.712
180,2019-09-24 15:00,60.368
181,2019-09-25 3:00,60.368
182,2019-09-25 15:00,60.195
183,2019-09-26 3:00,60.195
184,2019-09-26 15:00,60.024
185,2019-09-27 3:00,59.851
186,2019-09-27 15:00,59.337
187,2019-09-28 3:00,59.164
188,2019-09-28 15:00,59.164
189,2019-09-29 3:00,58.993
190,2019-09-29 15:00,58.647
191,2019-09-30 3:00,58.303
192,2019-09-30 15:00,57.958
193,2019-10-01 3:00,58.131
194,2019-10-01 15:00,58.476
195,2019-10-02 3:00,60.368
196,2019-10-02 15:00,60.195
197,2019-10-03 3:00,59.68
198,2019-10-03 15:00,59.164
199,2019-10-04 3:00,58.647
200,2019-10-04 15:00,58.303
201,2019-10-05 3:00,57.785
202,2019-10-05 15:00,57.268
203,2019-10-06 3:00,56.923
204,2019-10-06 15:00,56.75
205,2019-10-07 3:00,56.577
206,2019-10-07 15:00,56.577
207,2019-10-08 3:00,56.404
208,2019-10-08 15:00,56.23
209,2019-10-09 3:00,56.23
210,2019-10-09 15:00,56.057
211,2019-10-10 3:00,56.057
212,2019-10-10 15:00,56.057
213,2019-10-11 3:00,56.057
214,2019-10-11 15:00,56.23
215,2019-10-12 3:00,56.404
216,2019-10-12 15:00,56.057
217,2019-10-13 3:00,55.364
218,2019-10-13 15:00,54.669
219,2019-10-14 3:00,54.147
220,2019-10-14 15:00,53.623
221,2019-10-15 3:00,53.1
222,2019-10-15 15:00,52.75
223,2019-10-16 3:00,52.576
224,2019-10-16 15:00,52.576
225,2019-10-17 3:00,52.401
226,2019-10-17 15:00,52.225
227,2019-10-18 3:00,52.05
228,2019-10-18 15:00,51.874
229,2019-10-19 3:00,51.699
230,2019-10-19 15:00,51.699
231,2019-10-20 3:00,51.699
232,2019-10-20 15:00,51.699
233,2019-10-21 3:00,52.05
234,2019-10-21 15:00,52.05
235,2019-10-22 3:00,52.225
236,2019-10-22 15:00,52.401
237,2019-10-23 3:00,52.05
238,2019-10-23 15:00,51.699
239,2019-10-24 3:00,51.523
240,2019-10-24 15:00,51.172
241,2019-10-25 3:00,50.819
242,2019-10-25 15:00,50.643
243,2019-10-26 3:00,50.466
244,2019-10-26 15:00,50.113
245,2019-10-27 3:00,49.582
246,2019-10-27 15:00,49.404
247,2019-10-28 3:00,49.582
248,2019-10-28 15:00,49.582
249,2019-10-29 3:00,49.582
250,2019-10-29 15:00,49.759
251,2019-10-30 3:00,49.582
252,2019-10-30 15:00,49.404
253,2019-10-31 3:00,49.05
254,2019-10-31 15:00,48.871
255,2019-11-01 3:00,48.339
256,2019-11-01 15:00,47.802
257,2019-11-02 3:00,47.446
258,2019-11-02 15:00,47.088
259,2019-11-03 3:00,46.728
260,2019-11-03 15:00,46.548
261,2019-11-04 3:00,46.369
262,2019-11-04 15:00,46.369
263,2019-11-05 3:00,46.369
264,2019-11-05 15:00,46.369
265,2019-11-06 3:00,46.188
266,2019-11-06 15:00,45.828
267,2019-11-07 3:00,45.648
268,2019-11-07 15:00,45.286
269,2019-11-08 3:00,45.104
270,2019-11-08 15:00,45.104
271,2019-11-09 3:00,44.922
272,2019-11-09 15:00,44.742
273,2019-11-10 3:00,44.742
274,2019-11-10 15:00,44.56
275,2019-11-11 3:00,44.379
276,2019-11-11 15:00,44.195
277,2019-11-12 3:00,44.013
278,2019-11-12 15:00,43.831
279,2019-11-13 3:00,43.648
280,2019-11-13 15:00,43.466
281,2019-11-14 3:00,43.282
282,2019-11-14 15:00,43.099
283,2019-11-15 3:00,42.915
284,2019-11-15 15:00,42.732
285,2019-11-16 3:00,42.732
286,2019-11-16 15:00,42.548
287,2019-11-17 3:00,42.548
288,2019-11-17 15:00,42.363
289,2019-11-18 3:00,42.179
290,2019-11-18 15:00,42.179
291,2019-11-19 3:00,42.179
292,2019-11-19 15:00,41.994
293,2019-11-20 3:00,41.994
294,2019-11-20 15:00,42.179
295,2019-11-21 3:00,42.179
296,2019-11-21 15:00,42.179
297,2019-11-22 3:00,42.363
298,2019-11-22 15:00,42.548
299,2019-11-23 3:00,42.363
300,2019-11-23 15:00,42.179
301,2019-11-24 3:00,41.994
302,2019-11-24 15:00,41.81
303,2019-11-25 3:00,41.81
304,2019-11-25 15:00,41.81
305,2019-11-26 3:00,41.994
306,2019-11-26 15:00,42.179
307,2019-11-27 3:00,42.179
308,2019-11-27 15:00,42.179
309,2019-11-28 3:00,42.363
310,2019-11-28 15:00,42.179
311,2019-11-29 3:00,42.179
312,2019-11-29 15:00,41.994
313,2019-11-30 3:00,41.81
314,2019-11-30 15:00,41.625
315,2019-12-01 3:00,41.439
316,2019-12-01 15:00,41.439
317,2019-12-02 3:00,41.254
318,2019-12-02 15:00,41.254
319,2019-12-03 3:00,41.067
320,2019-12-03 15:00,41.067
321,2019-12-04 3:00,41.067
322,2019-12-04 15:00,40.881
323,2019-12-05 3:00,40.881
324,2019-12-05 15:00,40.881
325,2019-12-06 3:00,40.696
326,2019-12-06 15:00,40.696
327,2019-12-07 3:00,40.696
328,2019-12-07 15:00,40.696
329,2019-12-08 3:00,40.509
330,2019-12-08 15:00,40.509
331,2019-12-09 3:00,40.509
332,2019-12-09 15:00,39.573
333,2019-12-10 3:00,39.76
334,2019-12-10 15:00,39.947
335,2019-12-11 3:00,39.947
336,2019-12-11 15:00,39.76
337,2019-12-12 3:00,39.573
338,2019-12-12 15:00,39.384
339,2019-12-13 3:00,39.196
340,2019-12-13 15:00,39.196
341,2019-12-14 3:00,39.007
342,2019-12-14 15:00,38.818
343,2019-12-15 3:00,38.818
344,2019-12-15 15:00,38.818
345,2019-12-16 3:00,38.818
346,2019-12-16 15:00,38.629
347,2019-12-17 3:00,38.629
348,2019-12-17 15:00,38.629
349,2019-12-18 3:00,38.44
350,2019-12-18 15:00,38.44
351,2019-12-19 3:00,38.44
352,2019-12-19 15:00,38.25
353,2019-12-20 3:00,38.25
354,2019-12-20 15:00,38.061
355,2019-12-21 3:00,38.061
356,2019-12-21 15:00,38.061
357,2019-12-22 3:00,38.061
358,2019-12-22 15:00,37.87
359,2019-12-23 3:00,37.87
360,2019-12-23 15:00,37.87
361,2019-12-24 3:00,37.87
362,2019-12-24 15:00,37.87
363,2019-12-25 3:00,37.87
364,2019-12-25 15:00,37.87
365,2019-12-26 3:00,37.87
366,2019-12-26 15:00,37.87
367,2019-12-27 3:00,38.25
368,2019-12-27 15:00,38.629
369,2019-12-28 3:00,38.818
370,2019-12-28 15:00,38.818
371,2019-12-29 3:00,38.629
372,2019-12-29 15:00,38.629
373,2019-12-30 3:00,38.818
374,2019-12-30 15:00,38.818
375,2019-12-31 3:00,38.818
376,2019-12-31 15:00,38.818
377,2020-01-01 3:00,38.629
378,2020-01-01 15:00,38.629
379,2020-01-02 3:00,38.629
380,2020-01-02 15:00,38.44
381,2020-01-03 3:00,38.44
382,2020-01-03 15:00,38.44
383,2020-01-04 3:00,38.44
384,2020-01-04 15:00,38.44
385,2020-01-05 3:00,38.44
386,2020-01-05 15:00,38.25
387,2020-01-06 3:00,38.25
388,2020-01-06 15:00,38.25
389,2020-01-07 3:00,38.061
390,2020-01-07 15:00,38.061
391,2020-01-08 3:00,38.061
392,2020-01-08 15:00,38.061
393,2020-01-09 3:00,37.87
394,2020-01-09 15:00,37.87
395,2020-01-10 3:00,37.87
396,2020-01-10 15:00,37.679
397,2020-01-11 3:00,37.87
398,2020-01-11 15:00,37.87
399,2020-01-12 3:00,38.061
400,2020-01-12 15:00,37.87
401,2020-01-13 3:00,37.87
402,2020-01-13 15:00,37.679
403,2020-01-14 3:00,37.679
404,2020-01-14 15:00,37.679
405,2020-01-15 3:00,37.488
406,2020-01-15 15:00,37.488
407,2020-01-16 3:00,37.488
408,2020-01-16 15:00,37.488
409,2020-01-17 3:00,37.488
410,2020-01-17 15:00,37.488
411,2020-01-18 3:00,37.297
412,2020-01-18 15:00,37.297
413,2020-01-19 3:00,37.107
414,2020-01-19 15:00,37.107
415,2020-01-20 3:00,37.107
416,2020-01-20 15:00,37.107
417,2020-01-21 3:00,37.107
418,2020-01-21 15:00,37.107
419,2020-01-22 3:00,36.914
420,2020-01-22 15:00,36.914
421,2020-01-23 3:00,36.914
422,2020-01-23 15:00,36.914
423,2020-01-24 3:00,36.914
424,2020-01-24 15:00,36.914
425,2020-01-25 3:00,36.914
426,2020-01-25 15:00,36.914
427,2020-01-26 3:00,36.914
428,2020-01-26 15:00,36.914
429,2020-01-27 3:00,36.914
430,2020-01-27 15:00,36.914
431,2020-01-28 3:00,36.914
432,2020-01-28 15:00,36.914
433,2020-01-29 3:00,36.914
434,2020-01-29 15:00,36.914
435,2020-01-30 3:00,36.914
436,2020-01-30 15:00,36.914
437,2020-01-31 3:00,36.914
438,2020-01-31 15:00,36.914
439,2020-02-01 3:00,36.914
440,2020-02-01 15:00,36.914
441,2020-02-02 3:00,36.914
442,2020-02-02 15:00,36.914
443,2020-02-03 3:00,36.914
444,2020-02-03 15:00,36.914
445,2020-02-04 3:00,36.914
446,2020-02-04 15:00,36.914
447,2020-02-05 3:00,36.914
448,2020-02-05 15:00,36.914
449,2020-02-06 3:00,36.914
450,2020-02-06 15:00,36.914
451,2020-02-07 3:00,36.723
452,2020-02-07 15:00,36.723
453,2020-02-08 3:00,36.723
454,2020-02-08 15:00,36.723
455,2020-02-09 3:00,36.723
456,2020-02-09 15:00,36.723
457,2020-02-10 3:00,36.723
458,2020-02-10 15:00,36.723
459,2020-02-11 3:00,36.723
460,2020-02-11 15:00,36.723
461,2020-02-12 3:00,36.723
462,2020-02-12 15:00,36.723
463,2020-02-13 3:00,36.723
464,2020-02-13 15:00,36.723
465,2020-02-14 3:00,36.723
466,2020-02-14 15:00,36.723
467,2020-02-15 3:00,36.723
468,2020-02-15 15:00,36.723
469,2020-02-16 3:00,36.531
470,2020-02-16 15:00,36.531
471,2020-02-17 3:00,36.531
472,2020-02-17 15:00,36.531
473,2020-02-18 3:00,36.531
474,2020-02-18 15:00,36.531
475,2020-02-19 3:00,36.531
476,2020-02-19 15:00,36.531
477,2020-02-20 3:00,36.531
478,2020-02-20 15:00,36.531
479,2020-02-21 3:00,36.531
480,2020-02-21 15:00,36.531
481,2020-02-22 3:00,36.531
482,2020-02-22 15:00,36.531
483,2020-02-23 3:00,36.531
484,2020-02-23 15:00,36.531
485,2020-02-24 3:00,36.531
486,2020-02-24 15:00,36.531
487,2020-02-25 3:00,36.531
488,2020-02-25 15:00,36.531
489,2020-02-26 3:00,36.531
490,2020-02-26 15:00,36.531
491,2020-02-27 3:00,36.531
492,2020-02-27 15:00,36.338
493,2020-02-28 3:00,36.338
494,2020-02-28 15:00,36.338
495,2020-02-29 3:00,36.338
496,2020-02-29 15:00,36.338
497,2020-03-01 3:00,36.338
498,2020-03-01 15:00,36.338
499,2020-03-02 3:00,36.338
500,2020-03-02 15:00,36.338
501,2020-03-03 3:00,36.338
502,2020-03-03 15:00,36.145
503,2020-03-04 3:00,36.145
504,2020-03-04 15:00,36.145
505,2020-03-05 3:00,36.145
506,2020-03-05 15:00,36.145
507,2020-03-06 3:00,36.145
508,2020-03-06 15:00,36.145
509,2020-03-07 3:00,36.145
510,2020-03-07 15:00,36.145
511,2020-03-08 3:00,36.145
512,2020-03-08 15:00,36.145
513,2020-03-09 3:00,35.951
514,2020-03-09 15:00,35.758
515,2020-03-10 3:00,34.981
516,2020-03-10 15:00,35.37
517,2020-03-11 3:00,35.564
518,2020-03-11 15:00,35.758
519,2020-03-12 3:00,35.758
520,2020-03-12 15:00,35.951
521,2020-03-13 3:00,36.145
522,2020-03-13 15:00,36.531
523,2020-03-14 3:00,36.723
524,2020-03-14 15:00,36.723
525,2020-03-15 3:00,36.531
526,2020-03-15 15:00,36.338
527,2020-03-16 3:00,36.338
528,2020-03-16 15:00,36.338
529,2020-03-17 3:00,36.145
530,2020-03-17 15:00,36.338
531,2020-03-18 3:00,36.531
532,2020-03-18 15:00,36.531
533,2020-03-19 3:00,36.723
534,2020-03-19 15:00,36.723
535,2020-03-20 3:00,36.914
536,2020-03-20 15:00,37.297
537,2020-03-21 3:00,37.297
538,2020-03-21 15:00,37.297
539,2020-03-22 3:00,36.914
540,2020-03-22 15:00,36.723
541,2020-03-23 3:00,36.531
542,2020-03-23 15:00,36.338
543,2020-03-24 3:00,36.338
544,2020-03-24 15:00,36.338
545,2020-03-25 3:00,36.338
546,2020-03-25 15:00,36.338
547,2020-03-26 3:00,36.723
548,2020-03-26 15:00,36.914
549,2020-03-27 3:00,37.488
550,2020-03-27 15:00,37.679
551,2020-03-28 3:00,37.87
552,2020-03-28 15:00,38.25
553,2020-03-29 3:00,38.629
554,2020-03-29 15:00,38.629
555,2020-03-30 3:00,39.007
556,2020-03-30 15:00,39.007
557,2020-03-31 3:00,39.007
558,2020-03-31 15:00,38.818
559,2020-04-01 3:00,38.818
560,2020-04-01 15:00,38.818
561,2020-04-02 3:00,39.007
562,2020-04-02 15:00,39.007
563,2020-04-03 3:00,39.196
564,2020-04-03 15:00,39.384
565,2020-04-04 3:00,39.76
566,2020-04-04 15:00,40.134
567,2020-04-05 3:00,40.134
568,2020-04-05 15:00,39.947
569,2020-04-06 3:00,39.947
570,2020-04-06 15:00,39.947
571,2020-04-07 3:00,40.134
572,2020-04-07 15:00,40.509
573,2020-04-08 3:00,40.881
574,2020-04-08 15:00,41.254
575,2020-04-09 3:00,41.625
576,2020-04-09 15:00,41.81
577,2020-04-10 3:00,41.625
578,2020-04-10 15:00,41.254
579,2020-04-11 3:00,40.881
580,2020-04-11 15:00,40.509
581,2020-04-12 3:00,40.509
582,2020-04-12 15:00,40.696
583,2020-04-13 3:00,41.067
584,2020-04-13 15:00,41.439
585,2020-04-14 3:00,41.439
586,2020-04-14 15:00,40.881
587,2020-04-15 3:00,40.509
588,2020-04-15 15:00,40.134
589,2020-04-16 3:00,39.947
590,2020-04-16 15:00,39.573
591,2020-04-17 3:00,39.384
592,2020-04-17 15:00,39.196
593,2020-04-18 3:00,39.196
594,2020-04-18 15:00,39.196
595,2020-04-19 3:00,39.384
596,2020-04-19 15:00,39.573
597,2020-04-20 3:00,39.947
598,2020-04-20 15:00,39.947
599,2020-04-21 3:00,40.134
600,2020-04-21 15:00,40.134
601,2020-04-22 3:00,40.134
602,2020-04-22 15:00,39.76
603,2020-04-23 3:00,39.573
604,2020-04-23 15:00,39.384
605,2020-04-24 3:00,39.384
606,2020-04-24 15:00,39.573
607,2020-04-25 3:00,39.76
608,2020-04-25 15:00,40.134
609,2020-04-26 3:00,40.321
610,2020-04-26 15:00,40.509
611,2020-04-27 3:00,40.696
612,2020-04-27 15:00,41.067
613,2020-04-28 3:00,41.254
614,2020-04-28 15:00,41.254
615,2020-04-29 3:00,41.994
616,2020-04-29 15:00,42.915
617,2020-04-30 3:00,43.282
618,2020-04-30 15:00,43.466
619,2020-05-01 3:00,43.466
620,2020-05-01 15:00,43.099
621,2020-05-02 3:00,43.282
622,2020-05-02 15:00,43.648
623,2020-05-03 3:00,44.195
624,2020-05-03 15:00,44.56
625,2020-05-04 3:00,44.922
626,2020-05-04 15:00,44.742
627,2020-05-05 3:00,44.922
628,2020-05-05 15:00,44.742
629,2020-05-06 3:00,44.742
630,2020-05-06 15:00,44.56
631,2020-05-07 3:00,44.56
632,2020-05-07 15:00,44.56
633,2020-05-08 3:00,44.742
634,2020-05-08 15:00,44.56
635,2020-05-09 3:00,44.379
636,2020-05-09 15:00,43.831
637,2020-05-10 3:00,43.648
638,2020-05-10 15:00,43.648
639,2020-05-11 3:00,43.466
640,2020-05-11 15:00,43.099
641,2020-05-12 3:00,43.099
642,2020-05-12 15:00,43.099
643,2020-05-13 3:00,43.099
644,2020-05-13 15:00,43.099
645,2020-05-14 3:00,43.282
646,2020-05-14 15:00,43.648
647,2020-05-15 3:00,43.831
648,2020-05-15 15:00,44.195
649,2020-05-16 3:00,45.104
650,2020-05-16 15:00,45.466
651,2020-05-17 3:00,46.008
652,2020-05-17 15:00,46.188
653,2020-05-18 3:00,46.728
654,2020-05-18 15:00,46.908
655,2020-05-19 3:00,46.728
656,2020-05-19 15:00,46.728
657,2020-05-20 3:00,46.908
658,2020-05-20 15:00,46.908
659,2020-05-21 3:00,47.446
660,2020-05-21 15:00,47.802
661,2020-05-22 3:00,48.339
662,2020-05-22 15:00,48.695
663,2020-05-23 3:00,49.05
664,2020-05-23 15:00,49.228
665,2020-05-24 3:00,49.582
666,2020-05-24 15:00,49.937
667,2020-05-25 3:00,50.466
668,2020-05-25 15:00,50.819
669,2020-05-26 3:00,51.172
670,2020-05-26 15:00,51.699
671,2020-05-27 3:00,52.225
672,2020-05-27 15:00,52.576
673,2020-05-28 3:00,53.1
674,2020-05-28 15:00,53.274
675,2020-05-29 3:00,53.449
676,2020-05-29 15:00,53.449
677,2020-05-30 3:00,53.449
678,2020-05-30 15:00,53.274
679,2020-05-31 3:00,52.925
680,2020-05-31 15:00,52.576
681,2020-06-01 3:00,52.225
682,2020-06-01 15:00,52.05
683,2020-06-02 3:00,51.874
684,2020-06-02 15:00,51.874
685,2020-06-03 3:00,52.225
686,2020-06-03 15:00,52.75
687,2020-06-04 3:00,53.274
688,2020-06-04 15:00,53.449
689,2020-06-05 3:00,53.798
690,2020-06-05 15:00,53.973
691,2020-06-06 3:00,54.147
692,2020-06-06 15:00,54.147
693,2020-06-07 3:00,54.322
694,2020-06-07 15:00,54.147
695,2020-06-08 3:00,53.973
696,2020-06-08 15:00,53.973
697,2020-06-09 3:00,54.147
698,2020-06-09 15:00,54.322
699,2020-06-10 3:00,54.669
700,2020-06-10 15:00,55.711
701,2020-06-11 3:00,56.057
702,2020-06-11 15:00,55.884
703,2020-06-12 3:00,55.884
704,2020-06-12 15:00,55.537
705,2020-06-13 3:00,55.189
706,2020-06-13 15:00,54.669
707,2020-06-14 3:00,54.495
708,2020-06-14 15:00,54.147
709,2020-06-15 3:00,54.147
710,2020-06-15 15:00,53.973
711,2020-06-16 3:00,53.973
712,2020-06-16 15:00,54.147
713,2020-06-17 3:00,54.322
714,2020-06-17 15:00,54.669
715,2020-06-18 3:00,55.017
716,2020-06-18 15:00,55.364
717,2020-06-19 3:00,55.711
718,2020-06-19 15:00,55.884
719,2020-06-20 3:00,56.23
720,2020-06-20 15:00,56.577
721,2020-06-21 3:00,56.923
722,2020-06-21 15:00,57.096
723,2020-06-22 3:00,57.268
724,2020-06-22 15:00,57.268
725,2020-06-23 3:00,57.614
726,2020-06-23 15:00,57.785
727,2020-06-24 3:00,57.614
728,2020-06-24 15:00,57.268
729,2020-06-25 3:00,57.096
730,2020-06-25 15:00,57.096
731,2020-06-26 3:00,57.268
732,2020-06-26 15:00,57.441
733,2020-06-27 3:00,57.614
734,2020-06-27 15:00,57.785
735,2020-06-28 3:00,58.131
736,2020-06-28 15:00,58.303
737,2020-06-29 3:00,58.476
738,2020-06-29 15:00,58.647
739,2020-06-30 3:00,58.993
740,2020-06-30 15:00,59.164
741,2020-07-01 3:00,59.68
742,2020-07-01 15:00,59.68
743,2020-07-02 3:00,60.024
744,2020-07-02 15:00,60.024
745,2020-07-03 3:00,60.368
746,2020-07-03 15:00,60.539
747,2020-07-04 3:00,60.883
748,2020-07-04 15:00,60.883
749,2020-07-05 3:00,61.227
750,2020-07-05 15:00,61.227
751,2020-07-06 3:00,61.569
752,2020-07-06 15:00,61.569
753,2020-07-07 3:00,61.741
754,2020-07-07 15:00,61.912
755,2020-07-08 3:00,62.083
756,2020-07-08 15:00,62.254
757,2020-07-09 3:00,62.425
758,2020-07-09 15:00,62.598
759,2020-07-10 3:00,62.598
760,2020-07-10 15:00,62.598
761,2020-07-11 3:00,62.598
762,2020-07-11 15:00,62.254
763,2020-07-12 3:00,62.425
764,2020-07-12 15:00,62.254
765,2020-07-13 3:00,62.254
766,2020-07-13 15:00,61.912
767,2020-07-14 3:00,61.912
768,2020-07-14 15:00,61.741
769,2020-07-15 3:00,61.912
770,2020-07-15 15:00,61.912
771,2020-07-16 3:00,61.912
772,2020-07-16 15:00,61.912
773,2020-07-17 3:00,62.083
774,2020-07-17 15:00,62.083
775,2020-07-18 3:00,62.254
776,2020-07-18 15:00,62.254
777,2020-07-19 3:00,62.425
778,2020-07-19 15:00,62.769
779,2020-07-20 3:00,62.94
780,2020-07-20 15:00,62.94
781,2020-07-21 3:00,62.769
782,2020-07-21 15:00,62.598
783,2020-07-22 3:00,62.425
784,2020-07-22 15:00,62.425
785,2020-07-23 3:00,62.598
786,2020-07-23 15:00,62.598
787,2020-07-24 3:00,62.598
788,2020-07-24 15:00,62.425
789,2020-07-25 3:00,62.425
790,2020-07-25 15:00,62.425
791,2020-07-26 3:00,62.769
792,2020-07-26 15:00,62.769
793,2020-07-27 3:00,63.111
797,2020-07-27 15:00,64.652
798,2020-07-28 3:00,63.455
799,2020-07-28 15:00,63.282
800,2020-07-29 3:00,63.282
801,2020-07-29 15:00,63.111
802,2020-07-30 3:00,63.282
803,2020-07-30 15:00,63.111
804,2020-07-31 3:00,63.111
805,2020-07-31 15:00,62.94
806,2020-08-01 3:00,62.94
807,2020-08-01 15:00,62.769
808,2020-08-02 3:00,62.769
809,2020-08-02 15:00,62.769
810,2020-08-03 3:00,62.769
811,2020-08-03 15:00,62.598
812,2020-08-04 3:00,62.425
813,2020-08-04 15:00,61.912
814,2020-08-05 3:00,61.741
815,2020-08-05 15:00,61.398
816,2020-08-06 3:00,61.227
817,2020-08-06 15:00,61.054
818,2020-08-07 3:00,61.227
819,2020-08-07 15:00,61.227
820,2020-08-08 3:00,61.398
821,2020-08-08 15:00,61.398
822,2020-08-09 3:00,61.569
823,2020-08-09 15:00,61.741
824,2020-08-10 3:00,62.254
825,2020-08-10 15:00,62.425
826,2020-08-11 3:00,62.769
827,2020-08-11 15:00,62.94
828,2020-08-12 3:00,62.94
829,2020-08-12 15:00,62.769
830,2020-08-13 3:00,62.94
831,2020-08-13 15:00,62.94
832,2020-08-14 3:00,63.282
833,2020-08-14 15:00,63.282
834,2020-08-15 3:00,63.455
835,2020-08-15 15:00,63.455
836,2020-08-16 3:00,63.626
837,2020-08-16 15:00,63.455
838,2020-08-17 3:00,63.455
839,2020-08-17 15:00,63.282
840,2020-08-18 3:00,63.282
841,2020-08-18 15:00,63.111
842,2020-08-19 3:00,62.94
843,2020-08-19 15:00,62.598
844,2020-08-20 3:00,62.598
845,2020-08-20 15:00,62.425
846,2020-08-21 3:00,62.598
847,2020-08-21 15:00,62.598
848,2020-08-22 3:00,62.769
849,2020-08-22 15:00,62.769
850,2020-08-23 3:00,62.94
851,2020-08-23 15:00,62.94
852,2020-08-24 3:00,63.111
853,2020-08-24 15:00,63.111
854,2020-08-25 3:00,63.455
855,2020-08-25 15:00,63.626
856,2020-08-26 3:00,63.626
857,2020-08-26 15:00,63.626
858,2020-08-27 3:00,63.797
859,2020-08-27 15:00,63.968
860,2020-08-28 3:00,63.968
861,2020-08-28 15:00,64.31
862,2020-08-29 3:00,64.139
863,2020-08-29 15:00,63.968
864,2020-08-30 3:00,63.797
865,2020-08-30 15:00,63.455
866,2020-08-31 3:00,63.111
867,2020-08-31 15:00,62.769
868,2020-09-01 3:00,62.769
869,2020-09-01 15:00,62.769
870,2020-09-02 3:00,62.769
871,2020-09-02 15:00,62.598
872,2020-09-03 3:00,62.769
873,2020-09-03 15:00,62.598
874,2020-09-04 3:00,62.598
875,2020-09-04 15:00,62.083
876,2020-09-05 3:00,61.912
877,2020-09-05 15:00,61.569
878,2020-09-06 3:00,61.569
879,2020-09-06 15:00,61.398
880,2020-09-07 3:00,61.398
881,2020-09-07 15:00,61.569
882,2020-09-08 3:00,61.569
883,2020-09-08 15:00,61.227
884,2020-09-09 3:00,60.712
885,2020-09-09 15:00,60.024
886,2020-09-10 3:00,59.508
887,2020-09-10 15:00,59.164
888,2020-09-11 3:00,58.993
889,2020-09-11 15:00,58.647
890,2020-09-12 3:00,58.647
891,2020-09-12 15:00,58.647
892,2020-09-13 3:00,58.647
893,2020-09-13 15:00,58.993
894,2020-09-14 3:00,59.164
895,2020-09-14 15:00,58.993
896,2020-09-15 3:00,58.993
897,2020-09-15 15:00,58.82
898,2020-09-16 3:00,58.82
899,2020-09-16 15:00,58.82
900,2020-09-17 3:00,58.993
901,2020-09-17 15:00,58.993
902,2020-09-18 3:00,58.82
903,2020-09-18 15:00,58.303
904,2020-09-19 3:00,57.958
905,2020-09-19 15:00,57.441
906,2020-09-20 3:00,57.268
907,2020-09-20 15:00,57.096
908,2020-09-21 3:00,57.096
909,2020-09-21 15:00,56.923
910,2020-09-22 3:00,57.096
911,2020-09-22 15:00,57.096
912,2020-09-23 3:00,57.268
913,2020-09-23 15:00,57.441
914,2020-09-24 3:00,57.785
915,2020-09-24 15:00,57.958
916,2020-09-25 3:00,58.303
917,2020-09-25 15:00,58.303
918,2020-09-26 3:00,58.476
919,2020-09-26 15:00,58.647
920,2020-09-27 3:00,58.82
921,2020-09-27 15:00,58.993
922,2020-09-28 3:00,59.164
923,2020-09-28 15:00,58.993
924,2020-09-29 3:00,58.647
925,2020-09-29 15:00,58.303
926,2020-09-30 3:00,57.958
927,2020-09-30 15:00,57.614
928,2020-10-01 3:00,57.441
929,2020-10-01 15:00,57.096
930,2020-10-02 3:00,56.75
931,2020-10-02 15:00,56.057
932,2020-10-03 3:00,55.711
933,2020-10-03 15:00,55.189
934,2020-10-04 3:00,54.842
935,2020-10-04 15:00,54.495
936,2020-10-05 3:00,54.322
937,2020-10-05 15:00,53.973
938,2020-10-06 3:00,53.798
939,2020-10-06 15:00,53.798
940,2020-10-07 3:00,53.973
941,2020-10-07 15:00,54.147
942,2020-10-08 3:00,54.322
943,2020-10-08 15:00,54.322
944,2020-10-09 3:00,54.322
945,2020-10-09 15:00,54.147
946,2020-10-10 3:00,54.322
947,2020-10-10 15:00,54.669
948,2020-10-11 3:00,55.017
949,2020-10-11 15:00,54.842
950,2020-10-12 3:00,54.669
951,2020-10-12 15:00,54.495
952,2020-10-13 3:00,54.495
953,2020-10-13 15:00,54.322
954,2020-10-14 3:00,54.147
955,2020-10-14 15:00,53.973
956,2020-10-15 3:00,53.798
957,2020-10-15 15:00,53.798
958,2020-10-16 3:00,53.449
959,2020-10-16 15:00,52.925
960,2020-10-17 3:00,52.576
961,2020-10-17 15:00,52.05
962,2020-10-18 3:00,51.699
963,2020-10-18 15:00,51.699
964,2020-10-19 3:00,51.523
965,2020-10-19 15:00,51.172
966,2020-10-20 3:00,50.995
967,2020-10-20 15:00,50.819
968,2020-10-21 3:00,50.643
969,2020-10-21 15:00,50.466
970,2020-10-22 3:00,50.643
971,2020-10-22 15:00,50.643
972,2020-10-23 3:00,50.466
973,2020-10-23 15:00,50.643
974,2020-10-24 3:00,50.995
975,2020-10-24 15:00,50.643
976,2020-10-25 3:00,50.29
977,2020-10-25 15:00,49.937
978,2020-10-26 3:00,49.759
979,2020-10-26 15:00,49.404
980,2020-10-27 3:00,49.228
981,2020-10-27 15:00,48.871
982,2020-10-28 3:00,48.695
983,2020-10-28 15:00,48.339
984,2020-10-29 3:00,48.16
985,2020-10-29 15:00,48.16
986,2020-10-30 3:00,48.16
987,2020-10-30 15:00,47.982
988,2020-10-31 3:00,47.624
989,2020-10-31 15:00,47.266
990,2020-11-01 3:00,47.088
991,2020-11-01 15:00,47.266
992,2020-11-02 3:00,46.908
993,2020-11-02 15:00,46.728
994,2020-11-03 3:00,46.548
995,2020-11-03 15:00,46.369
996,2020-11-04 3:00,46.548
997,2020-11-04 15:00,46.728
998,2020-11-05 3:00,47.266
999,2020-11-05 15:00,47.624
1000,2020-11-06 3:00,47.982
1001,2020-11-06 15:00,48.16
1002,2020-11-07 3:00,48.339
1003,2020-11-07 15:00,48.695
1004,2020-11-08 3:00,49.05
1005,2020-11-08 15:00,49.05
1006,2020-11-09 3:00,49.404
1007,2020-11-09 15:00,49.759
1008,2020-11-10 3:00,50.29
1009,2020-11-10 15:00,50.643
1010,2020-11-11 3:00,51.172
1011,2020-11-11 15:00,51.346
1012,2020-11-12 3:00,50.819
1013,2020-11-12 15:00,49.937
1014,2020-11-13 3:00,49.404
1015,2020-11-13 15:00,49.05
1016,2020-11-14 3:00,48.695
1017,2020-11-14 15:00,48.16
1018,2020-11-15 3:00,47.624
1019,2020-11-15 15:00,47.266
1020,2020-11-16 3:00,47.266
1021,2020-11-16 15:00,46.908
1022,2020-11-17 3:00,46.548
1023,2020-11-17 15:00,46.369
1024,2020-11-18 3:00,46.008
1025,2020-11-18 15:00,45.648
1026,2020-11-19 3:00,45.466
1027,2020-11-19 15:00,45.286
1028,2020-11-20 3:00,45.466
1029,2020-11-20 15:00,45.828
1030,2020-11-21 3:00,46.008
1031,2020-11-21 15:00,46.008
1032,2020-11-22 3:00,45.828
1033,2020-11-22 15:00,45.648
1034,2020-11-23 3:00,45.286
1035,2020-11-23 15:00,45.286
1036,2020-11-24 3:00,45.104
1037,2020-11-24 15:00,44.742
1038,2020-11-25 3:00,44.379
1039,2020-11-25 15:00,44.195
1040,2020-11-26 3:00,43.648
1041,2020-11-26 15:00,43.466
1042,2020-11-27 3:00,43.466
1043,2020-11-27 15:00,43.466
1044,2020-11-28 3:00,43.648
1045,2020-11-28 15:00,43.466
1046,2020-11-29 3:00,43.282
1047,2020-11-29 15:00,43.282
1048,2020-11-30 3:00,43.282
1049,2020-11-30 15:00,43.282
1050,2020-12-01 3:00,43.099
1051,2020-12-01 15:00,42.915
1052,2020-12-02 3:00,42.732
1053,2020-12-02 15:00,42.548
1054,2020-12-03 3:00,42.363
1055,2020-12-03 15:00,42.179
1056,2020-12-04 3:00,41.994
1057,2020-12-04 15:00,41.994
1058,2020-12-05 3:00,41.994
1059,2020-12-05 15:00,41.994
1060,2020-12-06 3:00,41.994
1061,2020-12-06 15:00,41.81
1062,2020-12-07 3:00,41.625
1063,2020-12-07 15:00,41.625
1064,2020-12-08 3:00,41.439
1065,2020-12-08 15:00,41.439
1066,2020-12-09 3:00,41.439
1067,2020-12-09 15:00,41.439
1068,2020-12-10 3:00,41.439
1069,2020-12-10 15:00,41.439
1070,2020-12-11 3:00,41.439
1071,2020-12-11 15:00,41.625
1072,2020-12-12 3:00,41.625
1073,2020-12-12 15:00,41.625
1074,2020-12-13 3:00,41.439
1075,2020-12-13 15:00,41.439
1076,2020-12-14 3:00,41.254
1077,2020-12-14 15:00,41.067
1078,2020-12-15 3:00,41.067
1079,2020-12-15 15:00,41.067
1080,2020-12-16 3:00,40.881
1081,2020-12-16 15:00,40.881
1082,2020-12-17 3:00,40.696
1083,2020-12-17 15:00,40.696
1084,2020-12-18 3:00,40.696
1085,2020-12-18 15:00,40.696
1086,2020-12-19 3:00,40.509
1087,2020-12-19 15:00,40.509
1088,2020-12-20 3:00,40.509
1089,2020-12-20 15:00,40.321
1090,2020-12-21 3:00,40.321
1091,2020-12-21 15:00,40.321
1092,2020-12-22 3:00,40.321
1093,2020-12-22 15:00,40.134
1094,2020-12-23 3:00,40.134
1095,2020-12-23 15:00,40.134
1096,2020-12-24 3:00,39.007
1097,2020-12-24 15:00,39.384
1098,2020-12-25 3:00,39.573
1099,2020-12-25 15:00,39.384
1100,2020-12-26 3:00,39.384
1101,2020-12-26 15:00,39.196
1102,2020-12-27 3:00,39.196
1103,2020-12-27 15:00,39.007
1104,2020-12-28 3:00,38.818
1105,2020-12-28 15:00,38.818
1106,2020-12-29 3:00,38.818
1107,2020-12-29 15:00,38.629
1108,2020-12-30 3:00,38.629
1109,2020-12-30 15:00,38.44
1110,2020-12-31 3:00,38.44
1111,2020-12-31 15:00,38.44
1112,2021-01-01 3:00,38.25
1113,2021-01-01 15:00,38.25
1114,2021-01-02 3:00,38.25
1115,2021-01-02 15:00,38.25
1116,2021-01-03 3:00,38.25
1117,2021-01-03 15:00,38.25
1118,2021-01-04 3:00,38.25
1119,2021-01-04 15:00,38.25
1120,2021-01-05 3:00,38.25
1121,2021-01-05 15:00,38.25
1122,2021-01-06 3:00,38.25
1123,2021-01-06 15:00,38.25
1124,2021-01-07 3:00,38.25
1125,2021-01-07 15:00,38.25
1126,2021-01-08 3:00,38.25
1127,2021-01-08 15:00,38.25
1128,2021-01-09 3:00,38.25
1129,2021-01-09 15:00,38.25
1130,2021-01-10 3:00,38.25
1131,2021-01-10 15:00,38.25
1132,2021-01-11 3:00,38.25
1133,2021-01-11 15:00,38.25
1134,2021-01-12 3:00,38.25
1135,2021-01-12 15:00,38.061
1136,2021-01-13 3:00,38.061
1137,2021-01-13 15:00,38.061
1138,2021-01-14 3:00,38.061
1139,2021-01-14 15:00,38.061
1140,2021-01-15 3:00,38.061
1141,2021-01-15 15:00,38.061
1142,2021-01-16 3:00,38.061
1143,2021-01-16 15:00,38.061
1144,2021-01-17 3:00,38.061
1145,2021-01-17 15:00,38.061
1146,2021-01-18 3:00,37.87
1147,2021-01-18 15:00,37.87
1148,2021-01-19 3:00,37.87
1149,2021-01-19 15:00,37.87
1150,2021-01-20 3:00,37.87
1151,2021-01-20 15:00,37.87
1152,2021-01-21 3:00,37.87
1153,2021-01-21 15:00,37.87
1154,2021-01-22 3:00,37.87
1155,2021-01-22 15:00,37.87
1156,2021-01-23 3:00,37.87
1157,2021-01-23 15:00,37.679
1158,2021-01-24 3:00,37.679
1159,2021-01-24 15:00,37.679
1160,2021-01-25 3:00,37.679
1161,2021-01-25 15:00,37.679
1162,2021-01-26 3:00,37.488
1163,2021-01-26 15:00,37.488
1164,2021-01-27 3:00,37.488
1165,2021-01-27 15:00,37.488
1166,2021-01-28 3:00,37.488
1167,2021-01-28 15:00,37.488
1168,2021-01-29 3:00,37.488
1169,2021-01-29 15:00,37.488
1170,2021-01-30 3:00,37.488
1171,2021-01-30 15:00,37.488
1172,2021-01-31 3:00,37.488
1173,2021-01-31 15:00,37.488
1174,2021-02-01 3:00,37.488
1175,2021-02-01 15:00,37.488
1176,2021-02-02 3:00,37.297
1177,2021-02-02 15:00,37.297
1178,2021-02-03 3:00,37.297
1179,2021-02-03 15:00,37.297
1180,2021-02-04 3:00,37.297
1181,2021-02-04 15:00,37.297
1182,2021-02-05 3:00,37.297
1183,2021-02-05 15:00,37.297
1184,2021-02-06 3:00,37.297
1185,2021-02-06 15:00,37.297
1186,2021-02-07 3:00,37.297
1187,2021-02-07 15:00,37.297
1188,2021-02-08 3:00,37.297
1189,2021-02-08 15:00,37.107
1190,2021-02-09 3:00,37.107
1191,2021-02-09 15:00,37.107
1192,2021-02-10 3:00,37.107
1193,2021-02-10 15:00,37.107
1194,2021-02-11 3:00,37.107
1195,2021-02-11 15:00,37.107
1196,2021-02-12 3:00,37.107
1197,2021-02-12 15:00,37.107
1198,2021-02-13 3:00,37.107
1199,2021-02-13 15:00,37.107
1200,2021-02-14 3:00,37.107
1201,2021-02-14 15:00,36.914
1202,2021-02-15 3:00,36.914
1203,2021-02-15 15:00,36.914
1204,2021-02-16 3:00,36.914
1205,2021-02-16 15:00,36.914
1206,2021-02-17 3:00,36.914
1207,2021-02-17 15:00,36.914
1208,2021-02-18 3:00,36.914
1209,2021-02-18 15:00,36.914
1210,2021-02-19 3:00,36.914
1211,2021-02-19 15:00,36.914
1212,2021-02-20 3:00,36.914
1213,2021-02-20 15:00,36.914
1214,2021-02-21 3:00,36.723
1215,2021-02-21 15:00,36.723
1216,2021-02-22 3:00,36.723
1217,2021-02-22 15:00,36.723
1218,2021-02-23 3:00,36.723
1219,2021-02-23 15:00,36.723
1220,2021-02-24 3:00,36.723
1221,2021-02-24 15:00,36.723
1222,2021-02-25 3:00,36.723
1223,2021-02-25 15:00,36.723
1224,2021-02-26 3:00,36.723
1225,2021-02-26 15:00,36.723
1226,2021-02-27 3:00,36.723
1227,2021-02-27 15:00,36.531
1228,2021-02-28 3:00,36.531
1229,2021-02-28 15:00,36.531
1230,2021-03-01 3:00,36.531
1231,2021-03-01 15:00,36.531
1232,2021-03-02 3:00,36.531
1233,2021-03-02 15:00,36.531
1234,2021-03-03 3:00,36.531
1235,2021-03-03 15:00,36.531
1236,2021-03-04 3:00,36.338
1237,2021-03-04 15:00,36.338
1238,2021-03-05 3:00,36.338
1239,2021-03-05 15:00,36.338
1240,2021-03-06 3:00,36.338
1241,2021-03-06 15:00,36.338
1242,2021-03-07 3:00,36.338
1243,2021-03-07 15:00,36.338
1244,2021-03-08 3:00,36.338
1245,2021-03-08 15:00,36.338
1246,2021-03-09 3:00,36.338
1247,2021-03-09 15:00,36.338
1248,2021-03-10 3:00,36.145
1249,2021-03-10 15:00,35.951
1250,2021-03-11 3:00,35.37
1251,2021-03-11 15:00,35.564
1252,2021-03-12 3:00,36.338
1253,2021-03-12 15:00,36.531
1254,2021-03-13 3:00,36.723
1255,2021-03-13 15:00,36.723
1256,2021-03-14 3:00,36.723
1257,2021-03-14 15:00,36.531
1258,2021-03-15 3:00,36.723
1259,2021-03-15 15:00,36.723
1260,2021-03-16 3:00,36.723
1261,2021-03-16 15:00,36.531
1262,2021-03-17 3:00,36.338
1263,2021-03-17 15:00,36.338
1264,2021-03-18 3:00,36.531
1265,2021-03-18 15:00,36.723
1266,2021-03-19 3:00,36.723
1267,2021-03-19 15:00,36.723
1268,2021-03-20 3:00,36.723
1269,2021-03-20 15:00,36.723
1270,2021-03-21 3:00,37.107
1271,2021-03-21 15:00,37.297
1272,2021-03-22 3:00,37.679
1273,2021-03-22 15:00,38.061
1274,2021-03-23 3:00,38.44
1275,2021-03-23 15:00,39.007
1276,2021-03-24 3:00,39.573
1277,2021-03-24 15:00,40.134
1278,2021-03-25 3:00,40.509
1279,2021-03-25 15:00,40.696
1280,2021-03-26 3:00,40.881
1281,2021-03-26 15:00,40.696
1282,2021-03-27 3:00,40.509
1283,2021-03-27 15:00,40.321
1284,2021-03-28 3:00,40.134
1285,2021-03-28 15:00,40.134
1286,2021-03-29 3:00,39.947
1287,2021-03-29 15:00,39.76
1288,2021-03-30 3:00,39.573
1289,2021-03-30 15:00,39.573
1290,2021-03-31 3:00,40.134
1291,2021-03-31 15:00,40.321
1292,2021-04-01 3:00,40.134
1293,2021-04-01 15:00,39.76
1294,2021-04-02 3:00,39.573
1295,2021-04-02 15:00,39.196
1296,2021-04-03 3:00,39.196
1297,2021-04-03 15:00,39.007
1298,2021-04-04 3:00,39.384
1299,2021-04-04 15:00,39.573
1300,2021-04-05 3:00,40.134
1301,2021-04-05 15:00,40.509
1302,2021-04-06 3:00,41.439
1303,2021-04-06 15:00,41.81
1304,2021-04-07 3:00,42.548
1305,2021-04-07 15:00,42.915
1306,2021-04-08 3:00,43.831
1307,2021-04-08 15:00,44.195
1308,2021-04-09 3:00,44.922
1309,2021-04-09 15:00,45.104
1310,2021-04-10 3:00,45.104
1311,2021-04-10 15:00,44.922
1312,2021-04-11 3:00,45.286
1313,2021-04-11 15:00,45.648
1314,2021-04-12 3:00,46.008
1315,2021-04-12 15:00,45.828
1316,2021-04-13 3:00,45.828
1317,2021-04-13 15:00,45.648
1318,2021-04-14 3:00,45.466
1319,2021-04-14 15:00,45.104
1320,2021-04-15 3:00,44.742
1321,2021-04-15 15:00,44.195
1322,2021-04-16 3:00,44.013
1323,2021-04-16 15:00,43.648
1324,2021-04-17 3:00,43.831
1325,2021-04-17 15:00,43.648
1326,2021-04-18 3:00,43.831
1327,2021-04-18 15:00,43.648
1328,2021-04-19 3:00,43.831
1329,2021-04-19 15:00,44.013
1330,2021-04-20 3:00,43.831
1331,2021-04-20 15:00,43.466
1332,2021-04-21 3:00,43.099
1333,2021-04-21 15:00,42.732
1334,2021-04-22 3:00,42.363
1335,2021-04-22 15:00,42.179
1336,2021-04-23 3:00,42.179
1337,2021-04-23 15:00,42.179
1338,2021-04-24 3:00,42.548
1339,2021-04-24 15:00,42.732
1340,2021-04-25 3:00,42.915
1341,2021-04-25 15:00,42.915
1342,2021-04-26 3:00,43.099
1343,2021-04-26 15:00,43.099
1344,2021-04-27 3:00,43.099
1345,2021-04-27 15:00,43.099
1346,2021-04-28 3:00,43.648
1347,2021-04-28 15:00,44.195
1348,2021-04-29 3:00,44.56
1349,2021-04-29 15:00,44.742
1350,2021-04-30 3:00,44.922
1351,2021-04-30 15:00,44.742
1352,2021-05-01 3:00,44.922
1353,2021-05-01 15:00,44.742
1354,2021-05-02 3:00,44.742
1355,2021-05-02 15:00,45.286
1356,2021-05-03 3:00,46.008
1357,2021-05-03 15:00,46.548
1358,2021-05-04 3:00,46.908
1359,2021-05-04 15:00,47.088
1360,2021-05-05 3:00,47.088
1361,2021-05-05 15:00,46.728
1362,2021-05-06 3:00,46.728
1363,2021-05-06 15:00,46.548
1364,2021-05-07 3:00,46.188
1365,2021-05-07 15:00,45.828
1366,2021-05-08 3:00,45.648
1367,2021-05-08 15:00,45.286
1368,2021-05-09 3:00,45.286
1369,2021-05-09 15:00,45.286
1370,2021-05-10 3:00,45.286
1371,2021-05-10 15:00,45.104
1372,2021-05-11 3:00,45.286
1373,2021-05-11 15:00,44.922
1374,2021-05-12 3:00,44.922
1375,2021-05-12 15:00,44.742
1376,2021-05-13 3:00,45.286
1377,2021-05-13 15:00,45.286
1378,2021-05-14 3:00,45.828
1379,2021-05-14 15:00,46.008
1380,2021-05-15 3:00,46.369
1381,2021-05-15 15:00,46.369
1382,2021-05-16 3:00,46.728
1383,2021-05-16 15:00,46.728
1384,2021-05-17 3:00,46.908
1385,2021-05-17 15:00,47.088
1386,2021-05-18 3:00,47.624
1387,2021-05-18 15:00,47.982
1388,2021-05-19 3:00,48.517
1389,2021-05-19 15:00,48.871
1390,2021-05-20 3:00,49.228
1391,2021-05-20 15:00,49.404
1392,2021-05-21 3:00,49.937
1393,2021-05-21 15:00,50.29
1394,2021-05-22 3:00,50.819
1395,2021-05-22 15:00,50.995
1396,2021-05-23 3:00,51.523
1397,2021-05-23 15:00,51.874
1398,2021-05-24 3:00,52.05
1399,2021-05-24 15:00,51.874
1400,2021-05-25 3:00,51.699
1401,2021-05-25 15:00,52.05
1402,2021-05-26 3:00,52.925
1403,2021-05-26 15:00,53.1
1404,2021-05-27 3:00,53.274
1405,2021-05-27 15:00,52.75
1406,2021-05-28 3:00,52.225
1407,2021-05-28 15:00,51.346
1408,2021-05-29 3:00,50.819
1409,2021-05-29 15:00,50.29
1410,2021-05-30 3:00,50.113
1411,2021-05-30 15:00,49.937
1412,2021-05-31 3:00,50.113
1413,2021-05-31 15:00,50.113
1414,2021-06-01 3:00,50.29
1415,2021-06-01 15:00,50.466
1416,2021-06-02 3:00,50.643
1417,2021-06-02 15:00,50.819
1418,2021-06-03 3:00,51.172
1419,2021-06-03 15:00,51.346
1420,2021-06-04 3:00,51.699
1421,2021-06-04 15:00,52.05
1422,2021-06-05 3:00,52.401
1423,2021-06-05 15:00,52.576
1424,2021-06-06 3:00,53.1
1425,2021-06-06 15:00,53.274
1426,2021-06-07 3:00,53.798
1427,2021-06-07 15:00,53.973
1428,2021-06-08 3:00,54.322
1429,2021-06-08 15:00,54.495
1430,2021-06-09 3:00,54.842
1431,2021-06-09 15:00,55.017
1432,2021-06-10 3:00,55.364
1433,2021-06-10 15:00,55.537
1434,2021-06-11 3:00,55.711
1435,2021-06-11 15:00,55.884
1436,2021-06-12 3:00,56.23
1437,2021-06-12 15:00,56.23
1438,2021-06-13 3:00,56.404
1439,2021-06-13 15:00,56.23
1440,2021-06-14 3:00,56.404
1441,2021-06-14 15:00,56.23
1442,2021-06-15 3:00,56.23
1443,2021-06-15 15:00,56.057
1444,2021-06-16 3:00,55.884
1445,2021-06-16 15:00,55.711
1446,2021-06-17 3:00,55.537
1447,2021-06-17 15:00,55.537
1448,2021-06-18 3:00,55.537
1449,2021-06-18 15:00,55.884
1450,2021-06-19 3:00,56.404
1451,2021-06-19 15:00,56.577
1452,2021-06-20 3:00,56.75
1453,2021-06-20 15:00,56.577
1454,2021-06-21 3:00,56.923
1455,2021-06-21 15:00,56.923
1456,2021-06-22 3:00,56.75
1457,2021-06-22 15:00,56.057
1458,2021-06-23 3:00,55.711
1459,2021-06-23 15:00,55.537
1460,2021-06-24 3:00,55.537
1461,2021-06-24 15:00,55.537
1462,2021-06-25 3:00,55.711
1463,2021-06-25 15:00,55.884
1464,2021-06-26 3:00,56.404
1465,2021-06-26 15:00,56.75
1466,2021-06-27 3:00,57.614
1467,2021-06-27 15:00,57.958
1468,2021-06-28 3:00,58.303
1469,2021-06-28 15:00,58.303
1470,2021-06-29 3:00,58.476
1471,2021-06-29 15:00,58.647
1472,2021-06-30 3:00,58.993
1473,2021-06-30 15:00,59.164
1474,2021-07-01 3:00,59.508
1475,2021-07-01 15:00,59.508
1476,2021-07-02 3:00,59.508
1477,2021-07-02 15:00,59.337
1478,2021-07-03 3:00,59.164
1479,2021-07-03 15:00,58.993
1480,2021-07-04 3:00,59.337
1481,2021-07-04 15:00,59.508
1482,2021-07-05 3:00,60.024
1483,2021-07-05 15:00,60.195
1484,2021-07-06 3:00,60.539
1485,2021-07-06 15:00,60.712
1486,2021-07-07 3:00,61.398
1487,2021-07-07 15:00,61.398
1488,2021-07-08 3:00,61.227
1489,2021-07-08 15:00,60.712
1490,2021-07-09 3:00,60.539
1491,2021-07-09 15:00,60.195
1492,2021-07-10 3:00,60.195
1493,2021-07-10 15:00,60.024
1494,2021-07-11 3:00,60.024
1495,2021-07-11 15:00,60.024
1496,2021-07-12 3:00,60.024
1497,2021-07-12 15:00,59.851
1498,2021-07-13 3:00,59.851
1499,2021-07-13 15:00,60.024
1500,2021-07-14 3:00,60.368
1501,2021-07-14 15:00,60.368
1502,2021-07-15 3:00,60.883
1503,2021-07-15 15:00,61.227
1504,2021-07-16 3:00,61.398
1505,2021-07-16 15:00,61.227
1506,2021-07-17 3:00,61.227
1507,2021-07-17 15:00,61.054
1508,2021-07-18 3:00,61.054
1509,2021-07-18 15:00,61.054
1510,2021-07-19 3:00,61.398
1511,2021-07-19 15:00,61.398
1512,2021-07-20 3:00,61.741
1513,2021-07-20 15:00,61.741
1514,2021-07-21 3:00,61.912
1515,2021-07-21 15:00,61.741
1516,2021-07-22 3:00,61.741
1517,2021-07-22 15:00,61.569
1518,2021-07-23 3:00,61.569
1519,2021-07-23 15:00,61.398
1520,2021-07-24 3:00,61.569
1521,2021-07-24 15:00,61.741
1522,2021-07-25 3:00,62.083
1523,2021-07-25 15:00,62.083
1524,2021-07-26 3:00,62.425
1525,2021-07-26 15:00,62.425
1526,2021-07-27 3:00,62.769
1527,2021-07-27 15:00,62.769
1528,2021-07-28 3:00,62.769
1529,2021-07-28 15:00,62.769
1530,2021-07-29 3:00,62.94
1531,2021-07-29 15:00,62.94
1532,2021-07-30 3:00,63.111
1533,2021-07-30 15:00,62.769
1534,2021-07-31 3:00,62.598
1535,2021-07-31 15:00,62.083
1536,2021-08-01 3:00,62.083
1537,2021-08-01 15:00,61.741
1538,2021-08-02 3:00,61.741
1539,2021-08-02 15:00,61.398
1540,2021-08-03 3:00,61.398
1541,2021-08-03 15:00,61.227
1542,2021-08-04 3:00,61.398
1543,2021-08-04 15:00,61.227
1544,2021-08-05 3:00,61.569
1545,2021-08-05 15:00,61.741
1546,2021-08-06 3:00,61.912
1547,2021-08-06 15:00,61.912
1548,2021-08-07 3:00,61.912
1549,2021-08-07 15:00,61.912
1550,2021-08-08 3:00,62.254
1551,2021-08-08 15:00,62.425
1552,2021-08-09 3:00,62.769
1553,2021-08-09 15:00,62.94
1554,2021-08-10 3:00,63.968
1555,2021-08-10 15:00,63.797
1556,2021-08-11 3:00,64.139
1557,2021-08-11 15:00,64.139
1558,2021-08-12 3:00,64.825
1559,2021-08-12 15:00,64.652
1560,2021-08-13 3:00,64.825
1561,2021-08-13 15:00,64.825
1562,2021-08-14 3:00,64.652
1563,2021-08-14 15:00,64.31
1564,2021-08-15 3:00,64.139
1565,2021-08-15 15:00,63.797
1566,2021-08-16 3:00,63.797
1567,2021-08-16 15:00,63.455
1568,2021-08-17 3:00,63.626
1569,2021-08-17 15:00,63.455
1570,2021-08-18 3:00,63.455
1571,2021-08-18 15:00,63.455
1572,2021-08-19 3:00,63.626
1573,2021-08-19 15:00,63.626
1574,2021-08-20 3:00,63.968
1575,2021-08-20 15:00,63.968
1576,2021-08-21 3:00,64.139
1577,2021-08-21 15:00,64.31
1578,2021-08-22 3:00,64.481
1579,2021-08-22 15:00,64.481
1580,2021-08-23 3:00,64.652
1581,2021-08-23 15:00,64.31
1582,2021-08-24 3:00,64.481
1583,2021-08-24 15:00,64.31
1584,2021-08-25 3:00,64.996
1585,2021-08-25 15:00,64.825
1586,2021-08-26 3:00,64.996
1587,2021-08-26 15:00,64.996
1588,2021-08-27 3:00,65.338
1589,2021-08-27 15:00,65.167
1590,2021-08-28 3:00,65.338
1591,2021-08-28 15:00,65.338
1592,2021-08-29 3:00,65.509
1593,2021-08-29 15:00,65.68
1594,2021-08-30 3:00,65.851
1595,2021-08-30 15:00,65.68
1596,2021-08-31 3:00,65.68
1597,2021-08-31 15:00,65.338
1598,2021-09-01 3:00,64.996
1599,2021-09-01 15:00,64.652
1600,2021-09-02 3:00,64.481
1601,2021-09-02 15:00,63.968
1602,2021-09-03 3:00,63.968
1603,2021-09-03 15:00,63.626
1604,2021-09-04 3:00,63.455
1605,2021-09-04 15:00,63.111
1606,2021-09-05 3:00,63.111
1607,2021-09-05 15:00,62.94
1608,2021-09-06 3:00,62.94
1609,2021-09-06 15:00,62.769
1610,2021-09-07 3:00,62.598
1611,2021-09-07 15:00,62.425
1612,2021-09-08 3:00,62.425
1613,2021-09-08 15:00,62.254
1614,2021-09-09 3:00,62.083
1615,2021-09-09 15:00,61.741
1616,2021-09-10 3:00,61.741
1617,2021-09-10 15:00,61.569
1618,2021-09-11 3:00,61.569
1619,2021-09-11 15:00,61.569
1620,2021-09-12 3:00,61.741
1621,2021-09-12 15:00,62.083
1622,2021-09-13 3:00,62.083
1623,2021-09-13 15:00,61.741
1624,2021-09-14 3:00,61.569
1625,2021-09-14 15:00,61.569
1626,2021-09-15 3:00,61.741
1627,2021-09-15 15:00,61.569
1628,2021-09-16 3:00,61.741
1629,2021-09-16 15:00,61.398
1630,2021-09-17 3:00,61.398
1631,2021-09-17 15:00,61.398
1632,2021-09-18 3:00,61.569
1633,2021-09-18 15:00,61.569
1634,2021-09-19 3:00,61.398
1635,2021-09-19 15:00,61.227
1636,2021-09-20 3:00,61.227
1637,2021-09-20 15:00,61.398
1638,2021-09-21 3:00,61.569
1639,2021-09-21 15:00,61.741
1640,2021-09-22 3:00,61.741
1641,2021-09-22 15:00,61.398
1642,2021-09-23 3:00,60.883
1643,2021-09-23 15:00,59.851
1644,2021-09-24 3:00,59.337
1645,2021-09-24 15:00,58.993
1646,2021-09-25 3:00,58.993
1647,2021-09-25 15:00,58.993
1648,2021-09-26 3:00,58.993
1649,2021-09-26 15:00,58.647
1650,2021-09-27 3:00,58.82
1651,2021-09-27 15:00,58.82
1652,2021-09-28 3:00,59.337
1653,2021-09-28 15:00,59.164
1654,2021-09-29 3:00,59.164
1655,2021-09-29 15:00,58.993
1656,2021-09-30 3:00,58.993
1657,2021-09-30 15:00,58.993
1658,2021-10-01 3:00,59.164
1659,2021-10-01 15:00,59.164
1660,2021-10-02 3:00,59.337
1661,2021-10-02 15:00,59.337
1662,2021-10-03 3:00,59.68
1663,2021-10-03 15:00,59.851
1664,2021-10-04 3:00,60.024
1665,2021-10-04 15:00,60.024
1666,2021-10-05 3:00,60.024
1667,2021-10-05 15:00,60.024
1668,2021-10-06 3:00,60.024
1669,2021-10-06 15:00,59.851
1670,2021-10-07 3:00,59.68
1671,2021-10-07 15:00,59.68
1672,2021-10-08 3:00,59.68
1673,2021-10-08 15:00,59.851
1674,2021-10-09 3:00,60.024
1675,2021-10-09 15:00,60.024
1676,2021-10-10 3:00,60.195
1677,2021-10-10 15:00,60.195
1678,2021-10-11 3:00,60.368
1679,2021-10-11 15:00,60.539
1680,2021-10-12 3:00,60.712
1681,2021-10-12 15:00,60.712
1682,2021-10-13 3:00,60.712
1683,2021-10-13 15:00,60.712
1684,2021-10-14 3:00,60.712
1685,2021-10-14 15:00,60.539
1686,2021-10-15 3:00,60.539
1687,2021-10-15 15:00,60.195
1688,2021-10-16 3:00,60.024
1689,2021-10-16 15:00,59.508
1690,2021-10-17 3:00,58.82
1691,2021-10-17 15:00,58.303
1692,2021-10-18 3:00,57.958
1693,2021-10-18 15:00,57.614
1694,2021-10-19 3:00,57.441
1695,2021-10-19 15:00,57.441
1696,2021-10-20 3:00,57.441
1697,2021-10-20 15:00,57.614
1698,2021-10-21 3:00,57.614
1,2021-10-21 15:00,57.614
2,2021-10-22 3:00,57.614
3,2021-10-22 15:00,56.923
4,2021-10-23 3:00,56.404
5,2021-10-23 15:00,55.884
6,2021-10-24 3:00,55.537
7,2021-10-24 15:00,55.017
8,2021-10-25 3:00,54.669
9,2021-10-25 15:00,54.495
10,2021-10-26 3:00,54.147
11,2021-10-26 15:00,53.798
12,2021-10-27 3:00,53.449
13,2021-10-27 15:00,53.274
14,2021-10-28 3:00,53.1
15,2021-10-28 15:00,53.1
16,2021-10-29 3:00,53.274
17,2021-10-29 15:00,53.449
18,2021-10-30 3:00,53.449
19,2021-10-30 15:00,53.449
20,2021-10-31 3:00,53.449
21,2021-10-31 15:00,53.274
22,2021-11-01 3:00,53.1
23,2021-11-01 15:00,52.576
24,2021-11-02 3:00,52.05
25,2021-11-02 15:00,51.523
26,2021-11-03 3:00,51.172
27,2021-11-03 15:00,50.643
28,2021-11-04 3:00,50.29
29,2021-11-04 15:00,49.937
30,2021-11-05 3:00,49.937
31,2021-11-05 15:00,49.582
32,2021-11-06 3:00,49.582
33,2021-11-06 15:00,49.404
34,2021-11-07 3:00,49.582
35,2021-11-07 15:00,49.582
36,2021-11-08 3:00,49.937
37,2021-11-08 15:00,50.29
38,2021-11-09 3:00,50.466
39,2021-11-09 15:00,50.643
40,2021-11-10 3:00,50.643
41,2021-11-10 15:00,50.466
42,2021-11-11 3:00,50.29
43,2021-11-11 15:00,50.113
44,2021-11-12 3:00,50.29
45,2021-11-12 15:00,49.937
46,2021-11-13 3:00,49.404
47,2021-11-13 15:00,48.871
48,2021-11-14 3:00,48.517
49,2021-11-14 15:00,48.16
50,2021-11-15 3:00,47.802
51,2021-11-15 15:00,47.446
52,2021-11-16 3:00,47.088
53,2021-11-16 15:00,46.728
54,2021-11-17 3:00,46.548
55,2021-11-17 15:00,46.548
56,2021-11-18 3:00,46.728
57,2021-11-18 15:00,46.908
58,2021-11-19 3:00,46.548
59,2021-11-19 15:00,46.188
60,2021-11-20 3:00,46.008
61,2021-11-20 15:00,45.828
62,2021-11-21 3:00,45.648
63,2021-11-21 15:00,45.648
64,2021-11-22 3:00,45.648
65,2021-11-22 15:00,45.286
66,2021-11-23 3:00,44.922
67,2021-11-23 15:00,44.56
68,2021-11-24 3:00,44.195
69,2021-11-24 15:00,44.013
70,2021-11-25 3:00,44.013
71,2021-11-25 15:00,44.195
72,2021-11-26 3:00,44.195
73,2021-11-26 15:00,44.195
74,2021-11-27 3:00,43.831
75,2021-11-27 15:00,43.831
76,2021-11-28 3:00,43.648
77,2021-11-28 15:00,43.466
78,2021-11-29 3:00,43.466
79,2021-11-29 15:00,43.282
80,2021-11-30 3:00,43.282
81,2021-11-30 15:00,43.099
82,2021-12-01 3:00,43.099
83,2021-12-01 15:00,42.915
84,2021-12-02 3:00,42.915
85,2021-12-02 15:00,42.548
86,2021-12-03 3:00,42.732
87,2021-12-03 15:00,42.732
88,2021-12-04 3:00,42.732
89,2021-12-04 15:00,42.732
90,2021-12-05 3:00,42.548
91,2021-12-05 15:00,42.363
92,2021-12-06 3:00,42.179
93,2021-12-06 15:00,41.994
94,2021-12-07 3:00,41.994
95,2021-12-07 15:00,41.994
96,2021-12-08 3:00,41.81
97,2021-12-08 15:00,41.81
98,2021-12-09 3:00,41.81
99,2021-12-09 15:00,41.625
100,2021-12-10 3:00,41.625
101,2021-12-10 15:00,41.625
102,2021-12-11 3:00,38.44
103,2021-12-11 15:00,39.573
104,2021-12-12 3:00,40.321
105,2021-12-12 15:00,40.696
106,2021-12-13 3:00,40.696
107,2021-12-13 15:00,40.696
108,2021-12-14 3:00,40.881
109,2021-12-14 15:00,40.881
110,2021-12-15 3:00,40.881
111,2021-12-15 15:00,41.067
112,2021-12-16 3:00,41.625
113,2021-12-16 15:00,42.548
114,2021-12-17 3:00,42.732
115,2021-12-17 15:00,42.363
116,2021-12-18 3:00,41.994
117,2021-12-18 15:00,41.625
118,2021-12-19 3:00,41.254
119,2021-12-19 15:00,41.067
120,2021-12-20 3:00,40.881
121,2021-12-20 15:00,40.696
122,2021-12-21 3:00,40.509
123,2021-12-21 15:00,40.321
124,2021-12-22 3:00,40.321
125,2021-12-22 15:00,40.134
126,2021-12-23 3:00,39.947
127,2021-12-23 15:00,39.76
128,2021-12-24 3:00,39.573
129,2021-12-24 15:00,39.384
130,2021-12-25 3:00,39.384
131,2021-12-25 15:00,39.196
132,2021-12-26 3:00,39.384
133,2021-12-26 15:00,39.384
134,2021-12-27 3:00,39.384
135,2021-12-27 15:00,39.196
136,2021-12-28 3:00,39.196
137,2021-12-28 15:00,39.196
138,2021-12-29 3:00,39.007
139,2021-12-29 15:00,39.007
140,2021-12-30 3:00,39.007
141,2021-12-30 15:00,39.007
142,2021-12-31 3:00,39.007
143,2021-12-31 15:00,39.007
144,2022-01-01 3:00,39.007
145,2022-01-01 15:00,39.007
146,2022-01-02 3:00,39.007
147,2022-01-02 15:00,38.818
148,2022-01-03 3:00,38.818
149,2022-01-03 15:00,38.818
150,2022-01-04 3:00,38.629
151,2022-01-04 15:00,38.629
152,2022-01-05 3:00,38.629
153,2022-01-05 15:00,38.629
154,2022-01-06 3:00,38.44
155,2022-01-06 15:00,38.44
156,2022-01-07 3:00,38.44
157,2022-01-07 15:00,38.44
158,2022-01-08 3:00,38.44
159,2022-01-08 15:00,38.44
160,2022-01-09 3:00,38.44
161,2022-01-09 15:00,38.44
162,2022-01-10 3:00,38.44
163,2022-01-10 15:00,38.25
164,2022-01-11 3:00,38.25
165,2022-01-11 15:00,38.25
166,2022-01-12 3:00,38.25
167,2022-01-12 15:00,38.061
168,2022-01-13 3:00,38.061
169,2022-01-13 15:00,38.061
170,2022-01-14 3:00,38.061
171,2022-01-14 15:00,38.061
172,2022-01-15 3:00,38.061
173,2022-01-15 15:00,38.061
174,2022-01-16 3:00,38.061
175,2022-01-16 15:00,37.87
176,2022-01-17 3:00,37.87
177,2022-01-17 15:00,37.679
178,2022-01-18 3:00,37.679
179,2022-01-18 15:00,37.679
180,2022-01-19 3:00,37.488
181,2022-01-19 15:00,37.488
182,2022-01-20 3:00,37.488
183,2022-01-20 15:00,37.488
184,2022-01-21 3:00,37.488
185,2022-01-21 15:00,37.488
186,2022-01-22 3:00,37.297
187,2022-01-22 15:00,37.297
188,2022-01-23 3:00,37.297
189,2022-01-23 15:00,37.107
190,2022-01-24 3:00,37.107
191,2022-01-24 15:00,37.107
192,2022-01-25 3:00,37.107
193,2022-01-25 15:00,36.914
194,2022-01-26 3:00,36.914
195,2022-01-26 15:00,36.914
196,2022-01-27 3:00,36.914
197,2022-01-27 15:00,36.914
198,2022-01-28 3:00,36.914
199,2022-01-28 15:00,36.723
200,2022-01-29 3:00,36.723
201,2022-01-29 15:00,36.723
202,2022-01-30 3:00,36.723
203,2022-01-30 15:00,36.723
204,2022-01-31 3:00,36.723
205,2022-01-31 15:00,36.723
206,2022-02-01 3:00,36.723
207,2022-02-01 15:00,36.531
208,2022-02-02 3:00,36.531
209,2022-02-02 15:00,36.531
210,2022-02-03 3:00,36.531
211,2022-02-03 15:00,36.531
212,2022-02-04 3:00,36.531
213,2022-02-04 15:00,36.531
214,2022-02-05 3:00,36.531
215,2022-02-05 15:00,36.338
216,2022-02-06 3:00,36.338
217,2022-02-06 15:00,36.338
218,2022-02-07 3:00,36.338
219,2022-02-07 15:00,36.338
220,2022-02-08 3:00,36.338
221,2022-02-08 15:00,36.145
222,2022-02-09 3:00,36.145
223,2022-02-09 15:00,36.145
224,2022-02-10 3:00,36.145
225,2022-02-10 15:00,36.145
226,2022-02-11 3:00,36.145
227,2022-02-11 15:00,36.145
228,2022-02-12 3:00,36.145
229,2022-02-12 15:00,36.145
230,2022-02-13 3:00,36.145
231,2022-02-13 15:00,36.145
232,2022-02-14 3:00,36.145
233,2022-02-14 15:00,36.145
234,2022-02-15 3:00,36.145
235,2022-02-15 15:00,36.145
236,2022-02-16 3:00,36.145
237,2022-02-16 15:00,35.951
238,2022-02-17 3:00,35.758
239,2022-02-17 15:00,35.758
240,2022-02-18 3:00,35.758
241,2022-02-18 15:00,35.758
242,2022-02-19 3:00,35.758
243,2022-02-19 15:00,35.758
244,2022-02-20 3:00,35.758
245,2022-02-20 15:00,35.758
246,2022-02-21 3:00,35.758
247,2022-02-21 15:00,35.758
248,2022-02-22 3:00,35.758
249,2022-02-22 15:00,35.758
250,2022-02-23 3:00,35.758
251,2022-02-23 15:00,35.758
252,2022-02-24 3:00,35.758
253,2022-02-24 15:00,35.758
254,2022-02-25 3:00,35.758
255,2022-02-25 15:00,35.758
256,2022-02-26 3:00,35.564
257,2022-02-26 15:00,35.564
258,2022-02-27 3:00,35.564
259,2022-02-27 15:00,35.564
260,2022-02-28 3:00,35.564
261,2022-02-28 15:00,35.564
262,2022-03-01 3:00,35.564
263,2022-03-01 15:00,35.564
264,2022-03-02 3:00,35.564
265,2022-03-02 15:00,35.564
266,2022-03-03 3:00,35.564
267,2022-03-03 15:00,35.564
268,2022-03-04 3:00,35.564
269,2022-03-04 15:00,35.37
270,2022-03-05 3:00,35.37
271,2022-03-05 15:00,35.37
272,2022-03-06 3:00,35.175
273,2022-03-06 15:00,34.981
274,2022-03-07 3:00,34.981
275,2022-03-07 15:00,34.981
276,2022-03-08 3:00,35.175
277,2022-03-08 15:00,35.175
278,2022-03-09 3:00,35.175
279,2022-03-09 15:00,35.175
280,2022-03-10 3:00,35.175
281,2022-03-10 15:00,35.175
282,2022-03-11 3:00,35.175
283,2022-03-11 15:00,35.175
284,2022-03-12 3:00,35.175
285,2022-03-12 15:00,35.175
286,2022-03-13 3:00,35.175
287,2022-03-13 15:00,35.175
288,2022-03-14 3:00,35.175
289,2022-03-14 15:00,35.175
290,2022-03-15 3:00,35.175
291,2022-03-15 15:00,34.981
292,2022-03-16 3:00,34.981
293,2022-03-16 15:00,34.981
294,2022-03-17 3:00,34.786
295,2022-03-17 15:00,34.981
296,2022-03-18 3:00,35.564
297,2022-03-18 15:00,36.145
298,2022-03-19 3:00,36.531
299,2022-03-19 15:00,36.723
300,2022-03-20 3:00,36.723
301,2022-03-20 15:00,36.723
302,2022-03-21 3:00,37.107
303,2022-03-21 15:00,37.107
304,2022-03-22 3:00,37.488
305,2022-03-22 15:00,37.488
306,2022-03-23 3:00,37.488
307,2022-03-23 15:00,37.488
308,2022-03-24 3:00,37.488
309,2022-03-24 15:00,37.488
310,2022-03-25 3:00,37.679
311,2022-03-25 15:00,37.488
312,2022-03-26 3:00,37.488
313,2022-03-26 15:00,37.488
314,2022-03-27 3:00,37.297
315,2022-03-27 15:00,37.107
316,2022-03-28 3:00,36.914
317,2022-03-28 15:00,36.723
318,2022-03-29 3:00,36.531
319,2022-03-29 15:00,36.338
320,2022-03-30 3:00,36.145
321,2022-03-30 15:00,35.951
322,2022-03-31 3:00,35.758
323,2022-03-31 15:00,36.723
324,2022-04-01 3:00,36.914
325,2022-04-01 15:00,36.723
326,2022-04-02 3:00,36.531
327,2022-04-02 15:00,36.338
328,2022-04-03 3:00,36.338
329,2022-04-03 15:00,36.145
330,2022-04-04 3:00,36.338
331,2022-04-04 15:00,36.531
332,2022-04-05 3:00,36.531
333,2022-04-05 15:00,36.338
334,2022-04-06 3:00,36.531
335,2022-04-06 15:00,36.723
336,2022-04-07 3:00,37.297
337,2022-04-07 15:00,37.679
338,2022-04-08 3:00,37.87
339,2022-04-08 15:00,37.679
340,2022-04-09 3:00,37.87
341,2022-04-09 15:00,37.679
342,2022-04-10 3:00,37.488
343,2022-04-10 15:00,37.297
344,2022-04-11 3:00,37.679
345,2022-04-11 15:00,38.061
346,2022-04-12 3:00,38.818
347,2022-04-12 15:00,38.818
348,2022-04-13 3:00,39.384
349,2022-04-13 15:00,39.947
350,2022-04-14 3:00,40.881
351,2022-04-14 15:00,41.439
352,2022-04-15 3:00,41.254
353,2022-04-15 15:00,40.696
354,2022-04-16 3:00,40.321
355,2022-04-16 15:00,39.947
356,2022-04-17 3:00,39.384
357,2022-04-17 15:00,39.007
358,2022-04-18 3:00,39.196
359,2022-04-18 15:00,39.007
360,2022-04-19 3:00,38.818
361,2022-04-19 15:00,38.629
362,2022-04-20 3:00,38.44
363,2022-04-20 15:00,38.25
364,2022-04-21 3:00,38.44
365,2022-04-21 15:00,38.818
366,2022-04-22 3:00,39.76
367,2022-04-22 15:00,39.947
368,2022-04-23 3:00,40.134
369,2022-04-23 15:00,40.321
370,2022-04-24 3:00,41.439
371,2022-04-24 15:00,42.363
372,2022-04-25 3:00,43.466
373,2022-04-25 15:00,43.648
374,2022-04-26 3:00,43.648
375,2022-04-26 15:00,43.282
376,2022-04-27 3:00,42.732
377,2022-04-27 15:00,42.179
378,2022-04-28 3:00,41.994
379,2022-04-28 15:00,41.625
380,2022-04-29 3:00,41.625
381,2022-04-29 15:00,41.625
382,2022-04-30 3:00,42.179
383,2022-04-30 15:00,42.363
384,2022-05-01 3:00,42.548
385,2022-05-01 15:00,42.363
386,2022-05-02 3:00,42.548
387,2022-05-02 15:00,42.732
388,2022-05-03 3:00,42.732
389,2022-05-03 15:00,42.732
390,2022-05-04 3:00,42.732
391,2022-05-04 15:00,42.732
392,2022-05-05 3:00,43.282
393,2022-05-05 15:00,43.466
394,2022-05-06 3:00,43.831
395,2022-05-06 15:00,44.013
396,2022-05-07 3:00,44.195
397,2022-05-07 15:00,44.013
398,2022-05-08 3:00,44.56
399,2022-05-08 15:00,44.56
400,2022-05-09 3:00,44.922
401,2022-05-09 15:00,44.922
402,2022-05-10 3:00,45.648
403,2022-05-10 15:00,46.188
404,2022-05-11 3:00,47.266
405,2022-05-11 15:00,50.113
406,2022-05-12 3:00,49.759
407,2022-05-12 15:00,49.759
408,2022-05-13 3:00,50.643
409,2022-05-13 15:00,50.819
410,2022-05-14 3:00,51.523
411,2022-05-14 15:00,51.699
412,2022-05-15 3:00,52.05
413,2022-05-15 15:00,52.05
414,2022-05-16 3:00,52.05
415,2022-05-16 15:00,51.699
416,2022-05-17 3:00,51.874
417,2022-05-17 15:00,51.346
418,2022-05-18 3:00,51.172
419,2022-05-18 15:00,50.819
420,2022-05-19 3:00,50.466
421,2022-05-19 15:00,50.113
422,2022-05-20 3:00,50.29
423,2022-05-20 15:00,50.643
424,2022-05-21 3:00,50.995
425,2022-05-21 15:00,51.172
426,2022-05-22 3:00,51.172
427,2022-05-22 15:00,50.995
428,2022-05-23 3:00,50.819
429,2022-05-23 15:00,50.29
430,2022-05-24 3:00,50.113
431,2022-05-24 15:00,49.937
432,2022-05-25 3:00,49.937
433,2022-05-25 15:00,49.937
434,2022-05-26 3:00,49.937
435,2022-05-26 15:00,50.29
436,2022-05-27 3:00,50.995
437,2022-05-27 15:00,51.346
438,2022-05-28 3:00,51.523
439,2022-05-28 15:00,51.346
440,2022-05-29 3:00,51.346
441,2022-05-29 15:00,51.523
442,2022-05-30 3:00,51.874
443,2022-05-30 15:00,52.401
444,2022-05-31 3:00,52.925
445,2022-05-31 15:00,53.274
446,2022-06-01 3:00,53.798
447,2022-06-01 15:00,54.147
448,2022-06-02 3:00,54.147
449,2022-06-02 15:00,53.798
450,2022-06-03 3:00,53.623
451,2022-06-03 15:00,53.449
452,2022-06-04 3:00,53.449
453,2022-06-04 15:00,53.1
454,2022-06-05 3:00,53.1
455,2022-06-05 15:00,52.925
456,2022-06-06 3:00,52.75
457,2022-06-06 15:00,52.576
458,2022-06-07 3:00,52.576
459,2022-06-07 15:00,52.576
460,2022-06-08 3:00,52.576
461,2022-06-08 15:00,52.576
462,2022-06-09 3:00,52.576
463,2022-06-09 15:00,52.401
464,2022-06-10 3:00,52.576
465,2022-06-10 15:00,52.576
466,2022-06-11 3:00,52.925
467,2022-06-11 15:00,52.925
468,2022-06-12 3:00,53.1
469,2022-06-12 15:00,53.274
470,2022-06-13 3:00,53.449
471,2022-06-13 15:00,53.623
472,2022-06-14 3:00,53.798
473,2022-06-14 15:00,53.973
474,2022-06-15 3:00,54.322
475,2022-06-15 15:00,55.017
476,2022-06-16 3:00,55.884
477,2022-06-16 15:00,56.404
478,2022-06-17 3:00,56.75
479,2022-06-17 15:00,56.75
480,2022-06-18 3:00,56.75
481,2022-06-18 15:00,56.23
482,2022-06-19 3:00,55.884
483,2022-06-19 15:00,55.537
484,2022-06-20 3:00,55.537
485,2022-06-20 15:00,55.537
486,2022-06-21 3:00,55.884
487,2022-06-21 15:00,56.057
488,2022-06-22 3:00,56.577
489,2022-06-22 15:00,57.096
490,2022-06-23 3:00,57.268
491,2022-06-23 15:00,57.096
492,2022-06-24 3:00,56.923
493,2022-06-24 15:00,56.923
494,2022-06-25 3:00,57.096
495,2022-06-25 15:00,57.268
496,2022-06-26 3:00,57.441
497,2022-06-26 15:00,57.441
498,2022-06-27 3:00,57.441
499,2022-06-27 15:00,57.096
500,2022-06-28 3:00,56.75
501,2022-06-28 15:00,56.404
502,2022-06-29 3:00,56.404
503,2022-06-29 15:00,56.404
504,2022-06-30 3:00,56.577
505,2022-06-30 15:00,56.75
506,2022-07-01 3:00,57.096
507,2022-07-01 15:00,57.441
508,2022-07-02 3:00,57.614
509,2022-07-02 15:00,57.441
510,2022-07-03 3:00,57.441
511,2022-07-03 15:00,57.441
512,2022-07-04 3:00,57.614
513,2022-07-04 15:00,57.614
514,2022-07-05 3:00,57.785
515,2022-07-05 15:00,57.958
516,2022-07-06 3:00,58.303
517,2022-07-06 15:00,58.476
518,2022-07-07 3:00,58.476
519,2022-07-07 15:00,58.303
520,2022-07-08 3:00,58.476
521,2022-07-08 15:00,58.476
522,2022-07-09 3:00,58.476
523,2022-07-09 15:00,58.303
524,2022-07-10 3:00,58.303
525,2022-07-10 15:00,57.958
526,2022-07-11 3:00,57.958
527,2022-07-11 15:00,57.958
528,2022-07-12 3:00,58.131
529,2022-07-12 15:00,58.131
530,2022-07-13 3:00,58.131
531,2022-07-13 15:00,58.131
532,2022-07-14 3:00,58.131
533,2022-07-14 15:00,57.958
534,2022-07-15 3:00,58.131
535,2022-07-15 15:00,57.958
536,2022-07-16 3:00,58.303
537,2022-07-16 15:00,58.131
538,2022-07-17 3:00,58.476
539,2022-07-17 15:00,58.647
540,2022-07-18 3:00,58.82
541,2022-07-18 15:00,58.993
542,2022-07-19 3:00,59.508
543,2022-07-19 15:00,59.68
544,2022-07-20 3:00,60.024
545,2022-07-20 15:00,60.195
546,2022-07-21 3:00,60.368
547,2022-07-21 15:00,60.368
548,2022-07-22 3:00,60.539
549,2022-07-22 15:00,60.539
550,2022-07-23 3:00,60.712
551,2022-07-23 15:00,60.712
552,2022-07-24 3:00,60.883
553,2022-07-24 15:00,61.569
554,2022-07-25 3:00,61.398
555,2022-07-25 15:00,61.054
556,2022-07-26 3:00,60.883
557,2022-07-26 15:00,60.539
558,2022-07-27 3:00,60.539
559,2022-07-27 15:00,60.368
560,2022-07-28 3:00,60.539
561,2022-07-28 15:00,60.712
562,2022-07-29 3:00,60.712
563,2022-07-29 15:00,60.368
564,2022-07-30 3:00,60.368
565,2022-07-30 15:00,60.195
566,2022-07-31 3:00,60.368
567,2022-07-31 15:00,60.368
568,2022-08-01 3:00,60.539
569,2022-08-01 15:00,60.712
570,2022-08-02 3:00,60.883
571,2022-08-02 15:00,60.712
572,2022-08-03 3:00,60.883
573,2022-08-03 15:00,61.569
574,2022-08-04 3:00,61.741
575,2022-08-04 15:00,61.741
576,2022-08-05 3:00,62.083
577,2022-08-05 15:00,62.083
578,2022-08-06 3:00,62.254
579,2022-08-06 15:00,62.425
580,2022-08-07 3:00,62.769
581,2022-08-07 15:00,63.111
582,2022-08-08 3:00,63.282
583,2022-08-08 15:00,63.282
584,2022-08-09 3:00,63.282
585,2022-08-09 15:00,62.769
586,2022-08-10 3:00,62.598
587,2022-08-10 15:00,62.425
588,2022-08-11 3:00,62.598
589,2022-08-11 15:00,62.425
590,2022-08-12 3:00,62.254
591,2022-08-12 15:00,61.741
592,2022-08-13 3:00,61.741
593,2022-08-13 15:00,61.398
594,2022-08-14 3:00,60.712
595,2022-08-14 15:00,60.368
596,2022-08-15 3:00,60.368
597,2022-08-15 15:00,60.195
598,2022-08-16 3:00,60.539
599,2022-08-16 15:00,60.539
600,2022-08-17 3:00,60.712
601,2022-08-17 15:00,60.712
602,2022-08-18 3:00,60.883
603,2022-08-18 15:00,61.054
604,2022-08-19 3:00,61.227
605,2022-08-19 15:00,61.227
606,2022-08-20 3:00,61.569
607,2022-08-20 15:00,61.569
608,2022-08-21 3:00,61.741
609,2022-08-21 15:00,61.569
610,2022-08-22 3:00,61.741
611,2022-08-22 15:00,61.569
612,2022-08-23 3:00,61.741
613,2022-08-23 15:00,61.569
614,2022-08-24 3:00,61.741
615,2022-08-24 15:00,61.741
616,2022-08-25 3:00,62.083
617,2022-08-25 15:00,62.083
618,2022-08-26 3:00,62.083
619,2022-08-26 15:00,61.912
620,2022-08-27 3:00,61.912
621,2022-08-27 15:00,61.741
622,2022-08-28 3:00,61.741
623,2022-08-28 15:00,61.741
624,2022-08-29 3:00,63.282
625,2022-08-29 15:00,62.94
626,2022-08-30 3:00,63.282
627,2022-08-30 15:00,63.111
628,2022-08-31 3:00,62.94
629,2022-08-31 15:00,62.598
630,2022-09-01 3:00,62.598
631,2022-09-01 15:00,62.425
632,2022-09-02 3:00,62.769
633,2022-09-02 15:00,62.769
634,2022-09-03 3:00,63.111
635,2022-09-03 15:00,63.111
636,2022-09-04 3:00,63.282
637,2022-09-04 15:00,62.94
638,2022-09-05 3:00,62.598
639,2022-09-05 15:00,62.083
640,2022-09-06 3:00,61.912
641,2022-09-06 15:00,61.741
642,2022-09-07 3:00,61.741
643,2022-09-07 15:00,61.569
644,2022-09-08 3:00,61.741
645,2022-09-08 15:00,61.741
646,2022-09-09 3:00,61.912
647,2022-09-09 15:00,61.912
648,2022-09-10 3:00,62.083
649,2022-09-10 15:00,62.083
650,2022-09-11 3:00,62.254
651,2022-09-11 15:00,62.083
652,2022-09-12 3:00,61.912
653,2022-09-12 15:00,61.741
654,2022-09-13 3:00,61.569
655,2022-09-13 15:00,61.227
656,2022-09-14 3:00,61.227
657,2022-09-14 15:00,61.054
658,2022-09-15 3:00,61.227
659,2022-09-15 15:00,60.883
660,2022-09-16 3:00,60.883
661,2022-09-16 15:00,60.883
662,2022-09-17 3:00,61.227
663,2022-09-17 15:00,61.227
664,2022-09-18 3:00,61.569
665,2022-09-18 15:00,61.741
666,2022-09-19 3:00,61.912
667,2022-09-19 15:00,62.083
668,2022-09-20 3:00,62.083
669,2022-09-20 15:00,61.741
670,2022-09-21 3:00,61.569
671,2022-09-21 15:00,61.398
672,2022-09-22 3:00,61.569
673,2022-09-22 15:00,61.054
674,2022-09-23 3:00,60.368
675,2022-09-23 15:00,59.68
676,2022-09-24 3:00,59.337
677,2022-09-24 15:00,58.82
678,2022-09-25 3:00,58.647
679,2022-09-25 15:00,58.476
680,2022-09-26 3:00,58.303
681,2022-09-26 15:00,58.131
682,2022-09-27 3:00,57.785
683,2022-09-27 15:00,57.441
684,2022-09-28 3:00,57.096
685,2022-09-28 15:00,56.75
686,2022-09-29 3:00,56.404
687,2022-09-29 15:00,55.884
688,2022-09-30 3:00,55.711
689,2022-09-30 15:00,55.537
690,2022-10-01 3:00,55.711
691,2022-10-01 15:00,55.711
692,2022-10-02 3:00,55.884
693,2022-10-02 15:00,55.884
694,2022-10-03 3:00,55.711
695,2022-10-03 15:00,55.364
696,2022-10-04 3:00,55.364
697,2022-10-04 15:00,55.364
698,2022-10-05 3:00,55.537
699,2022-10-05 15:00,55.711
700,2022-10-06 3:00,55.884
701,2022-10-06 15:00,55.884
702,2022-10-07 3:00,55.884
703,2022-10-07 15:00,55.364
704,2022-10-08 3:00,54.669
705,2022-10-08 15:00,54.147
706,2022-10-09 3:00,53.798
707,2022-10-09 15:00,53.449
708,2022-10-10 3:00,53.449
709,2022-10-10 15:00,53.274
710,2022-10-11 3:00,53.449
711,2022-10-11 15:00,53.449
712,2022-10-12 3:00,53.798
713,2022-10-12 15:00,54.147
714,2022-10-13 3:00,54.147
715,2022-10-13 15:00,53.973
716,2022-10-14 3:00,53.449
717,2022-10-14 15:00,52.925
718,2022-10-15 3:00,52.401
719,2022-10-15 15:00,52.05
720,2022-10-16 3:00,51.699
721,2022-10-16 15:00,51.346
722,2022-10-17 3:00,51.346
723,2022-10-17 15:00,50.819
724,2022-10-18 3:00,50.29
725,2022-10-18 15:00,49.937
726,2022-10-19 3:00,49.582
727,2022-10-19 15:00,49.228
728,2022-10-20 3:00,49.05
729,2022-10-20 15:00,48.695
730,2022-10-21 3:00,48.695
731,2022-10-21 15:00,48.695
732,2022-10-22 3:00,49.05
733,2022-10-22 15:00,49.404
734,2022-10-23 3:00,50.113
735,2022-10-23 15:00,50.466
736,2022-10-24 3:00,51.172
737,2022-10-24 15:00,51.523
738,2022-10-25 3:00,52.05
739,2022-10-25 15:00,52.225
740,2022-10-26 3:00,52.401
741,2022-10-26 15:00,52.225
742,2022-10-27 3:00,51.874
743,2022-10-27 15:00,51.346
744,2022-10-28 3:00,50.995
745,2022-10-28 15:00,50.643
746,2022-10-29 3:00,50.643
747,2022-10-29 15:00,50.466
748,2022-10-30 3:00,50.466
749,2022-10-30 15:00,50.466
750,2022-10-31 3:00,50.466
751,2022-10-31 15:00,50.643
752,2022-11-01 3:00,50.819
753,2022-11-01 15:00,50.819
754,2022-11-02 3:00,50.995
755,2022-11-02 15:00,50.819
756,2022-11-03 3:00,50.995
757,2022-11-03 15:00,50.995
758,2022-11-04 3:00,51.172
759,2022-11-04 15:00,51.346
760,2022-11-05 3:00,51.699
761,2022-11-05 15:00,52.05
762,2022-11-06 3:00,52.225
763,2022-11-06 15:00,51.874
764,2022-11-07 3:00,51.699
765,2022-11-07 15:00,51.346
766,2022-11-08 3:00,50.995
2,2022-11-09 0:00,50.113
3,2022-11-09 12:00,49.759
4,2022-11-10 0:00,49.759
5,2022-11-10 12:00,49.937
6,2022-11-11 0:00,50.29
7,2022-11-11 12:00,50.819
8,2022-11-12 0:00,50.819
9,2022-11-12 12:00,50.29
10,2022-11-13 0:00,49.759
11,2022-11-13 12:00,49.05
12,2022-11-14 0:00,48.517
13,2022-11-14 12:00,47.982
14,2022-11-15 0:00,47.624
15,2022-11-15 12:00,47.266
16,2022-11-16 0:00,46.908
17,2022-11-16 12:00,46.728
18,2022-11-17 0:00,46.548
19,2022-11-17 12:00,46.369
20,2022-11-18 0:00,46.188
21,2022-11-18 12:00,46.008
22,2022-11-19 0:00,45.648
23,2022-11-19 12:00,45.466
24,2022-11-20 0:00,45.286
25,2022-11-20 12:00,45.104
26,2022-11-21 0:00,44.922
27,2022-11-21 12:00,44.742
28,2022-11-22 0:00,44.56
29,2022-11-22 12:00,44.379
30,2022-11-23 0:00,44.379
31,2022-11-23 12:00,44.195
32,2022-11-24 0:00,44.013
33,2022-11-24 12:00,43.831
34,2022-11-25 0:00,43.648
35,2022-11-25 12:00,43.648
36,2022-11-26 0:00,43.831
37,2022-11-26 12:00,43.831
38,2022-11-27 0:00,43.831
39,2022-11-27 12:00,43.831
40,2022-11-28 0:00,44.013
41,2022-11-28 12:00,44.013
42,2022-11-29 0:00,43.831
43,2022-11-29 12:00,43.831
44,2022-11-30 0:00,43.831
45,2022-11-30 12:00,44.013
46,2022-12-01 0:00,43.831
47,2022-12-01 12:00,43.282
48,2022-12-02 0:00,42.915
49,2022-12-02 12:00,42.548
50,2022-12-03 0:00,42.363
51,2022-12-03 12:00,42.548
52,2022-12-04 0:00,42.548
53,2022-12-04 12:00,42.363
54,2022-12-05 0:00,41.994
55,2022-12-05 12:00,41.81
56,2022-12-06 0:00,41.625
57,2022-12-06 12:00,41.439
58,2022-12-07 0:00,41.439
59,2022-12-07 12:00,41.439
60,2022-12-08 0:00,41.439
61,2022-12-08 12:00,41.439
62,2022-12-09 0:00,41.254
63,2022-12-09 12:00,41.254
64,2022-12-10 0:00,41.067
65,2022-12-10 12:00,40.881
66,2022-12-11 0:00,40.881
67,2022-12-11 12:00,40.696
68,2022-12-12 0:00,40.696
69,2022-12-12 12:00,40.696
70,2022-12-13 0:00,40.696
71,2022-12-13 12:00,40.696
72,2022-12-14 0:00,40.696
73,2022-12-14 12:00,40.509
74,2022-12-15 0:00,40.509
75,2022-12-15 12:00,40.321
76,2022-12-16 0:00,40.321
77,2022-12-16 12:00,40.134
78,2022-12-17 0:00,40.134
79,2022-12-17 12:00,40.134
80,2022-12-18 0:00,40.134
81,2022-12-18 12:00,40.134
82,2022-12-19 0:00,40.134
83,2022-12-19 12:00,40.134
84,2022-12-20 0:00,40.134
85,2022-12-20 12:00,39.947
86,2022-12-21 0:00,39.947
87,2022-12-21 12:00,39.947
88,2022-12-22 0:00,39.947
89,2022-12-22 12:00,39.947
90,2022-12-23 0:00,39.76
91,2022-12-23 12:00,39.76
92,2022-12-24 0:00,39.76
93,2022-12-24 12:00,39.76
94,2022-12-25 0:00,39.573
95,2022-12-25 12:00,39.573
96,2022-12-26 0:00,39.573
97,2022-12-26 12:00,39.573
98,2022-12-27 0:00,39.573
99,2022-12-27 12:00,39.384
100,2022-12-28 0:00,39.384
101,2022-12-28 12:00,39.384
102,2022-12-29 0:00,39.384
103,2022-12-29 12:00,39.384
104,2022-12-30 0:00,38.44
105,2022-12-30 12:00,38.44
106,2022-12-31 0:00,39.196
107,2022-12-31 12:00,39.573
108,2023-01-01 0:00,39.573
109,2023-01-01 12:00,39.384
110,2023-01-02 0:00,39.196
111,2023-01-02 12:00,39.196
112,2023-01-03 0:00,39.196
113,2023-01-03 12:00,39.196
114,2023-01-04 0:00,39.196
115,2023-01-04 12:00,39.196
116,2023-01-05 0:00,39.384
117,2023-01-05 12:00,39.573
118,2023-01-06 0:00,39.384
119,2023-01-06 12:00,39.196
120,2023-01-07 0:00,39.196
121,2023-01-07 12:00,39.007
122,2023-01-08 0:00,39.007
123,2023-01-08 12:00,38.818
124,2023-01-09 0:00,38.629
125,2023-01-09 12:00,38.629
126,2023-01-10 0:00,38.44
127,2023-01-10 12:00,38.44
128,2023-01-11 0:00,38.44
129,2023-01-11 12:00,38.44
130,2023-01-12 0:00,38.44
131,2023-01-12 12:00,38.629
132,2023-01-13 0:00,38.629
133,2023-01-13 12:00,38.629
134,2023-01-14 0:00,38.44
135,2023-01-14 12:00,38.25
136,2023-01-15 0:00,38.061
137,2023-01-15 12:00,37.87
138,2023-01-16 0:00,37.87
139,2023-01-16 12:00,37.679
140,2023-01-17 0:00,37.488
141,2023-01-17 12:00,37.488
142,2023-01-18 0:00,37.488
143,2023-01-18 12:00,37.488
144,2023-01-19 0:00,37.679
145,2023-01-19 12:00,37.679
146,2023-01-20 0:00,37.679
147,2023-01-20 12:00,37.679
148,2023-01-21 0:00,37.679
149,2023-01-21 12:00,37.679
150,2023-01-22 0:00,37.488
151,2023-01-22 12:00,37.488
152,2023-01-23 0:00,37.488
153,2023-01-23 12:00,37.488
154,2023-01-24 0:00,37.297
155,2023-01-24 12:00,37.297
156,2023-01-25 0:00,37.297
157,2023-01-25 12:00,37.297
158,2023-01-26 0:00,37.297
159,2023-01-26 12:00,37.297
160,2023-01-27 0:00,37.297
161,2023-01-27 12:00,37.297
162,2023-01-28 0:00,37.297
163,2023-01-28 12:00,37.297
164,2023-01-29 0:00,37.297
165,2023-01-29 12:00,37.297
166,2023-01-30 0:00,37.297
167,2023-01-30 12:00,37.297
168,2023-01-31 0:00,37.297
169,2023-01-31 12:00,37.297
170,2023-02-01 0:00,37.297
171,2023-02-01 12:00,37.297
172,2023-02-02 0:00,37.297
173,2023-02-02 12:00,37.107
174,2023-02-03 0:00,37.107
175,2023-02-03 12:00,37.107
176,2023-02-04 0:00,37.107
177,2023-02-04 12:00,37.107
178,2023-02-05 0:00,37.107
179,2023-02-05 12:00,37.107
180,2023-02-06 0:00,37.107
181,2023-02-06 12:00,36.914
182,2023-02-07 0:00,36.914
183,2023-02-07 12:00,36.914
184,2023-02-08 0:00,36.914
185,2023-02-08 12:00,36.914
186,2023-02-09 0:00,36.914
187,2023-02-09 12:00,36.723
188,2023-02-10 0:00,36.531
189,2023-02-10 12:00,36.723
190,2023-02-11 0:00,36.723
191,2023-02-11 12:00,36.723
192,2023-02-12 0:00,36.723
193,2023-02-12 12:00,36.723
194,2023-02-13 0:00,36.723
195,2023-02-13 12:00,36.723
196,2023-02-14 0:00,36.723
197,2023-02-14 12:00,36.723
198,2023-02-15 0:00,36.531
199,2023-02-15 12:00,36.338
200,2023-02-16 0:00,36.531
201,2023-02-16 12:00,36.531
202,2023-02-17 0:00,36.531
203,2023-02-17 12:00,36.531
204,2023-02-18 0:00,36.531
205,2023-02-18 12:00,36.531
206,2023-02-19 0:00,36.531
207,2023-02-19 12:00,36.338
208,2023-02-20 0:00,36.338
209,2023-02-20 12:00,36.338
210,2023-02-21 0:00,36.338
211,2023-02-21 12:00,36.338
212,2023-02-22 0:00,36.338
213,2023-02-22 12:00,36.338
214,2023-02-23 0:00,36.338
215,2023-02-23 12:00,36.338
216,2023-02-24 0:00,36.145
217,2023-02-24 12:00,36.145
218,2023-02-25 0:00,36.145
219,2023-02-25 12:00,36.145
220,2023-02-26 0:00,36.145
221,2023-02-26 12:00,36.145
222,2023-02-27 0:00,36.145
223,2023-02-27 12:00,36.145
224,2023-02-28 0:00,36.145
225,2023-02-28 12:00,36.145
226,2023-03-01 0:00,36.145
227,2023-03-01 12:00,36.145
228,2023-03-02 0:00,36.145
229,2023-03-02 12:00,36.145
230,2023-03-03 0:00,36.145
231,2023-03-03 12:00,36.145
232,2023-03-04 0:00,36.145
233,2023-03-04 12:00,36.145
234,2023-03-05 0:00,36.145
235,2023-03-05 12:00,36.145
236,2023-03-06 0:00,35.951
237,2023-03-06 12:00,36.145
238,2023-03-07 0:00,36.145
239,2023-03-07 12:00,36.145
240,2023-03-08 0:00,35.951
241,2023-03-08 12:00,35.951
242,2023-03-09 0:00,35.951
243,2023-03-09 12:00,35.951
244,2023-03-10 0:00,35.951
245,2023-03-10 12:00,35.951
246,2023-03-11 0:00,35.951
247,2023-03-11 12:00,35.951
248,2023-03-12 0:00,35.951
249,2023-03-12 12:00,35.951
250,2023-03-13 0:00,35.951
251,2023-03-13 12:00,35.951
252,2023-03-14 0:00,35.951
253,2023-03-14 12:00,35.951
254,2023-03-15 0:00,35.951
255,2023-03-15 12:00,35.951
256,2023-03-16 0:00,35.951
257,2023-03-16 12:00,35.951
258,2023-03-17 0:00,35.564
259,2023-03-17 12:00,35.37
260,2023-03-18 0:00,35.564
261,2023-03-18 12:00,35.758
262,2023-03-19 0:00,35.758
263,2023-03-19 12:00,35.758
264,2023-03-20 0:00,35.758
265,2023-03-20 12:00,35.758
266,2023-03-21 0:00,35.758
267,2023-03-21 12:00,35.758
268,2023-03-22 0:00,35.758
269,2023-03-22 12:00,35.758
270,2023-03-23 0:00,35.564
271,2023-03-23 12:00,35.564
272,2023-03-24 0:00,35.564
273,2023-03-24 12:00,35.564
274,2023-03-25 0:00,35.564
275,2023-03-25 12:00,35.564
276,2023-03-26 0:00,35.37
277,2023-03-26 12:00,35.37
278,2023-03-27 0:00,35.37
279,2023-03-27 12:00,35.37
280,2023-03-28 0:00,35.37
281,2023-03-28 12:00,35.564
282,2023-03-29 0:00,35.564
283,2023-03-29 12:00,35.564
284,2023-03-30 0:00,35.564
285,2023-03-30 12:00,35.564
286,2023-03-31 0:00,35.37
287,2023-03-31 12:00,35.37
288,2023-04-01 0:00,35.758
289,2023-04-01 12:00,36.723
290,2023-04-02 0:00,36.914
291,2023-04-02 12:00,36.723
292,2023-04-03 0:00,36.531
293,2023-04-03 12:00,36.723
294,2023-04-04 0:00,37.297
295,2023-04-04 12:00,37.87
296,2023-04-05 0:00,38.061
297,2023-04-05 12:00,39.007
298,2023-04-06 0:00,39.76
299,2023-04-06 12:00,39.76
300,2023-04-07 0:00,39.573
301,2023-04-07 12:00,39.196
302,2023-04-08 0:00,39.196
303,2023-04-08 12:00,39.007
304,2023-04-09 0:00,39.196
305,2023-04-09 12:00,39.384
306,2023-04-10 0:00,39.76
307,2023-04-10 12:00,39.947
308,2023-04-11 0:00,40.509
309,2023-04-11 12:00,40.881
310,2023-04-12 0:00,41.439
311,2023-04-12 12:00,41.994
312,2023-04-13 0:00,42.732
313,2023-04-13 12:00,43.466
314,2023-04-14 0:00,44.195
315,2023-04-14 12:00,44.379
316,2023-04-15 0:00,45.104
317,2023-04-15 12:00,45.466
318,2023-04-16 0:00,46.008
319,2023-04-16 12:00,46.369
320,2023-04-17 0:00,46.369
321,2023-04-17 12:00,45.466
322,2023-04-18 0:00,44.379
323,2023-04-18 12:00,43.466
324,2023-04-19 0:00,42.915
325,2023-04-19 12:00,42.363
326,2023-04-20 0:00,42.179
327,2023-04-20 12:00,41.994
328,2023-04-21 0:00,42.363
329,2023-04-21 12:00,43.099
330,2023-04-22 0:00,43.466
331,2023-04-22 12:00,43.466
332,2023-04-23 0:00,43.282
333,2023-04-23 12:00,42.915
334,2023-04-24 0:00,42.732
335,2023-04-24 12:00,42.179
336,2023-04-25 0:00,42.179
337,2023-04-25 12:00,41.994
338,2023-04-26 0:00,41.994
339,2023-04-26 12:00,41.81
340,2023-04-27 0:00,41.81
341,2023-04-27 12:00,41.625
342,2023-04-28 0:00,42.179
343,2023-04-28 12:00,42.363
344,2023-04-29 0:00,42.732
345,2023-04-29 12:00,43.099
346,2023-04-30 0:00,43.466
347,2023-04-30 12:00,43.466
348,2023-05-01 0:00,43.466
349,2023-05-01 12:00,43.099
350,2023-05-02 0:00,42.915
351,2023-05-02 12:00,42.363
352,2023-05-03 0:00,42.179
353,2023-05-03 12:00,41.994
354,2023-05-04 0:00,42.363
355,2023-05-04 12:00,42.548
356,2023-05-05 0:00,43.099
357,2023-05-05 12:00,43.282
358,2023-05-06 0:00,43.831
359,2023-05-06 12:00,44.195
360,2023-05-07 0:00,44.56
361,2023-05-07 12:00,44.922
362,2023-05-08 0:00,45.466
363,2023-05-08 12:00,45.828
364,2023-05-09 0:00,46.188
365,2023-05-09 12:00,46.008
366,2023-05-10 0:00,46.548
367,2023-05-10 12:00,46.908
368,2023-05-11 0:00,47.624
369,2023-05-11 12:00,47.802
370,2023-05-12 0:00,48.517
371,2023-05-12 12:00,48.695
372,2023-05-13 0:00,49.05
373,2023-05-13 12:00,49.228
374,2023-05-14 0:00,49.404
375,2023-05-14 12:00,49.404
376,2023-05-15 0:00,49.228
377,2023-05-15 12:00,48.871
378,2023-05-16 0:00,48.871
379,2023-05-16 12:00,48.871
380,2023-05-17 0:00,49.05
381,2023-05-17 12:00,48.871
382,2023-05-18 0:00,48.695
383,2023-05-18 12:00,48.517
384,2023-05-19 0:00,48.517
385,2023-05-19 12:00,48.517
386,2023-05-20 0:00,48.517
387,2023-05-20 12:00,48.517
388,2023-05-21 0:00,48.339
389,2023-05-21 12:00,48.339
390,2023-05-22 0:00,48.517
391,2023-05-22 12:00,48.695
392,2023-05-23 0:00,49.05
393,2023-05-23 12:00,49.228
394,2023-05-24 0:00,49.582
395,2023-05-24 12:00,49.759
396,2023-05-25 0:00,49.937
397,2023-05-25 12:00,49.759
398,2023-05-26 0:00,49.404
399,2023-05-26 12:00,49.228
400,2023-05-27 0:00,49.228
401,2023-05-27 12:00,49.404
402,2023-05-28 0:00,49.582
403,2023-05-28 12:00,49.759
404,2023-05-29 0:00,50.113
405,2023-05-29 12:00,50.29
406,2023-05-30 0:00,50.643
407,2023-05-30 12:00,50.819
408,2023-05-31 0:00,51.346
409,2023-05-31 12:00,51.699
410,2023-06-01 0:00,52.05
411,2023-06-01 12:00,52.401
412,2023-06-02 0:00,52.576
413,2023-06-02 12:00,52.925
414,2023-06-03 0:00,53.1
415,2023-06-03 12:00,53.274
416,2023-06-04 0:00,53.449
417,2023-06-04 12:00,53.449
418,2023-06-05 0:00,53.449
419,2023-06-05 12:00,53.274
420,2023-06-06 0:00,53.274
421,2023-06-06 12:00,53.274
422,2023-06-07 0:00,53.274
423,2023-06-07 12:00,52.925
424,2023-06-08 0:00,52.75
425,2023-06-08 12:00,52.576
426,2023-06-09 0:00,52.576
427,2023-06-09 12:00,52.401
428,2023-06-10 0:00,52.576
429,2023-06-10 12:00,52.401
430,2023-06-11 0:00,52.576
431,2023-06-11 12:00,52.75
432,2023-06-12 0:00,52.576
433,2023-06-12 12:00,52.05
434,2023-06-13 0:00,51.874
435,2023-06-13 12:00,51.699
436,2023-06-14 0:00,51.523
437,2023-06-14 12:00,51.346
438,2023-06-15 0:00,51.523
439,2023-06-15 12:00,51.699
440,2023-06-16 0:00,51.699
441,2023-06-16 12:00,51.523
442,2023-06-17 0:00,51.699
443,2023-06-17 12:00,51.874
444,2023-06-18 0:00,52.05
445,2023-06-18 12:00,52.401
446,2023-06-19 0:00,52.75
447,2023-06-19 12:00,52.925
448,2023-06-20 0:00,53.274
449,2023-06-20 12:00,53.449
450,2023-06-21 0:00,53.623
451,2023-06-21 12:00,53.973
452,2023-06-22 0:00,54.147
453,2023-06-22 12:00,54.322
454,2023-06-23 0:00,54.495
455,2023-06-23 12:00,54.669
456,2023-06-24 0:00,54.842
457,2023-06-24 12:00,54.842
458,2023-06-25 0:00,55.189
459,2023-06-25 12:00,55.364
460,2023-06-26 0:00,56.057
461,2023-06-26 12:00,55.711
462,2023-06-27 0:00,56.057
463,2023-06-27 12:00,55.711
464,2023-06-28 0:00,55.537
465,2023-06-28 12:00,55.537
466,2023-06-29 0:00,55.537
467,2023-06-29 12:00,55.711
468,2023-06-30 0:00,56.404
469,2023-06-30 12:00,56.577
470,2023-07-01 0:00,56.923
471,2023-07-01 12:00,57.268
472,2023-07-02 0:00,57.614
473,2023-07-02 12:00,57.785
474,2023-07-03 0:00,57.958
475,2023-07-03 12:00,58.131
476,2023-07-04 0:00,58.476
477,2023-07-04 12:00,58.647
478,2023-07-05 0:00,58.82
479,2023-07-05 12:00,59.164
480,2023-07-06 0:00,59.508
481,2023-07-06 12:00,59.68
482,2023-07-07 0:00,59.68
483,2023-07-07 12:00,59.337
484,2023-07-08 0:00,59.164
485,2023-07-08 12:00,58.993
486,2023-07-09 0:00,58.647
487,2023-07-09 12:00,58.303
488,2023-07-10 0:00,58.303
489,2023-07-10 12:00,58.303
490,2023-07-11 0:00,58.647
491,2023-07-11 12:00,58.82
492,2023-07-12 0:00,58.82
493,2023-07-12 12:00,58.647
494,2023-07-13 0:00,58.476
495,2023-07-13 12:00,58.131
496,2023-07-14 0:00,58.131
497,2023-07-14 12:00,58.131
498,2023-07-15 0:00,58.476
499,2023-07-15 12:00,58.82
500,2023-07-16 0:00,58.993
501,2023-07-16 12:00,59.164
502,2023-07-17 0:00,59.337
503,2023-07-17 12:00,59.164
504,2023-07-18 0:00,58.993
505,2023-07-18 12:00,58.993
506,2023-07-19 0:00,58.993
507,2023-07-19 12:00,58.993
508,2023-07-20 0:00,59.164
509,2023-07-20 12:00,59.164
510,2023-07-21 0:00,59.508
511,2023-07-21 12:00,59.337
512,2023-07-22 0:00,59.508
513,2023-07-22 12:00,59.508
514,2023-07-23 0:00,59.68
515,2023-07-23 12:00,59.508
516,2023-07-24 0:00,59.508
517,2023-07-24 12:00,59.508
518,2023-07-25 0:00,59.851
519,2023-07-25 12:00,60.024
520,2023-07-26 0:00,60.195
521,2023-07-26 12:00,60.539
522,2023-07-27 0:00,60.712
523,2023-07-27 12:00,60.712
524,2023-07-28 0:00,61.054
525,2023-07-28 12:00,61.398
526,2023-07-29 0:00,61.741
527,2023-07-29 12:00,62.083
528,2023-07-30 0:00,62.083
529,2023-07-30 12:00,61.912
530,2023-07-31 0:00,61.569
531,2023-07-31 12:00,61.227
532,2023-08-01 0:00,61.227
533,2023-08-01 12:00,61.054
534,2023-08-02 0:00,61.054
535,2023-08-02 12:00,61.054
536,2023-08-03 0:00,61.227
537,2023-08-03 12:00,61.398
538,2023-08-04 0:00,61.741
539,2023-08-04 12:00,61.741
540,2023-08-05 0:00,61.741
541,2023-08-05 12:00,61.741
542,2023-08-06 0:00,61.741
543,2023-08-06 12:00,61.398
544,2023-08-07 0:00,60.883
545,2023-08-07 12:00,60.539
546,2023-08-08 0:00,60.712
547,2023-08-08 12:00,60.712
548,2023-08-09 0:00,60.883
549,2023-08-09 12:00,61.054
550,2023-08-10 0:00,61.227
551,2023-08-10 12:00,61.227
552,2023-08-11 0:00,61.398
553,2023-08-11 12:00,61.054
554,2023-08-12 0:00,61.054
555,2023-08-12 12:00,60.883
556,2023-08-13 0:00,61.227
557,2023-08-13 12:00,61.054
558,2023-08-14 0:00,61.054
559,2023-08-14 12:00,60.883
560,2023-08-15 0:00,60.712
561,2023-08-15 12:00,60.368
562,2023-08-16 0:00,60.368
563,2023-08-16 12:00,60.368
564,2023-08-17 0:00,60.539
565,2023-08-17 12:00,60.712
566,2023-08-18 0:00,60.712
567,2023-08-18 12:00,60.368
568,2023-08-19 0:00,60.195
569,2023-08-19 12:00,60.024
570,2023-08-20 0:00,60.195
571,2023-08-20 12:00,60.368
572,2023-08-21 0:00,61.054
573,2023-08-21 12:00,61.227
574,2023-08-22 0:00,61.227
575,2023-08-22 12:00,61.227
576,2023-08-23 0:00,61.054
577,2023-08-23 12:00,60.883
578,2023-08-24 0:00,61.398
579,2023-08-24 12:00,61.741
580,2023-08-25 0:00,62.083
581,2023-08-25 12:00,62.254
582,2023-08-26 0:00,62.425
583,2023-08-26 12:00,62.254
584,2023-08-27 0:00,62.083
585,2023-08-27 12:00,61.741
586,2023-08-28 0:00,61.398
587,2023-08-28 12:00,61.054
588,2023-08-29 0:00,61.054
589,2023-08-29 12:00,61.054
590,2023-08-30 0:00,61.054
591,2023-08-30 12:00,60.712
592,2023-08-31 0:00,60.539
593,2023-08-31 12:00,60.024
594,2023-09-01 0:00,60.024
595,2023-09-01 12:00,59.851
596,2023-09-02 0:00,60.024
597,2023-09-02 12:00,60.195
598,2023-09-03 0:00,60.368
599,2023-09-03 12:00,60.539
600,2023-09-04 0:00,60.883
601,2023-09-04 12:00,61.054
602,2023-09-05 0:00,61.569
603,2023-09-05 12:00,61.741
604,2023-09-06 0:00,62.254
605,2023-09-06 12:00,62.94
606,2023-09-07 0:00,62.769
607,2023-09-07 12:00,62.598
608,2023-09-08 0:00,62.254
609,2023-09-08 12:00,61.741
610,2023-09-09 0:00,61.398
611,2023-09-09 12:00,60.883
612,2023-09-10 0:00,60.712
613,2023-09-10 12:00,60.368
614,2023-09-11 0:00,60.368
615,2023-09-11 12:00,60.368
616,2023-09-12 0:00,60.195
617,2023-09-12 12:00,60.024
618,2023-09-13 0:00,59.851
619,2023-09-13 12:00,59.508
620,2023-09-14 0:00,59.164
621,2023-09-14 12:00,58.82
622,2023-09-15 0:00,58.82
623,2023-09-15 12:00,58.647
624,2023-09-16 0:00,58.647
625,2023-09-16 12:00,58.647
626,2023-09-17 0:00,58.82
627,2023-09-17 12:00,58.82
628,2023-09-18 0:00,58.82
629,2023-09-18 12:00,58.647
630,2023-09-19 0:00,58.476
631,2023-09-19 12:00,58.131
632,2023-09-20 0:00,58.131
633,2023-09-20 12:00,58.131
634,2023-09-21 0:00,58.476
635,2023-09-21 12:00,58.647
636,2023-09-22 0:00,58.993
637,2023-09-22 12:00,59.337
638,2023-09-23 0:00,59.508
639,2023-09-23 12:00,59.68
640,2023-09-24 0:00,59.68
641,2023-09-24 12:00,59.337
642,2023-09-25 0:00,59.164
643,2023-09-25 12:00,59.164
644,2023-09-26 0:00,59.164
645,2023-09-26 12:00,59.164
646,2023-09-27 0:00,59.164
647,2023-09-27 12:00,58.993
648,2023-09-28 0:00,58.82
649,2023-09-28 12:00,58.647
650,2023-09-29 0:00,58.647
651,2023-09-29 12:00,58.476
652,2023-09-30 0:00,58.476
653,2023-09-30 12:00,58.303
654,2023-10-01 0:00,58.647
655,2023-10-01 12:00,58.82
656,2023-10-02 0:00,59.164
657,2023-10-02 12:00,59.337
658,2023-10-03 0:00,59.68
659,2023-10-03 12:00,59.851
660,2023-10-04 0:00,60.024
661,2023-10-04 12:00,60.195
662,2023-10-05 0:00,60.195
663,2023-10-05 12:00,60.195
664,2023-10-06 0:00,60.195
665,2023-10-06 12:00,59.68
666,2023-10-07 0:00,59.164
667,2023-10-07 12:00,58.303
668,2023-10-08 0:00,57.614
669,2023-10-08 12:00,56.923
670,2023-10-09 0:00,56.404
671,2023-10-09 12:00,55.711
672,2023-10-10 0:00,55.364
673,2023-10-10 12:00,55.017
674,2023-10-11 0:00,54.669
675,2023-10-11 12:00,54.495
676,2023-10-12 0:00,54.495
677,2023-10-12 12:00,54.322
678,2023-10-13 0:00,54.147
679,2023-10-13 12:00,53.973
680,2023-10-14 0:00,52.925
681,2023-10-14 12:00,53.1
682,2023-10-15 0:00,53.1
683,2023-10-15 12:00,53.1
684,2023-10-16 0:00,52.925
685,2023-10-16 12:00,52.925
686,2023-10-17 0:00,52.75
687,2023-10-17 12:00,52.576
688,2023-10-18 0:00,52.576
689,2023-10-18 12:00,52.401
690,2023-10-19 0:00,52.576
691,2023-10-19 12:00,52.75
692,2023-10-20 0:00,52.75
693,2023-10-20 12:00,52.925
694,2023-10-21 0:00,52.925
695,2023-10-21 12:00,52.576
696,2023-10-22 0:00,52.225
697,2023-10-22 12:00,51.874
698,2023-10-23 0:00,51.523
699,2023-10-23 12:00,51.172
700,2023-10-24 0:00,50.995
701,2023-10-24 12:00,50.995
702,2023-10-25 0:00,51.523
703,2023-10-25 12:00,52.225
704,2023-10-26 0:00,52.576
705,2023-10-26 12:00,52.925
706,2023-10-27 0:00,53.449
707,2023-10-27 12:00,53.973
708,2023-10-28 0:00,54.322
709,2023-10-28 12:00,54.147
710,2023-10-29 0:00,53.623
711,2023-10-29 12:00,53.1
712,2023-10-30 0:00,52.75
713,2023-10-30 12:00,52.225
714,2023-10-31 0:00,51.523
715,2023-10-31 12:00,50.995
716,2023-11-01 0:00,50.29
717,2023-11-01 12:00,49.759
718,2023-11-02 0:00,49.228
719,2023-11-02 12:00,48.871
