id,pe,obstime,name,wfo,lat,lon,prod_id,1in,2in,4in,6in,8in,12in,20in,24in,40in,50in,60in,Date Range,Shallowest,ShallowestDepth
3SE,TB,2023-11-02 04:59:59,Spencer 1N,FSD,43.1652777777778,-95.1466666666667,KFSDRR3FSD,0,24,27,0,34,0,44,0,54,0,57,2023/10/30-2023/11/02,24,2
ABES2,TB,2023-11-02 13:00:00,Aberdeen 3E - WFO,ABR,45.4553,-98.4141,KABRRR3ABR,0,33,38,0,40,0,0,0,39,0,0,2023/10/30-2023/11/02,33,2
ALNM4,TB,2023-11-02 13:00:00,Albion 1NW /MAWN/,GRR,42.261944444444,-84.774166666667,KMSRLCOMSR,0,43,0,0,0,0,0,0,0,0,0,2023/10/30-2023/11/02,43,2
BELM4,TB,2023-11-02 13:00:00,Belding 4WNW - MSU Ag Mesonet,GRR,43.1125,-85.3122,KMSRLCOMSR,0,38,0,0,0,0,0,0,0,0,0,2023/10/30-2023/11/02,38,2
CENS2,TB,2023-11-02 13:00:00,Centerville,FSD,43.05,-96.9,KFSDRR3FSD,0,0,36,0,0,0,0,0,0,0,0,2023/10/30-2023/11/02,36,4
CERM4,TB,2023-11-02 13:00:00,Ceresco 6SW - Ag Mesonet,GRR,42.22,-85.1526,KMSRLCOMSR,0,37,0,0,0,0,0,0,0,0,0,2023/10/30-2023/11/02,37,2
CHTM4,TB,2023-11-02 13:00:00,Charlotte (MAWN),GRR,42.6509,-84.916111111111,KMSRLCOMSR,0,44,0,0,0,0,0,0,0,0,0,2023/10/30-2023/11/02,44,2
CSSM4,TB,2023-11-02 10:00:00,Cass City 1SSW - WWTP,DTX,43.586111111111,-83.180555555556,KDTXRR3DTX,0,35,41,0,42,0,46,0,0,0,50,2023/10/30-2023/11/02,35,2
DSAI2,TB,2023-10-31 21:00:00,Dixon Springs Ag Center,PAH,37.4333333333333,-88.6666666666667,KPAHRR3PAH,0,0,58,0,0,0,0,0,0,0,0,2023/10/30-2023/11/02,58,4
ENTM4,TB,2023-11-02 13:00:00,Lakeview - Entrican - MSU Ag Mesonet,GRR,43.3775,-85.18,KMSRLCOMSR,0,43,0,0,0,0,0,0,0,0,0,2023/10/30-2023/11/02,43,2
FRMM4,TB,2023-11-02 14:00:00,Fremont 3S - WWTP / MSU Ag Mesonet,GRR,43.42,-85.95,KMSRLCOMSR,0,35,0,0,0,0,0,0,0,0,0,2023/10/30-2023/11/02,35,2
GRJM4,TB,2023-11-02 13:00:00,Grand Junction 1W,GRR,42.4,-86.1,KMSRLCOMSR,0,41,0,0,0,0,0,0,0,0,0,2023/10/30-2023/11/02,41,2
GVLM4,TB,2023-11-02 12:00:00,Grandville,GRR,42.8971,-85.7794,KGRRRR3GRR,0,0,51,0,0,0,0,0,0,0,0,2023/10/30-2023/11/02,51,4
HFDM4,TB,2023-11-02 13:00:00,Hartford - MSU Ag Mesonet,GRR,42.2297222222222,-86.1558333333333,KMSRLCOMSR,0,38,0,0,0,0,0,0,0,0,0,2023/10/30-2023/11/02,38,2
HTCM4,TB,2023-11-02 14:00:00,East Lansing - MAWN site at Hancock Turfgrass Ctr,GRR,42.711111111111,-84.476111111111,KMSRLCOMSR,0,46,0,0,0,0,0,0,0,0,0,2023/10/30-2023/11/02,46,2
HVLM4,TB,2023-11-02 13:00:00,Hudsonville - MSU Ag Mesonet,GRR,42.8594444444444,-85.8894444444445,KMSRLCOMSR,0,45,0,0,0,0,0,0,0,0,0,2023/10/30-2023/11/02,45,2
ITHM4,TB,2023-11-02 13:00:00,Ithaca 6E - AG MESONET,GRR,43.315277777778,-84.488333333333,KMSRLCOMSR,0,45,0,0,0,0,0,0,0,0,0,2023/10/30-2023/11/02,45,2
IUKI2,TB,2023-11-01 12:00:00,Iuka 12SW,LSX,38.4932,-88.9707,KLSXRR3LSX,0,0,44,0,0,0,0,0,0,0,0,2023/10/30-2023/11/02,44,4
KLRM4,TB,2023-11-02 13:00:00,Keeler - MAWN,GRR,42.176944444444,-86.18,KMSRLCOMSR,0,39,0,0,0,0,0,0,0,0,0,2023/10/30-2023/11/02,39,2
KTYM4,TB,2023-11-02 14:00:00,Kent City 2NNW /MAWN/,GRR,43.246388888889,-85.771666666667,KMSRLCOMSR,0,47,0,0,0,0,0,0,0,0,0,2023/10/30-2023/11/02,47,2
KZOM4,TB,2023-11-02 13:00:00,Kalamazoo - MAWN,GRR,42.353888888889,-85.585555555556,KMSRLCOMSR,0,45,0,0,0,0,0,0,0,0,0,2023/10/30-2023/11/02,45,2
LAMM5,TB,2023-11-01 13:00:00,Lamberton - SW Research and Outreach,MPX,44.239444444444,-95.315277777778,KMPXRR3MPX,0,37,38,0,40,0,0,0,0,0,0,2023/10/30-2023/11/02,37,2
LSLM4,TB,2023-11-02 13:00:00,Leslie - Lavern Eldred Farm - MAWN,GRR,42.471388888889,-84.4575,KMSRLCOMSR,0,41,0,0,0,0,0,0,0,0,0,2023/10/30-2023/11/02,41,2
LUNM4,TB,2023-11-02 14:00:00,Ludington - MAWN Ag Mesonet Site,GRR,43.9041666666667,-86.3797222222222,KMSRLCOMSR,0,32,0,0,0,0,0,0,0,0,0,2023/10/30-2023/11/02,32,2
MCTM4,TB,2023-11-02 14:00:00,Mecosta 4S /MAWN/,GRR,43.565277777778,-85.245,KMSRLCOMSR,0,42,0,0,0,0,0,0,0,0,0,2023/10/30-2023/11/02,42,2
MIARL,TB,2023-11-02 13:00:00,Manton 5E,APX,44.3966,-85.2935,KMSRLCOMSR,0,39,0,0,0,0,0,0,0,0,0,2023/10/30-2023/11/02,39,2
MIBNZ,TB,2023-11-02 14:00:00,Beulah 5SSW,APX,44.5592,-86.1238,KMSRLCOMSR,0,41,0,0,0,0,0,0,0,0,0,2023/10/30-2023/11/02,41,2
MIBRS,TB,2023-11-02 14:00:00,Berrien Springs 2WSW,IWX,41.9352,-86.3797,KMSRLCOMSR,0,44,0,0,0,0,0,0,0,0,0,2023/10/30-2023/11/02,44,2
MICAS,TB,2023-11-02 13:00:00,Cassopolis 3NNE,IWX,41.953,-85.9902,KMSRLCOMSR,0,34,0,0,0,0,0,0,0,0,0,2023/10/30-2023/11/02,34,2
MICLD,TB,2023-11-02 13:00:00,Coldwater 6W,IWX,41.9348,-85.1082,KMSRLCOMSR,0,43,0,0,0,0,0,0,0,0,0,2023/10/30-2023/11/02,43,2
MICMC,TB,2023-11-02 13:00:00,Commerce,DTX,42.5978,-83.4994,KMSRLCOMSR,0,46,0,0,0,0,0,0,0,0,0,2023/10/30-2023/11/02,46,2
MICNT,TB,2023-11-02 13:00:00,Constantine 1SSE,IWX,41.8224,-85.6611,KMSRLCOMSR,0,36,0,0,0,0,0,0,0,0,0,2023/10/30-2023/11/02,36,2
MICTH,TB,2023-11-02 13:00:00,Chatum,MQT,46.3405,-86.9273,KMSRLCOMSR,0,38,0,0,0,0,0,0,0,0,0,2023/10/30-2023/11/02,38,2
MIDOW,TB,2023-11-02 13:00:00,Dowagiac 4NW /MAWN/,IWX,42.0249,-86.171,KMSRLCOMSR,0,41,0,0,0,0,0,0,0,0,0,2023/10/30-2023/11/02,41,2
MIELD,TB,2023-11-02 13:00:00,Leland 4E,APX,45.0301,-85.6743,KMSRLCOMSR,0,46,0,0,0,0,0,0,0,0,0,2023/10/30-2023/11/02,46,2
MIELK,TB,2023-11-02 14:00:00,Elk Rapids 4S,APX,44.8448,-85.4062,KMSRLCOMSR,0,38,0,0,0,0,0,0,0,0,0,2023/10/30-2023/11/02,38,2
MIEMT,TB,2023-11-02 13:00:00,Emmett,DTX,42.9914,-82.7598,KMSRLCOMSR,0,42,0,0,0,0,0,0,0,0,0,2023/10/30-2023/11/02,42,2
MIEPR,TB,2023-11-02 13:00:00,Eastport 7S,APX,45.0106,-85.3531,KMSRLCOMSR,0,40,0,0,0,0,0,0,0,0,0,2023/10/30-2023/11/02,40,2
MIESC,TB,2023-11-02 13:00:00,Escanaba 8NW,MQT,45.8551,-87.1844,KMSRLCOMSR,0,40,0,0,0,0,0,0,0,0,0,2023/10/30-2023/11/02,40,2
MIFGV,TB,2023-11-02 13:00:00,Fairgrove 3E,DTX,43.5276,-83.4864,KMSRLCOMSR,0,59,0,0,0,0,0,0,0,0,0,2023/10/30-2023/11/02,59,2
MIFLT,TB,2023-11-02 13:00:00,Flint /MAWN/,DTX,43.023888888889,-83.674444444444,KMSRLCOMSR,0,42,0,0,0,0,0,0,0,0,0,2023/10/30-2023/11/02,42,2
MIFRL,TB,2023-11-02 13:00:00,Freeland 5ENE,DTX,43.5526,-84.0204,KMSRLCOMSR,0,40,0,0,0,0,0,0,0,0,0,2023/10/30-2023/11/02,40,2
MIGAY,TB,2023-11-02 13:00:00,Gaylord 9W /MAWN/,APX,45.031388888889,-84.848055555556,KMSRLCOMSR,0,38,0,0,0,0,0,0,0,0,0,2023/10/30-2023/11/02,38,2
MIHAW,TB,2023-11-02 13:00:00,Hawks 2E,APX,45.2994,-83.8528,KMSRLCOMSR,0,41,0,0,0,0,0,0,0,0,0,2023/10/30-2023/11/02,41,2
MIHDN,TB,2023-11-02 14:00:00,Clayton 1N,DTX,41.8746,-84.2348,KMSRLCOMSR,0,40,0,0,0,0,0,0,0,0,0,2023/10/30-2023/11/02,40,2
MIKAL,TB,2023-11-02 14:00:00,Kalkaska 7SE /MAWN/,APX,44.655277777778,-85.074166666667,KMSRLCOMSR,0,40,0,0,0,0,0,0,0,0,0,2023/10/30-2023/11/02,40,2
MIKND,TB,2023-11-02 13:00:00,Kinde 1SW /MAWN/,DTX,43.923888888889,-83.011944444444,KMSRLCOMSR,0,44,0,0,0,0,0,0,0,0,0,2023/10/30-2023/11/02,44,2
MIKWD,TB,2023-11-02 13:00:00,Kewadin 2NNE,APX,44.9486,-85.3557,KMSRLCOMSR,0,41,0,0,0,0,0,0,0,0,0,2023/10/30-2023/11/02,41,2
MILIN,TB,2023-11-02 13:00:00,Kawkawlin 6NW,DTX,43.7199,-84.0275,KMSRLCOMSR,0,41,0,0,0,0,0,0,0,0,0,2023/10/30-2023/11/02,41,2
MILPR,TB,2023-11-02 13:00:00,Lapeer 2NNE,DTX,43.0761,-83.3079,KMSRLCOMSR,0,44,0,0,0,0,0,0,0,0,0,2023/10/30-2023/11/02,44,2
MIMCB,TB,2023-11-02 13:00:00,McBain 4SSW /MAWN/,APX,44.185833333333,-85.125,KMSRLCOMSR,0,40,0,0,0,0,0,0,0,0,0,2023/10/30-2023/11/02,40,2
MIMGR,TB,2023-11-02 13:00:00,Munger 3NNE,DTX,43.5611,-83.7571,KMSRLCOMSR,0,47,0,0,0,0,0,0,0,0,0,2023/10/30-2023/11/02,47,2
MIMML,TB,2023-11-02 14:00:00,McMillan 3SE /MAWN/,MQT,46.313333333333,-85.648611111111,KMSRLCOMSR,0,39,0,0,0,0,0,0,0,0,0,2023/10/30-2023/11/02,39,2
MINTH,TB,2023-11-02 13:00:00,Northport 2W,APX,45.1356,-85.6508,KMSRLCOMSR,0,44,0,0,0,0,0,0,0,0,0,2023/10/30-2023/11/02,44,2
MINWM,TB,2023-11-02 14:00:00,Traverse City 8NNW,APX,44.8831,-85.6777,KMSRLCOMSR,0,39,0,0,0,0,0,0,0,0,0,2023/10/30-2023/11/02,39,2
MIOLD,TB,2023-11-02 13:00:00,Elk Rapids 5NW,APX,44.9319,-85.5037,KMSRLCOMSR,0,36,0,0,0,0,0,0,0,0,0,2023/10/30-2023/11/02,36,2
MIOST,TB,2023-11-02 13:00:00,Oshtemo 1NW /MAWN/,GRR,42.295,-85.703333333333,KMSRLCOMSR,0,45,0,0,0,0,0,0,0,0,0,2023/10/30-2023/11/02,45,2
MIPIG,TB,2023-11-02 14:00:00,Caseville 3S,DTX,43.8992,-83.2667,KMSRLCOMSR,0,44,0,0,0,0,0,0,0,0,0,2023/10/30-2023/11/02,44,2
MIROM,TB,2023-11-02 14:00:00,Romeo 2SSW,DTX,42.7768,-83.0211,KMSRLCOMSR,0,36,0,0,0,0,0,0,0,0,0,2023/10/30-2023/11/02,36,2
MIRVL,TB,2023-11-02 14:00:00,Reese 4S,DTX,43.3995,-83.698,KMSRLCOMSR,0,42,0,0,0,0,0,0,0,0,0,2023/10/30-2023/11/02,42,2
MISCD,TB,2023-11-02 14:00:00,Stevensville 5E,IWX,42.0242,-86.4303,KMSRLCOMSR,0,42,0,0,0,0,0,0,0,0,0,2023/10/30-2023/11/02,42,2
MISDK,TB,2023-11-02 13:00:00,Sandusky 3N,DTX,43.4556,-82.8375,KMSRLCOMSR,0,34,0,0,0,0,0,0,0,0,0,2023/10/30-2023/11/02,34,2
MISTV,TB,2023-11-02 10:00:00,Stephenson,MQT,45.4082,-87.6096,KMSRLCOMSR,0,40,0,0,0,0,0,0,0,0,0,2023/10/30-2023/11/02,40,2
MISWM,TB,2023-11-02 14:00:00,Benton Harbor 6ESE,IWX,42.0841,-86.357,KMSRLCOMSR,0,43,0,0,0,0,0,0,0,0,0,2023/10/30-2023/11/02,43,2
MIVER,TB,2023-11-02 14:00:00,Bad Axe 8E /MAWN/,DTX,43.813055555556,-82.845277777778,KMSRLCOMSR,0,43,0,0,0,0,0,0,0,0,0,2023/10/30-2023/11/02,43,2
MMTI2,TB,2023-11-02 13:00:00,Monmouth 4NW - U Illinois Research Cntr,DVN,40.936111111111,-90.719722222222,KDVNRR3DVN,0,0,41,0,0,0,0,0,0,0,0,2023/10/30-2023/11/02,41,4
MRRM5,TB,2023-10-31 13:00:00,Morris WC Research and Outreach Center,MPX,45.5901,-95.8744444444444,KMPXRR3MPX,0,0,40,0,0,0,0,0,0,0,0,2023/10/30-2023/11/02,40,4
MUNM4,TB,2023-11-02 14:00:00,Mendon 2SE /MAWN/,IWX,41.9861,-85.4156,KMSRLCOMSR,0,39,0,0,0,0,0,0,0,0,0,2023/10/30-2023/11/02,39,2
OGDI2,TB,2023-11-02 11:00:00,Ogden,ILX,40.11,-87.9566666666667,KILXRR3ILX,0,0,41,0,0,0,0,0,0,0,0,2023/10/30-2023/11/02,41,4
PCCM4,TB,2023-11-02 13:00:00,Hastings - Pierce Institute - MAWN,GRR,42.535,-85.301944444444,KMSRLCOMSR,0,44,0,0,0,0,0,0,0,0,0,2023/10/30-2023/11/02,44,2
PYVI3,TB,2023-11-02 10:00:00,Perrysville,IND,40.07,-87.5,KINDRR3IND,0,0,0,0,0,48,0,0,0,0,0,2023/10/30-2023/11/02,48,12
SIUI2,TB,2023-10-31 13:00:00,Belleville - SIU Ag Farm,LSX,38.5183333333333,-89.8408333333333,KLSXRR3LSX,0,0,57,0,0,0,0,0,0,0,0,2023/10/30-2023/11/02,57,4
SOHM4,TB,2023-11-02 13:00:00,South Haven - Degrandchamps Farm - MAWN,GRR,42.357777777778,-86.289444444444,KMSRLCOMSR,0,45,0,0,0,0,0,0,0,0,0,2023/10/30-2023/11/02,45,2
SPOM4,TB,2023-11-02 13:00:00,Sparta 4SW - MSU Ag Mesonet,GRR,43.1172222222222,-85.7541666666667,KMSRLCOMSR,0,40,0,0,0,0,0,0,0,0,0,2023/10/30-2023/11/02,40,2
TPDM4,TB,2023-11-02 13:00:00,Mandigo Farms AG MESONET,GRR,42.213888888889,-85.959722222222,KMSRLCOMSR,0,42,0,0,0,0,0,0,0,0,0,2023/10/30-2023/11/02,42,2
UMCM7,TB,2023-11-01 12:00:00,Columbia - U Of Missouri,LSX,38.9422222222222,-92.32,KLSXRR3LSX,0,47,45,0,0,0,0,0,0,0,0,2023/10/30-2023/11/02,47,2
WEOM4,TB,2023-11-02 13:00:00,West Olive 5NE - MSU Ag Mesonet,GRR,42.97,-86.07,KMSRLCOMSR,0,48,0,0,0,0,0,0,0,0,0,2023/10/30-2023/11/02,48,2
WETW3,TB,2023-11-02 12:30:00,West Allis,MKX,43.0175,-88.001666666667,KMKXRR3MKX,0,38,39,0,45,0,52,0,0,0,0,2023/10/30-2023/11/02,38,2
WHKM4,TB,2023-11-02 12:00:00,White Lake 4E,DTX,42.698055555556,-83.471666666667,KDTXRR3DTX,0,42,45,0,0,0,0,0,0,0,54,2023/10/30-2023/11/02,42,2
WIEHB,TB,2023-11-02 14:00:00,Egg Harbor 2E /MAWN/,GRB,45.050833333333,-87.259722222222,KMSRLCOMSR,0,35,0,0,0,0,0,0,0,0,0,2023/10/30-2023/11/02,35,2
WILUX,TB,2023-11-02 14:00:00,LUXEMBURG 3ENE /MAWN/,GRB,44.555277777778,-87.654722222222,KMSRLCOMSR,0,36,0,0,0,0,0,0,0,0,0,2023/10/30-2023/11/02,36,2
WINI3,TB,2023-10-30 13:00:00,Winamac - Tippecanoe River,IWX,41.02,-86.62,KIWXRR3IWX,0,0,56,0,0,0,0,0,0,0,0,2023/10/30-2023/11/02,56,4
WISRB,TB,2023-11-02 14:00:00,Sister Bay 3NE /MAWN/,GRB,45.218888888889,-87.066111111111,KMSRLCOMSR,0,34,0,0,0,0,0,0,0,0,0,2023/10/30-2023/11/02,34,2
WISTB,TB,2023-11-02 14:00:00,Sturgeon Bay 3NNE /MAWN/,GRB,44.893333333333,-87.367777777778,KMSRLCOMSR,0,39,0,0,0,0,0,0,0,0,0,2023/10/30-2023/11/02,39,2
WIWJP,TB,2023-11-02 14:00:00,Jacksonport 3NW /MAWN/,GRB,45.009722222222,-87.233333333333,KMSRLCOMSR,0,34,0,0,0,0,0,0,0,0,0,2023/10/30-2023/11/02,34,2
WLFI3,TB,2023-11-01 12:00:00,West Lafayette,IND,40.47,-87,KINDRR3IND,41,36,25,0,42,0,51,0,60,0,0,2023/10/30-2023/11/02,41,1
WRTM4,TB,2023-11-02 13:00:00,Watervliet - Grandview Orchards - MAWN,GRR,42.1267,-86.267,KMSRLCOMSR,0,54,0,0,0,0,0,0,0,0,0,2023/10/30-2023/11/02,54,2
ABNS2,TV,2023-11-02 13:00:00,Leola 9WSW (CRN),ABR,45.7114,-99.1295,KWOHRRSMSR,0,41,43,0,44,0,47,0,49,0,0,2023/10/30-2023/11/02,41,2
AGGM5,TV,2023-11-02 14:00:00,Goodridge 12 NNNW (CRN),FGF,48.305555555556,-95.874444444444,KWOHRRSMSR,0,37,38,0,0,0,43,0,0,0,0,2023/10/30-2023/11/02,37,2
AHDI4,TV,2023-11-02 13:59:00,Ames 2N,DMX,42.0628,-93.6188,KDMXRR5DMX,0,0,39,0,0,0,0,0,0,0,0,2023/10/30-2023/11/02,39,4
AHTI4,TV,2023-11-02 13:45:00,Ames 6NNE,DMX,42.1081,-93.586,KDMXRR5DMX,0,0,0,0,0,63,0,59,0,0,0,2023/10/30-2023/11/02,63,12
AMMI4,TV,2023-11-02 12:00:00,Ames 5W,DMX,42.0167,-93.7333,KWBCSCNIA,0,43,45,0,48,0,53,0,55,0,0,2023/10/30-2023/11/02,43,2
APXM4,TV,2023-11-02 03:59:59,Gaylord 9SSW /NWS/,APX,44.907222222222,-84.718888888889,KAPXRR3APX,0,40,40,0,43,0,47,0,50,0,0,2023/10/30-2023/11/02,40,2
ARBM4,TV,2023-11-01 22:00:00,Ann Arbor - U Of Michigan,DTX,42.294722222222,-83.710833333333,KDTXRR3DTX,0,0,43,0,0,0,0,0,0,0,0,2023/10/30-2023/11/02,43,4
ARLM5,TV,2023-11-02 13:45:00,Arlington 1NNW,MPX,44.6225,-94.091944444444,KWOHRRSMSR,0,0,0,42,0,0,0,0,0,0,0,2023/10/30-2023/11/02,42,6
ARX,TV,2023-11-02 12:00:00,La Crosse WFO,ARX,43.8225,-91.191388888889,KARXRR3ARX,0,43,44,0,48,0,52,0,54,0,56,2023/10/30-2023/11/02,43,2
AVOM5,TV,2023-11-02 13:30:00,Avoca 7E - CSAH6,FSD,43.949444444444,-95.506944444444,KWOHRRSMSR,0,0,0,50,0,0,0,0,0,0,0,2023/10/30-2023/11/02,50,6
BENM5,TV,2023-11-02 13:30:00,Benson,MPX,45.311111111111,-95.625,KWOHRRSMSR,0,0,0,39,0,0,0,0,0,0,0,2023/10/30-2023/11/02,39,6
BNDI2,TV,2023-11-02 14:00:00,Bondville (CRN),ILX,40.052777777778,-88.372777777778,KWOHRRSMSR,0,39,41,0,44,0,51,0,0,0,0,2023/10/30-2023/11/02,39,2
BOOI4,TV,2023-11-02 14:00:00,Boone 6ESE,DMX,42.020277777778,-93.773888888889,KDMXRR5DMX,0,0,36,0,0,45,0,50,0,56,0,2023/10/30-2023/11/02,36,4
BRKN8,TV,2023-11-02 12:00:00,Bismarck 3SSE /WFO/,BIS,46.771666666667,-100.75888888889,KBISRR3BIS,0,32,32,0,35,0,41,0,47,0,0,2023/10/30-2023/11/02,32,2
BUEM5,TV,2023-11-02 13:45:00,Blue Earth 1E - CSAH16,MPX,43.6375,-94.0836111111111,KWOHRRSMSR,0,0,0,43,0,0,0,0,0,0,0,2023/10/30-2023/11/02,43,6
BVFM5,TV,2023-11-02 13:45:00,Beaver Falls ,MPX,44.583888888889,-95.0475,KWOHRRSMSR,0,0,0,39,0,0,0,0,0,0,0,2023/10/30-2023/11/02,39,6
CAMI4,TV,2023-11-02 14:00:00,Calumet 1SSE,FSD,42.926944444444,-95.539166666667,KDMXRR5DMX,0,0,36,0,0,49,0,0,0,56,0,2023/10/30-2023/11/02,36,4
CEFM4,TV,2023-11-01 12:00:00,Chatham 1SE / Experimental Farm #2 ,MQT,46.341388888889,-86.924166666667,KMQTRR3MQT,0,0,37,0,42,0,0,0,0,0,0,2023/10/30-2023/11/02,37,4
CHAI4,TV,2023-11-02 14:01:00,Chariton 7WSW,DMX,40.9733,-93.4228,KDMXRR5DMX,0,0,39,0,0,46,0,50,0,58,0,2023/10/30-2023/11/02,39,4
CLLM7,TV,2023-11-02 13:00:00,Chillicothe 22ENE (CRN),EAX,39.866666666667,-93.146944444444,KWOHRRSMSR,0,41,44,0,47,0,53,0,58,0,0,2023/10/30-2023/11/02,41,2
CNAI4,TV,2023-11-02 14:00:00,Castana 4E  ,OAX,42.063888888889,-95.837222222222,KDMXRR5DMX,0,0,41,0,0,46,0,49,0,0,0,2023/10/30-2023/11/02,41,4
CNRM7,TV,2023-11-02 12:00:00,Center 1ENE,LSX,39.5131,-91.514,KWBCSCNMO,0,41,42,0,86,0,62,0,60,0,0,2023/10/30-2023/11/02,41,2
COSM5,TV,2023-11-02 13:30:00,Cosmos 1E,MPX,44.9355555555556,-94.6752777777778,KWOHRRSMSR,0,0,0,41,0,0,0,0,0,0,0,2023/10/30-2023/11/02,41,6
CRFI4,TV,2023-11-02 13:59:00,Crawfordsville 3ESE,DVN,41.203333333333,-91.486111111111,KDMXRR5DMX,0,0,44,0,0,48,0,53,0,58,0,2023/10/30-2023/11/02,44,4
CSCM5,TV,2023-11-02 12:00:00,Becker 3WNW - Crescent Lk /RAWS/,MPX,45.4166666666667,-93.95,KWBCSCNMN,0,38,41,0,43,0,48,0,51,0,0,2023/10/30-2023/11/02,38,2
CSII4,TV,2023-11-02 13:45:00,Inwood 3W,FSD,43.3104,-96.5042,KDMXRR5DMX,0,0,39,0,0,32,0,32,0,0,0,2023/10/30-2023/11/02,39,4
CTMM4,TV,2023-11-02 13:00:00,Chatham 1SE / Experimental Farm #2 (CRN),MQT,46.334444444444,-86.92,KWOHRRSMSR,0,38,41,0,40,0,45,0,47,0,0,2023/10/30-2023/11/02,38,2
CTSM7,TV,2023-11-02 12:00:00,Centralia 2NE,LSX,39.228611111111,-92.119444444444,KWBCSCNMO,0,42,45,0,46,0,55,0,61,0,0,2023/10/30-2023/11/02,42,2
CTYI2,TV,2023-11-02 12:00:00,Coal City 4NNW-Goose Lake Area,LOT,41.3416,-88.2978,KLOTRR3LOT,0,0,49,0,0,0,0,0,0,0,0,2023/10/30-2023/11/02,49,4
DEXM7,TV,2023-11-02 12:00:00,Dexter 2E,PAH,36.7833,-89.9333,KWBCSCNMO,0,39,42,0,47,0,55,0,63,0,0,2023/10/30-2023/11/02,39,2
DKAI2,TV,2023-11-02 12:00:00,De Kalb,LOT,41.9339,-88.7747,KLOTRR3LOT,0,40,41,0,43,0,50,0,52,0,54,2023/10/30-2023/11/02,40,2
DLHM5,TV,2023-11-02 13:00:00,Duluth NWS,DLH,46.836666666667,-92.210833333333,KDLHRR3DLH,0,34,34,0,36,0,44,0,46,0,47,2023/10/30-2023/11/02,34,2
DONI4,TV,2023-11-02 14:01:00,Doon 3ENE - US 75 / 240th St,FSD,43.300833333333,-96.180277777778,KDMXRR5DMX,0,0,38,0,0,40,0,45,0,54,0,2023/10/30-2023/11/02,38,4
DSAI2,TV,2023-10-31 21:00:00,Dixon Springs Ag Center,PAH,37.4333333333333,-88.6666666666667,KPAHRR3PAH,0,0,48,0,0,0,0,0,0,0,0,2023/10/30-2023/11/02,48,4
EBYM7,TV,2023-11-02 12:00:00,Elsberry 1S,LSX,39.150555555556,-90.784722222222,KWBCSCNMO,0,42,43,0,48,0,55,0,60,0,0,2023/10/30-2023/11/02,42,2
EROS2,TV,2023-11-02 12:00:00,Sioux Falls 14NE,FSD,43.738333333333,-96.614722222222,KWBCSCNSD,0,36,38,0,39,0,46,0,52,0,0,2023/10/30-2023/11/02,36,2
FRUI4,TV,2023-11-02 14:01:00,Fruitland ,DVN,41.356111111111,-91.134444444444,KDMXRR5DMX,0,0,43,0,0,47,0,31,0,60,0,2023/10/30-2023/11/02,43,4
FSDS2,TV,2023-11-02 11:00:00,Sioux Falls Nws WFO Ap,FSD,43.5877777777778,-96.73,KFSDRR3FSD,0,36,36,0,41,0,44,0,54,0,57,2023/10/30-2023/11/02,36,2
GDVM5,TV,2023-11-02 13:00:00,Gordonsville 1W,MPX,43.513888888889,-93.268611111111,KWOHRRSMSR,0,0,0,34,0,0,0,0,0,0,0,2023/10/30-2023/11/02,34,6
GLRM4,TV,2023-11-02 13:00:00,Gaylord 9SSW /CRN/,APX,44.908055555556,-84.720277777778,KWOHRRSMSR,0,36,38,0,41,0,46,0,49,0,0,2023/10/30-2023/11/02,36,2
GLRM5,TV,2023-11-02 12:00:00,Mentor 5W - Glacial Ridge,FGF,47.7166666666667,-96.2666666666667,KWBCSCNMN,0,36,36,0,38,0,43,0,48,0,0,2023/10/30-2023/11/02,36,2
GREI4,TV,2023-11-02 14:00:00,Greenfield 2SSE,DMX,41.273055555556,-94.443611111111,KDMXRR5DMX,0,0,38,0,0,43,0,50,0,58,0,2023/10/30-2023/11/02,38,4
GRRM4,TV,2023-11-02 12:00:00,Grand Rapids WFO,GRR,42.893333333333,-85.5448,KGRRRR3GRR,0,42,43,0,45,0,48,0,52,0,49,2023/10/30-2023/11/02,42,2
GVLM4,TV,2023-11-02 12:00:00,Grandville,GRR,42.8971,-85.7794,KGRRRR3GRR,0,0,44,0,0,0,0,0,0,0,0,2023/10/30-2023/11/02,44,4
GVNI4,TV,2023-11-02 13:45:00,Glenwood 2W,OAX,41.0441,-95.7749,KDMXRR5DMX,0,0,44,0,0,75,0,68,0,0,0,2023/10/30-2023/11/02,44,4
HAWM5,TV,2023-11-02 13:45:00,Granite Falls 7SE,MPX,44.762222222222,-95.428888888889,KWOHRRSMSR,0,0,0,38,0,0,0,0,0,0,0,2023/10/30-2023/11/02,38,6
HCNM5,TV,2023-11-02 13:45:00,Hutchinson,MPX,44.877777777778,-94.358888888889,KWOHRRSMSR,0,0,0,42,0,0,0,0,0,0,0,2023/10/30-2023/11/02,42,6
HENM5,TV,2023-11-02 13:30:00,Henderson,MPX,44.529444444444,-93.900555555556,KWOHRRSMSR,0,0,0,40,0,0,0,0,0,0,0,2023/10/30-2023/11/02,40,6
HNDM5,TV,2023-11-02 13:30:00,Hendrum,FGF,47.2680555555556,-96.7972222222222,KWOHRRSMSR,0,0,0,0,41,43,47,0,53,0,0,2023/10/30-2023/11/02,41,8
HOFM5,TV,2023-11-02 13:45:00,Hoffman 7SSW,MPX,45.745277777778,-95.857222222222,KWOHRRSMSR,0,0,0,41,0,0,0,0,0,0,0,2023/10/30-2023/11/02,41,6
HOKM5,TV,2023-11-02 12:00:00,Hokah 4NW,ARX,43.795555555556,-91.426388888889,KARXRR3ARX,0,40,43,0,47,0,52,0,57,0,60,2023/10/30-2023/11/02,40,2
JOUM7,TV,2023-11-02 12:00:00,Vanzant 3NE,SGF,36.997222222222,-92.259444444444,KWBCSCNMO,0,99,63,0,62,0,62,0,73,0,0,2023/10/30-2023/11/02,99,2
JSPM5,TV,2023-11-02 13:15:00,Jasper 5SSW,FSD,43.776944444444,-96.437222222222,KWOHRRSMSR,0,0,0,41,0,0,0,0,0,0,0,2023/10/30-2023/11/02,41,6
KNAI4,TV,2023-11-02 14:00:00,Kanawha 1S,DMX,42.931111111111,-93.795,KDMXRR5DMX,0,0,37,0,0,47,0,0,0,55,0,2023/10/30-2023/11/02,37,4
KNDN8,TV,2023-11-02 14:00:00,Kindred 2SE,FGF,46.6316666666667,-97.0002777777778,KWOHRRSMSR,0,0,0,0,40,42,46,0,53,0,0,2023/10/30-2023/11/02,40,8
LKCM4,TV,2023-10-30 12:00:00,Lake City Exp Farm,APX,44.308888888889,-85.205,KAPXRR3APX,0,43,39,0,23,0,39,0,48,0,48,2023/10/30-2023/11/02,43,2
LMBM5,TV,2023-11-02 13:30:00,Lamberton 1NE,MPX,44.2391666666667,-95.3152777777778,KWOHRRSMSR,0,0,0,45,0,0,0,0,0,0,0,2023/10/30-2023/11/02,45,6
LSX,TV,2023-11-02 11:00:00,Weldon Spring - St Louis WFO,LSX,38.698888888889,-90.682777777778,KLSXRR3LSX,0,0,48,0,0,0,0,0,64,0,0,2023/10/30-2023/11/02,48,4
LUVM5,TV,2023-11-02 13:30:00,Luverne,FSD,43.6541666666667,-96.2008333333333,KWOHRRSMSR,0,0,0,35,0,0,0,0,0,0,0,2023/10/30-2023/11/02,35,6
LVNM5,TV,2023-11-02 13:15:00,Leavenworth ,MPX,44.2275,-94.806388888889,KWOHRRSMSR,0,0,0,42,0,0,0,0,0,0,0,2023/10/30-2023/11/02,42,6
MFDW3,TV,2023-11-02 12:30:00,Marshfield - Exp Farm,GRB,44.641111111111,-90.133333333333,KGRBRR3GRB,0,41,45,0,45,0,48,0,56,0,57,2023/10/30-2023/11/02,41,2
MKX,TV,2023-11-02 12:00:00,Sullivan 3SE - Milwaukee WFO,MKX,42.9675,-88.549722222222,KMKXRR3MKX,0,41,42,0,42,0,0,0,0,0,52,2023/10/30-2023/11/02,41,2
MMTI2,TV,2023-11-02 13:00:00,Monmouth 4NW - U Illinois Research Cntr,DVN,40.936111111111,-90.719722222222,KDVNRR3DVN,0,0,43,0,0,0,0,0,0,0,0,2023/10/30-2023/11/02,43,4
MPXM5,TV,2023-11-02 12:00:00,Chanhassen NWS WFO,MPX,44.8496,-93.5644,KMPXRR3MPX,0,29,33,0,39,0,44,0,51,0,54,2023/10/30-2023/11/02,29,2
MRTM5,TV,2023-11-02 13:30:00,Morristown - CSAH44,MPX,44.228611111111,-93.449166666667,KWOHRRSMSR,0,0,0,43,0,0,0,0,0,0,0,2023/10/30-2023/11/02,43,6
MSKM5,TV,2023-11-02 13:00:00,Wheaton 7NE - CSAH11,ABR,45.8901,-96.4072,KWOHRRSMSR,0,0,0,40,0,0,0,0,0,0,0,2023/10/30-2023/11/02,40,6
MWOW3,TV,2023-11-02 12:00:00,Mukwonago 5W - Eagleville,MKX,42.853888888889,-88.435555555556,KMKXRR3MKX,0,43,45,0,47,0,49,0,54,0,56,2023/10/30-2023/11/02,43,2
NASI4,TV,2023-11-02 13:59:00,Nashua 2SW,ARX,42.932777777778,-92.563333333333,KDMXRR5DMX,0,0,35,0,0,43,0,47,0,54,0,2023/10/30-2023/11/02,35,4
NCEN8,TV,2023-11-02 13:45:00,Neche,FGF,48.9897,-97.5566,KWOHRRSMSR,0,0,0,0,41,42,44,0,49,0,0,2023/10/30-2023/11/02,41,8
NCHW3,TV,2023-11-02 13:00:00,Necedah 5WNW (CRN),ARX,44.060277777778,-90.173611111111,KWOHRRSMSR,0,38,40,0,42,0,46,0,51,0,0,2023/10/30-2023/11/02,38,2
NELW3,TV,2023-11-01 12:00:00,Neillsville 3ESE,ARX,44.537777777778,-90.535,KARXRR3ARX,0,36,38,0,41,0,45,0,51,0,52,2023/10/30-2023/11/02,36,2
NGTN8,TV,2023-11-02 14:00:00,Northgate 5ESE (CRN),BIS,48.9675,-102.20333333333,KWOHRRSMSR,0,38,39,0,39,0,44,0,0,0,0,2023/10/30-2023/11/02,38,2
NSSI4,TV,2023-11-02 13:00:00,Prairie City 4SW - Neil Smith NWR,DMX,41.556111111111,-93.285555555556,KWOHRRSMSR,0,0,43,0,46,0,52,0,54,0,0,2023/10/30-2023/11/02,43,4
NWLI4,TV,2023-11-02 14:00:00,Newell 1SSW,FSD,42.589722222222,-95.008888888889,KDMXRR5DMX,0,0,38,0,0,42,0,48,0,53,0,2023/10/30-2023/11/02,38,4
OGDI2,TV,2023-11-02 11:00:00,Ogden,ILX,40.11,-87.9566666666667,KILXRR3ILX,0,0,46,0,0,0,0,0,0,0,0,2023/10/30-2023/11/02,46,4
OKLI4,TV,2023-11-02 14:00:00,Oakland 12E,OAX,41.31,-95.174166666667,KDMXRR5DMX,0,0,43,0,0,45,0,51,0,57,0,2023/10/30-2023/11/02,43,4
OSTI4,TV,2023-11-02 13:45:00,Oskaloosa 1N,DMX,41.3157,-92.649,KDMXRR5DMX,0,0,42,0,0,73,0,72,0,0,0,2023/10/30-2023/11/02,42,4
OWMM5,TV,2023-11-02 13:00:00,Owatonna,MPX,44.102222222222,-93.193333333333,KWOHRRSMSR,0,0,0,41,0,0,0,0,0,0,0,2023/10/30-2023/11/02,41,6
PIPM5,TV,2023-11-02 13:30:00,Pipestone 1NNW,FSD,44.013888888889,-96.325833333333,KWOHRRSMSR,0,0,0,38,0,0,0,0,0,0,0,2023/10/30-2023/11/02,38,6
PLOW3,TV,2023-11-01 12:00:00,Plover 1S,GRB,44.4427777777778,-89.5452777777778,KGRBRR3GRB,0,36,37,0,43,0,50,0,54,0,56,2023/10/30-2023/11/02,36,2
PVLM5,TV,2023-11-02 13:00:00,Paynesville 1ENE - MN23,MPX,45.384444444444,-94.695833333333,KWOHRRSMSR,0,0,0,43,0,0,0,0,0,0,0,2023/10/30-2023/11/02,43,6
PVRM5,TV,2023-11-02 13:30:00,Providence 5NE,MPX,44.8848,-96.0522222222222,KWOHRRSMSR,0,0,0,42,0,0,0,0,0,0,0,2023/10/30-2023/11/02,42,6
PYVI3,TV,2023-11-02 10:00:00,Perrysville,IND,40.07,-87.5,KINDRR3IND,0,0,49,0,0,0,0,0,0,0,0,2023/10/30-2023/11/02,49,4
RUSM5,TV,2023-11-02 13:30:00,Russell,FSD,44.3222222222222,-95.9527777777778,KWOHRRSMSR,0,0,0,38,0,0,0,0,0,0,0,2023/10/30-2023/11/02,38,6
SBEI4,TV,2023-11-02 14:00:00,Ocheyedan 7WSW,FSD,43.365,-95.6425,KDMXRR5DMX,0,0,40,0,0,44,0,48,0,52,0,2023/10/30-2023/11/02,40,4
SBNI2,TV,2023-11-02 14:00:00,Shabbona 5NNE (CRN),LOT,41.843055555556,-88.851388888889,KWOHRRSMSR,0,43,46,0,46,0,0,0,0,0,0,2023/10/30-2023/11/02,43,2
SFZM5,TV,2023-11-02 13:00:00,Rochester 5SW - CR104,ARX,43.979166666667,-92.558333333333,KWOHRRSMSR,0,0,0,58,0,0,0,0,0,0,0,2023/10/30-2023/11/02,58,6
SHAI4,TV,2023-11-02 12:00:00,Correctionville 1NNE,FSD,42.4333,-95.7667,KWBCSCNIA,0,39,40,0,44,0,49,0,56,0,0,2023/10/30-2023/11/02,39,2
SIUI2,TV,2023-10-31 13:00:00,Belleville - SIU Ag Farm,LSX,38.5183333333333,-89.8408333333333,KLSXRR3LSX,0,0,51,0,0,0,48,0,0,0,0,2023/10/30-2023/11/02,51,4
SNDM5,TV,2023-11-02 13:00:00,Sandstone 6W (CRN),DLH,46.113055555556,-92.993611111111,KWOHRRSMSR,0,38,38,0,42,0,45,0,49,0,0,2023/10/30-2023/11/02,38,2
SNRM7,TV,2023-11-02 12:00:00,Gray Summit 1SE,LSX,38.4788,-90.8063,KWBCSCNMO,0,45,46,0,51,0,55,0,61,0,0,2023/10/30-2023/11/02,45,2
SPCM7,TV,2023-11-02 12:00:00,Spickard 6W,EAX,40.25,-93.716666666667,KWBCSCNMO,0,43,46,0,49,0,56,0,61,0,0,2023/10/30-2023/11/02,43,2
SPTM5,TV,2023-11-02 13:00:00,St Peter - MN Hwy 22,MPX,44.3075,-93.96,KWOHRRSMSR,0,0,0,34,0,0,0,0,0,0,0,2023/10/30-2023/11/02,34,6
SUFS2,TV,2023-11-02 14:00:00,Sioux Falls 14NNE (CRN),FSD,43.734722222222,-96.622222222222,KWOHRRSMSR,0,39,42,0,46,0,48,0,51,0,0,2023/10/30-2023/11/02,39,2
TPOI4,TV,2023-11-02 13:45:00,Quasqueton 4ESE - Timeless Prairie Orchard,MPX,42.38478,-91.67725,KDMXRR5DMX,0,0,41,0,0,45,0,51,0,0,0,2023/10/30-2023/11/02,41,4
UWPW3,TV,2023-11-02 12:00:00,Platteville 5ESE,MKX,42.707777777778,-90.39,KWBCSCNWI,0,42,42,0,44,0,49,0,55,0,0,2023/10/30-2023/11/02,42,2
WINI3,TV,2023-10-30 13:00:00,Winamac - Tippecanoe River,IWX,41.02,-86.62,KIWXRR3IWX,0,0,55,0,0,0,0,0,0,0,0,2023/10/30-2023/11/02,55,4
WLFI3,TV,2023-11-01 12:00:00,West Lafayette,IND,40.47,-87,KINDRR3IND,0,0,49,0,0,0,0,0,0,0,0,2023/10/30-2023/11/02,49,4
WMNI4,TV,2023-11-02 14:00:00,Wellman 2WNW,DVN,41.475277777778,-91.866666666667,KDMXRR5DMX,0,0,42,0,0,48,0,53,0,57,0,2023/10/30-2023/11/02,42,4
WPTM5,TV,2023-11-02 13:30:00,Westport ,MPX,45.7186,-95.16,KWOHRRSMSR,0,0,0,43,0,0,0,0,0,0,0,2023/10/30-2023/11/02,43,6
WRTM7,TV,2023-11-02 13:00:00,Salem 10W (CRN),SGF,37.634444444444,-91.7225,KWOHRRSMSR,0,47,42,0,49,0,54,0,55,0,0,2023/10/30-2023/11/02,47,2
WTPI4,TV,2023-11-02 13:59:00,West Point 4NNE,DVN,40.764166666667,-91.419722222222,KDMXRR5DMX,0,0,38,0,0,47,0,53,0,58,0,2023/10/30-2023/11/02,38,4
3SE,TB,2023-11-02 04:59:59,SPENCER,FSD,43.165277777778,-95.146666666667,KFSDRR3FSD,0,24,27,0,34,0,44,0,54,0,57,2023/10/30-2023/11/02,24,2
ABES2,TB,2023-11-02 13:00:00,ABERDEEN,ABR,45.455277777778,-98.414166666667,KABRRR3ABR,0,33,38,0,40,0,0,0,39,0,0,2023/10/30-2023/11/02,33,2
AIDN8,TB,2023-11-02 13:00:00,AMIDON,EAX,46.488,-103.316,KKRFEDIT,0,38,40,0,43,0,47,0,50,0,0,2023/10/30-2023/11/02,38,2
ALMW4,TB,2023-11-02 13:00:00,ALLADIN,UNR,44.5871,-104.2483,KKRFEDIT,0,35,37,0,41,0,46,0,51,0,0,2023/10/30-2023/11/02,35,2
ASAM8,TB,2023-11-02 13:00:00,ASHLAND,BYZ,45.5733,-106.1432,KKRFEDIT,0,33,36,0,37,0,43,0,49,0,0,2023/10/30-2023/11/02,33,2
ASBK1,TB,2023-11-02 15:00:00,ASHLAND BOTTOMS,ICT,39.125773,-96.63653,KKRFMESO,0,41,0,0,0,0,0,0,0,0,0,2023/10/30-2023/11/02,41,2
ATRS2,TB,2023-11-02 13:00:00,ANTELOPE RANGE,UNR,45.5194,-103.2885,KKRFEDIT,0,0,35,0,0,0,0,0,50,0,0,2023/10/30-2023/11/02,35,4
AVNW4,TB,2023-11-02 13:00:00,ALVA,UNR,44.8605,-104.5444,KKRFEDIT,0,35,37,0,40,0,45,0,48,0,0,2023/10/30-2023/11/02,35,2
BBMW4,TB,2023-11-02 13:00:00,WAPITI,RIW,44.4817,-109.3083,KKRFEDIT,0,36,36,0,38,0,42,0,48,0,0,2023/10/30-2023/11/02,36,2
BCHN8,TB,2023-11-02 13:00:00,BEACH,BIS,46.788888888889,-103.96611111111,KKRFEDIT,0,33,35,0,38,0,44,0,50,0,0,2023/10/30-2023/11/02,33,2
BDVM8,TB,2023-11-02 13:00:00,MT MESONET BROADVIEW,TFX,46.1281,-108.7554,KKRFEDIT,0,35,36,0,40,0,44,0,50,0,0,2023/10/30-2023/11/02,35,2
BEOK1,TB,2023-11-02 14:00:00,MITCHELL,GID,39.43712,-98.21001,KKRFMESO,0,45,0,0,0,0,0,0,0,0,0,2023/10/30-2023/11/02,45,2
BFMS2,TB,2023-11-02 13:00:00,BERESFORD,FSD,43.0526,-96.9041,KKRFEDIT,0,0,38,0,41,0,48,0,54,0,0,2023/10/30-2023/11/02,38,4
BKMS2,TB,2023-11-02 13:00:00,BROOKINGS,FSD,44.325,-96.7685,KKRFEDIT,0,35,36,0,40,0,46,0,51,0,0,2023/10/30-2023/11/02,35,2
BLWM8,TB,2023-11-02 13:00:00,MT MESONET BENTON LAKE,TFX,47.6907,-111.4736,KKRFEDIT,0,32,37,0,39,0,46,0,50,0,0,2023/10/30-2023/11/02,32,2
BOMN8,TB,2023-11-02 13:00:00,BOWMAN NDAWN,BIS,46.2,-103.47305555556,KKRFEDIT,0,35,40,0,42,0,47,0,51,0,0,2023/10/30-2023/11/02,35,2
BRYM8,TB,2023-11-02 13:00:00,BRADY,TFX,48.10323,-111.66432,KKRFEDIT,0,35,36,0,39,0,44,0,49,0,0,2023/10/30-2023/11/02,35,2
BTSM8,TB,2023-11-02 13:00:00,GREYCLIFF,TFX,45.7435,-109.8266,KKRFEDIT,0,39,41,0,42,0,46,0,0,0,0,2023/10/30-2023/11/02,39,2
BUSM8,TB,2023-11-02 13:00:00,BUSBY,BYZ,45.51856,-106.93155,KKRFEDIT,0,34,36,0,38,0,43,0,50,0,0,2023/10/30-2023/11/02,34,2
BVMK1,TB,2023-11-02 15:00:00,BELLEVILLE,TOP,38.81409,-97.675093,KKRFMESO,0,45,0,0,0,0,0,0,0,0,0,2023/10/30-2023/11/02,45,2
BWLS2,TB,2023-11-02 13:00:00,BOWLE,FSD,45.441111111111,-99.675833333333,KKRFEDIT,0,35,36,0,38,0,44,0,50,0,0,2023/10/30-2023/11/02,35,2
BYUM8,TB,2023-11-02 13:00:00,BYNUM,TFX,47.95719,-112.49437,KKRFEDIT,0,35,36,0,38,0,44,0,49,0,0,2023/10/30-2023/11/02,35,2
BZMM8,TB,2023-10-31 22:00:00,BOZEMAN,TFX,45.675,-111.155,KTFXRR3TFX,0,37,39,0,42,0,47,0,0,0,0,2023/10/30-2023/11/02,37,2
BZNM8,TB,2023-11-02 13:00:00,MT MESONET BOZEMAN,TFX,45.6634,-111.0721,KKRFEDIT,0,35,36,0,38,0,43,0,48,0,0,2023/10/30-2023/11/02,35,2
CBKK1,TB,2023-11-02 13:00:00,COLBY,GLD,39.39247,-101.06864,KGLDRR3GLD,0,0,43,0,0,0,0,0,0,0,0,2023/10/30-2023/11/02,43,4
CENS2,TB,2023-11-02 13:00:00,CENTERVILLE,FSD,43.043055555556,-96.903333333333,KFSDRR3FSD,0,0,34,0,0,0,0,0,0,0,0,2023/10/30-2023/11/02,34,4
CFCM8,TB,2023-11-02 13:00:00,COFFEE CREEK N,TFX,47.3934,-110.1083,KKRFEDIT,0,37,39,0,41,0,46,0,51,0,0,2023/10/30-2023/11/02,37,2
CHSM8,TB,2023-11-02 13:00:00,CHESTER,TFX,48.44775,-111.03759,KKRFEDIT,0,32,33,0,36,0,42,0,49,0,0,2023/10/30-2023/11/02,32,2
CKMK1,TB,2023-11-02 15:00:00,CLAY CENTER,TOP,39.41796,-97.13977,KKRFMESO,0,42,0,0,0,0,0,0,0,0,0,2023/10/30-2023/11/02,42,2
CLMS2,TB,2023-11-02 13:00:00,COLOME,UNR,43.2666666666667,-99.7166666666667,KKRFEDIT,0,35,36,0,37,0,43,0,0,0,0,2023/10/30-2023/11/02,35,2
COOM8,TB,2023-11-02 13:00:00,MT MESONET COONEY RESERVOIR,BYZ,45.4658,-109.2597,KKRFEDIT,0,38,39,0,41,0,45,0,50,0,0,2023/10/30-2023/11/02,38,2
CPTS2,TB,2023-11-02 13:00:00,CAPUTA,UNR,43.9833333333333,-103,KKRFEDIT,0,35,37,0,40,0,45,0,51,0,0,2023/10/30-2023/11/02,35,2
CRGN8,TB,2023-11-02 13:00:00,CARRINGTON,BIS,47.509,-99.131944444444,KKRFEDIT,0,37,37,0,38,0,44,0,50,0,0,2023/10/30-2023/11/02,37,2
CRMW4,TB,2023-11-02 13:00:00,CARLILE,UNR,44.4485,-104.8021,KKRFEDIT,0,30,32,0,35,0,42,0,46,0,0,2023/10/30-2023/11/02,30,2
CROM8,TB,2023-11-02 13:00:00,CROW AGENCY,TFX,45.586,-107.4383,KKRFEDIT,0,37,40,0,42,0,48,0,54,0,0,2023/10/30-2023/11/02,37,2
CSRN8,TB,2023-11-02 13:00:00,CARSON,BIS,46.443,-101.3738,KKRFEDIT,0,36,38,0,40,0,45,0,51,0,0,2023/10/30-2023/11/02,36,2
CSU01,TB,2023-11-02 15:00:00,AKRON AG,BOU,40.1548,-103.1419999,KKRFMESO,0,0,41,0,0,0,0,0,0,0,0,2023/10/30-2023/11/02,41,4
CSU02,TB,2023-10-31 19:00:00,AULT AG,BOU,40.569,-104.72,KKRFMESO,0,0,41,0,0,0,0,0,0,0,0,2023/10/30-2023/11/02,41,4
CSU04,TB,2023-11-02 15:00:00,BUENA VISTA AG,PUB,38.8315,-106.129,KKRFMESO,0,0,34,0,0,0,0,0,0,0,0,2023/10/30-2023/11/02,34,4
CSU05,TB,2023-11-02 15:00:00,BRIGGSDALE AG,GLD,40.5947,-104.319,KKRFMESO,0,0,39,0,0,0,0,0,0,0,0,2023/10/30-2023/11/02,39,4
CSU07,TB,2023-11-02 15:00:00,BURLINGTON SOUTH AG,GLD,39.2651,-102.109,KKRFMESO,0,0,40,0,0,0,0,0,0,0,0,2023/10/30-2023/11/02,40,4
CSU08,TB,2023-11-02 15:00:00,BURLINGTON 3 AG,GLD,39.3374,-102.196,KKRFMESO,0,0,37,0,0,0,0,0,0,0,0,2023/10/30-2023/11/02,37,4
CSU10,TB,2023-11-02 15:00:00,CHEROKEE PARK AG,BOU,40.8263,-105.267,KKRFMESO,0,0,34,0,0,0,0,0,0,0,0,2023/10/30-2023/11/02,34,4
CSU12,TB,2023-11-02 14:50:00,COWDREY AG,BOU,40.8659,-106.336,KKRFMESO,0,0,37,0,0,0,0,0,0,0,0,2023/10/30-2023/11/02,37,4
CSU19,TB,2023-11-02 15:00:00,FT COLLINS AERC AG,BOU,40.5947,-105.137,KKRFMESO,0,0,37,0,0,0,0,0,0,0,0,2023/10/30-2023/11/02,37,4
CSU20,TB,2023-11-02 15:00:00,CSU AG,BOU,40.6525,-105.0001,KKRFMESO,0,0,34,0,0,0,0,0,0,0,0,2023/10/30-2023/11/02,34,4
CSU21,TB,2023-11-02 15:00:00,FORT LUPTON AG,BOU,40.0011,-104.849,KKRFMESO,0,0,41,0,0,0,0,0,0,0,0,2023/10/30-2023/11/02,41,4
CSU23,TB,2023-11-02 15:00:00,GREELEY 4 AG,BOU,40.4487,-104.638,KKRFMESO,0,0,41,0,0,0,0,0,0,0,0,2023/10/30-2023/11/02,41,4
CSU25,TB,2023-11-02 15:00:00,HEBRON AG,BOU,40.5455,-106.388,KKRFMESO,0,0,35,0,0,0,0,0,0,0,0,2023/10/30-2023/11/02,35,4
CSU30,TB,2023-11-02 15:00:00,HAXTUN AG,BOU,40.6722,-102.647,KKRFMESO,0,0,38,0,0,0,0,0,0,0,0,2023/10/30-2023/11/02,38,4
CSU32,TB,2023-11-02 14:55:00,HOLYOKE AG,BOU,40.4909,-102.089,KKRFMESO,0,0,38,0,0,0,0,0,0,0,0,2023/10/30-2023/11/02,38,4
CSU33,TB,2023-11-02 15:00:00,IDALIA AG,BOU,39.7312,-102.302,KKRFMESO,0,0,44,0,0,0,0,0,0,0,0,2023/10/30-2023/11/02,44,4
CSU34,TB,2023-11-02 14:45:00,KIRK AG,GLD,39.6554,-102.621,KKRFMESO,0,0,42,0,0,0,0,0,0,0,0,2023/10/30-2023/11/02,42,4
CSU35,TB,2023-11-02 15:00:00,KERSEY 1 AG,BOU,40.3768,-104.532,KKRFMESO,0,0,34,0,0,0,0,0,0,0,0,2023/10/30-2023/11/02,34,4
CSU36,TB,2023-11-02 14:55:00,KERSEY 2 AG,BOU,40.3629,-104.478,KKRFMESO,0,0,40,0,0,0,0,0,0,0,0,2023/10/30-2023/11/02,40,4
CSU40,TB,2023-11-02 15:00:00,LARAND AG,PUB,40.6126,-106.30001,KKRFMESO,0,0,39,0,0,0,0,0,0,0,0,2023/10/30-2023/11/02,39,4
CSU41,TB,2023-11-01 23:35:00,LUCERNE AG,BOU,40.4756,-104.707,KKRFMESO,0,0,46,0,0,0,0,0,0,0,0,2023/10/30-2023/11/02,46,4
CSU44,TB,2023-11-02 15:00:00,LA SALLE AG,BOU,40.3349,-104.63,KKRFMESO,0,0,41,0,0,0,0,0,0,0,0,2023/10/30-2023/11/02,41,4
CSU50,TB,2023-11-02 15:00:00,PAOLI AG,GLD,40.4248,-102.475,KKRFMESO,0,0,37,0,0,0,0,0,0,0,0,2023/10/30-2023/11/02,37,4
CSU51,TB,2023-11-02 15:00:00,PECKHAM AG,BOU,40.3125,-104.727,KKRFMESO,0,0,33,0,0,0,0,0,0,0,0,2023/10/30-2023/11/02,33,4
CSU55,TB,2023-11-02 15:00:00,SEIBERT AG,GLD,39.1187,-102.925,KKRFMESO,0,0,41,0,0,0,0,0,0,0,0,2023/10/30-2023/11/02,41,4
CSU56,TB,2023-11-02 15:00:00,SAND CREEK MAS AG,PUB,38.5439,-102.503,KKRFMESO,0,0,40,0,0,0,0,0,0,0,0,2023/10/30-2023/11/02,40,4
CSU58,TB,2023-11-02 15:00:00,STRATTON AG,GLD,39.2986999,-102.522,KKRFMESO,0,0,42,0,0,0,0,0,0,0,0,2023/10/30-2023/11/02,42,4
CSU61,TB,2023-11-02 15:00:00,WOLFORD MTN  AG,BOU,40.1387,-106.415,KKRFMESO,0,0,32,0,0,0,0,0,0,0,0,2023/10/30-2023/11/02,32,4
CSU63,TB,2023-11-02 15:00:00,WRAY 2 AG,GLD,40.2187,-102.265,KKRFMESO,0,0,39,0,0,0,0,0,0,0,0,2023/10/30-2023/11/02,39,4
CSU66,TB,2023-11-01 18:05:00,YUMA AG,GLD,40.1504,-102.724,KKRFMESO,0,0,44,0,0,0,0,0,0,0,0,2023/10/30-2023/11/02,44,4
CSU67,TB,2023-11-02 14:55:00,ILIFF AG,BOU,40.7678,-103.045,KKRFMESO,0,0,37,0,0,0,0,0,0,0,0,2023/10/30-2023/11/02,37,4
CSU68,TB,2023-11-02 15:00:00,JEFFERSON AG,BOU,39.3542,-105.811,KKRFMESO,0,0,37,0,0,0,0,0,0,0,0,2023/10/30-2023/11/02,37,4
CSU71,TB,2023-11-02 15:00:00,ADAMS LANDFILL AG,BOU,39.7857,-103.798,KKRFMESO,0,0,34,0,0,0,0,0,0,0,0,2023/10/30-2023/11/02,34,4
CSU75,TB,2023-11-02 14:45:00,STERLING AG,BOU,40.2744,-103.014,KKRFMESO,0,0,35,0,0,0,0,0,0,0,0,2023/10/30-2023/11/02,35,4
CSU81,TB,2023-11-02 15:00:00,CLARK AG,GJT,40.7043,-106.934,KKRFMESO,0,0,38,0,0,0,0,0,0,0,0,2023/10/30-2023/11/02,38,4
CSU83,TB,2023-11-02 15:00:00,GRANBY AG,BOU,40.1047,-105.943,KKRFMESO,0,0,33,0,0,0,0,0,0,0,0,2023/10/30-2023/11/02,33,4
CSU86,TB,2023-11-02 15:00:00,KREMMLING AG,BOU,40.1154,-106.283,KKRFMESO,0,0,36,0,0,0,0,0,0,0,0,2023/10/30-2023/11/02,36,4
CSU91,TB,2023-11-02 15:00:00,CSU FT COLLINS,BOU,40.5762,-105.086,KKRFMESO,0,0,39,0,0,0,0,0,0,0,0,2023/10/30-2023/11/02,39,4
CTWS2,TB,2023-11-02 13:00:00,COTTONWOOD,UNR,43.9599,-101.8539,KKRFEDIT,0,33,35,0,37,0,45,0,53,0,0,2023/10/30-2023/11/02,33,2
CURN8,TB,2023-11-02 13:00:00,COURTNEY,BIS,47.221,-98.68,KKRFEDIT,0,39,40,0,41,0,45,0,50,0,0,2023/10/30-2023/11/02,39,2
DDC,TB,2023-11-02 12:00:00,DODGE CITY WFO,DDC,37.7727777777778,-99.9697222222222,KDDCRR3DDC,0,46,49,0,51,0,0,0,59,0,58,2023/10/30-2023/11/02,46,2
DKSN8,TB,2023-11-02 13:00:00,DICKINSON NDAWN,BIS,46.8948,-102.8128,KKRFEDIT,0,34,36,0,37,0,44,0,51,0,0,2023/10/30-2023/11/02,34,2
DOOM8,TB,2023-11-02 13:00:00,DOOLEY MT,GGW,48.8336,-104.3845,KKRFEDIT,0,34,35,0,37,0,43,0,48,0,0,2023/10/30-2023/11/02,34,2
DTMW4,TB,2023-11-02 13:00:00,DEVILS TOWER,UNR,44.713,-105.014,KKRFEDIT,0,35,36,0,40,0,45,0,51,0,0,2023/10/30-2023/11/02,35,2
DYRM8,TB,2023-11-02 13:00:00,DUPUYER,TFX,48.29556,-112.54923,KKRFEDIT,0,36,36,0,37,0,41,0,47,0,0,2023/10/30-2023/11/02,36,2
EDGN8,TB,2023-11-02 13:00:00,EDGELEY NDAWN,BIS,46.3192,-98.766,KKRFEDIT,0,41,42,0,43,0,47,0,51,0,0,2023/10/30-2023/11/02,41,2
EDTS2,TB,2023-11-02 13:00:00,EDGEMONT,UNR,43.47,-103.97,KKRFEDIT,0,33,34,0,38,0,46,0,0,0,0,2023/10/30-2023/11/02,33,2
EMLK1,TB,2023-11-02 15:00:00,ELMDALE,ICT,38.36252,-96.618227,KKRFMESO,0,50,0,0,0,0,0,0,0,0,0,2023/10/30-2023/11/02,50,2
FCMW4,TB,2023-11-02 13:00:00,FOUR CORNERS,UNR,44.1959,-104.2952,KKRFEDIT,0,33,34,0,37,0,44,0,47,0,0,2023/10/30-2023/11/02,33,2
FLDN8,TB,2023-11-02 13:00:00,FAIRFIELD,BIS,47.1253,-103.2432,KKRFEDIT,0,36,37,0,39,0,43,0,50,0,0,2023/10/30-2023/11/02,36,2
FLNS2,TB,2023-11-02 13:00:00,FLANDREAU,FSD,44.086666666667,-96.5849,KKRFEDIT,0,35,37,0,38,0,44,0,51,0,0,2023/10/30-2023/11/02,35,2
FNDN1,TB,2023-11-02 12:00:00,FRIEND,OAX,40.655833333333,-97.220833333333,KOAXRR3OAX,0,0,42,0,0,49,0,0,0,0,0,2023/10/30-2023/11/02,42,4
FRGM8,TB,2023-11-02 13:00:00,FORESTGROVE,TFX,47.10576,-109.08885,KKRFEDIT,0,35,36,0,39,0,42,0,47,0,0,2023/10/30-2023/11/02,35,2
FROM8,TB,2023-11-02 13:00:00,FROID MT,GGW,48.2579,-104.4966,KKRFEDIT,0,39,40,0,42,0,45,0,48,0,0,2023/10/30-2023/11/02,39,2
FTUN8,TB,2023-11-02 13:00:00,FORTUNA NDAWN,BIS,48.964,-103.806,KKRFEDIT,0,35,36,0,38,0,43,0,47,0,0,2023/10/30-2023/11/02,35,2
GANN8,TB,2023-11-02 13:00:00,GARRISON,BIS,47.7102,-101.6795,KKRFEDIT,0,36,36,0,38,0,44,0,49,0,0,2023/10/30-2023/11/02,36,2
GDNK1,TB,2023-11-02 11:45:00,GOODLAND,GLD,39.3662,-101.7003,KGLDRR3GLD,0,0,49,0,0,0,0,0,0,0,0,2023/10/30-2023/11/02,49,4
GOTS2,TB,2023-11-02 13:00:00,GROTON,ABR,45.5735,-98.0301,KKRFEDIT,0,38,40,0,42,0,46,0,0,0,0,2023/10/30-2023/11/02,38,2
GREN8,TB,2023-11-02 13:00:00,GRENORA NDAWN,BIS,48.735,-103.881,KKRFEDIT,0,36,37,0,40,0,44,0,48,0,0,2023/10/30-2023/11/02,36,2
GSBN8,TB,2023-11-02 13:00:00,GRASSY BUTTE,BIS,47.3866,-103.2063,KKRFEDIT,0,37,39,0,41,0,45,0,49,0,0,2023/10/30-2023/11/02,37,2
GYMK1,TB,2023-11-02 15:00:00,GYPSUM,ICT,38.72522,-97.44415,KKRFMESO,0,45,0,0,0,0,0,0,0,0,0,2023/10/30-2023/11/02,45,2
HAEM8,TB,2023-11-02 13:00:00,MT MESONET HAVRE,TFX,48.489,-109.7993,KKRFEDIT,0,36,37,0,41,0,45,0,50,0,0,2023/10/30-2023/11/02,36,2
HAMS2,TB,2023-11-02 13:00:00,NEW EFFINGTON SD 9S,ABR,44.31,-101.13,KKRFEDIT,0,35,37,0,0,0,47,0,54,0,0,2023/10/30-2023/11/02,35,2
HASK1,TB,2023-10-31 13:00:00,HAYS,DDC,38.84945,-99.34461,KDDCRR3DDC,0,0,44,0,0,0,0,0,0,0,0,2023/10/30-2023/11/02,44,4
HAZN8,TB,2023-11-02 13:00:00,HAZEN NDAWN,BIS,47.301944444444,-101.67888888889,KKRFEDIT,0,34,36,0,37,0,42,0,49,0,0,2023/10/30-2023/11/02,34,2
HBNN8,TB,2023-11-02 13:00:00,HEBRON,BIS,48.2559,-103.9063,KKRFEDIT,0,38,39,0,41,0,45,0,50,0,0,2023/10/30-2023/11/02,38,2
HCYK1,TB,2023-11-02 15:00:00,HILL CITY,GLD,39.37203,-99.83051,KKRFMESO,0,37,0,0,0,0,0,0,0,0,0,2023/10/30-2023/11/02,37,2
HIHS2,TB,2023-11-02 13:00:00,HIGHMORE,ABR,44.525833333333,-99.448611111111,KKRFEDIT,0,35,36,0,0,0,0,0,51,0,0,2023/10/30-2023/11/02,35,2
HIMK1,TB,2023-11-02 15:00:00,HIAWATHA,TOP,39.84238,-95.48187,KKRFMESO,0,42,0,0,0,0,0,0,0,0,0,2023/10/30-2023/11/02,42,2
HMLS2,TB,2023-11-02 13:00:00,HAMILL,FSD,43.5938,-99.7122,KKRFEDIT,0,37,0,0,41,0,47,0,54,0,0,2023/10/30-2023/11/02,37,2
HMUK1,TB,2023-11-02 15:00:00,HAMILTON,DDC,37.99569,-101.86537,KKRFMESO,0,48,0,0,0,0,0,0,0,0,0,2023/10/30-2023/11/02,48,2
HNTM8,TB,2023-11-02 13:00:00,MT MESONET HUNTLEY ARC,BYZ,45.9263,-108.2329,KKRFEDIT,0,45,39,0,40,0,47,0,52,0,0,2023/10/30-2023/11/02,45,2
HTGN8,TB,2023-11-02 13:00:00,HETTINGER,BIS,46.0125,-102.6456,KKRFEDIT,0,38,39,0,41,0,45,0,49,0,0,2023/10/30-2023/11/02,38,2
HUMW4,TB,2023-11-02 13:00:00,HULETT,UNR,44.7389,-104.6962,KKRFEDIT,0,36,38,0,40,0,44,0,49,0,0,2023/10/30-2023/11/02,36,2
HWTM8,TB,2023-11-02 13:00:00,HARLOWTON,BYZ,46.41295,-109.70085,KKRFEDIT,0,35,36,0,38,0,44,0,50,0,0,2023/10/30-2023/11/02,35,2
IGMM8,TB,2023-11-02 13:00:00,MT MESONET INGOMAR,TFX,46.6568,-107.2238,KKRFEDIT,0,34,35,0,38,0,44,0,51,0,0,2023/10/30-2023/11/02,34,2
JEWK1,TB,2023-11-02 14:00:00,JEWELL,GID,39.68342,-98.21306,KKRFMESO,0,47,0,0,0,0,0,0,0,0,0,2023/10/30-2023/11/02,47,2
JSTN8,TB,2023-11-02 13:00:00,JAMESTOWN,BIS,46.9064,-98.9274,KKRFEDIT,0,36,37,0,39,0,44,0,50,0,0,2023/10/30-2023/11/02,36,2
KCNK1,TB,2023-11-02 14:00:00,CHEYENNE TOWER,GLD,39.633333,-101.815833,KKRFMESO,0,46,0,0,0,0,0,0,0,0,0,2023/10/30-2023/11/02,46,2
KEEM8,TB,2023-11-02 13:00:00,MT MESONET ABSAROKEE,TFX,45.5573,-109.6112,KKRFEDIT,0,36,38,0,40,0,46,0,51,0,0,2023/10/30-2023/11/02,36,2
KEEN8,TB,2023-11-02 13:00:00,KEENE,BIS,47.8937,-103.048,KKRFEDIT,0,32,36,0,39,0,45,0,51,0,0,2023/10/30-2023/11/02,32,2
KJTK1,TB,2023-11-02 14:00:00,HODGEMAN TOWER,DDC,38.10067,-99.9016,KKRFMESO,0,47,0,0,0,0,0,0,0,0,0,2023/10/30-2023/11/02,47,2
KSDK1,TB,2023-11-02 15:00:00,SHERIDAN,GLD,39.35736,-100.61046,KKRFMESO,0,45,0,0,0,0,0,0,0,0,0,2023/10/30-2023/11/02,45,2
KSHK1,TB,2023-11-02 15:00:00,SHERMAN,GLD,39.28125,-101.81936,KKRFMESO,0,44,0,0,0,0,0,0,0,0,0,2023/10/30-2023/11/02,44,2
KWHK1,TB,2023-11-02 15:00:00,LEOTI,ICT,38.48336,-101.32772,KKRFMESO,0,43,0,0,0,0,0,0,0,0,0,2023/10/30-2023/11/02,43,2
KWLK1,TB,2023-11-02 15:00:00,WALLACE,GLD,38.8198,-101.85299,KKRFMESO,0,45,0,0,0,0,0,0,0,0,0,2023/10/30-2023/11/02,45,2
LCMS2,TB,2023-11-02 13:00:00,LETCHER,RIW,43.6,-98.11,KKRFEDIT,0,36,0,0,0,0,46,0,52,0,0,2023/10/30-2023/11/02,36,2
LCRK1,TB,2023-11-02 15:00:00,LA CROSS,DDC,38.54097,-99.2805,KKRFMESO,0,50,0,0,0,0,0,0,0,0,0,2023/10/30-2023/11/02,50,2
LGGM8,TB,2023-11-02 13:00:00,LODGE GRASS,BYZ,45.3073,-107.51536,KKRFEDIT,0,36,37,0,40,0,44,0,52,0,0,2023/10/30-2023/11/02,36,2
LINN8,TB,2023-11-02 13:00:00,LINTON NDAWN,BIS,46.33,-100.28,KKRFEDIT,0,34,35,0,39,0,43,0,51,0,0,2023/10/30-2023/11/02,34,2
LLAS2,TB,2023-11-02 13:00:00,LEOLA,ABR,45.7163,-98.931,KKRFEDIT,0,36,38,0,41,0,0,0,0,0,0,2023/10/30-2023/11/02,36,2
LMDM8,TB,2023-11-02 13:00:00,LAME DEER,BYZ,45.65598,-106.48794,KKRFEDIT,0,37,38,0,40,0,45,0,51,0,0,2023/10/30-2023/11/02,37,2
LNUK1,TB,2023-11-02 15:00:00,LANE,DDC,38.5987,-100.615,KKRFMESO,0,47,0,0,0,0,0,0,0,0,0,2023/10/30-2023/11/02,47,2
LORK1,TB,2023-11-02 14:00:00,LORRAINE,ICT,38.55798,-98.35203,KKRFMESO,0,48,0,0,0,0,0,0,0,0,0,2023/10/30-2023/11/02,48,2
LORM8,TB,2023-11-02 13:00:00,LORING,GGW,48.77156,-107.87788,KKRFEDIT,0,33,34,0,37,0,42,0,48,0,0,2023/10/30-2023/11/02,33,2
LUEK1,TB,2023-11-02 14:00:00,LUDELL MESO,GLD,39.90223,-100.96291,KKRFMESO,0,44,0,0,0,0,0,0,0,0,0,2023/10/30-2023/11/02,44,2
LVAM8,TB,2023-11-02 13:00:00,LAVINA,BYZ,46.39891,-108.95365,KKRFEDIT,0,34,36,0,38,0,44,0,50,0,0,2023/10/30-2023/11/02,34,2
MARN8,TB,2023-11-02 13:00:00,MARION NDAWN,BIS,46.564444444444,-98.3275,KKRFEDIT,0,40,42,0,44,0,47,0,51,0,0,2023/10/30-2023/11/02,40,2
MATN8,TB,2023-11-02 13:00:00,MOTT NDAWN,BIS,46.38,-102.32194444444,KKRFEDIT,0,35,37,0,39,0,45,0,51,0,0,2023/10/30-2023/11/02,35,2
MCHK1,TB,2023-11-02 15:00:00,MCPHERSON,ICT,38.34503,-97.663311,KKRFMESO,0,44,0,0,0,0,0,0,0,0,0,2023/10/30-2023/11/02,44,2
MCIM8,TB,2023-11-02 13:00:00,MT MESONET MOCCASIN,TFX,47.0584,-109.9535,KKRFEDIT,0,34,36,0,39,0,45,0,50,0,0,2023/10/30-2023/11/02,34,2
MCMS2,TB,2023-11-02 13:00:00,MOUND CITY,ABR,45.6715,-100.1149,KKRFEDIT,0,35,38,0,41,0,46,0,51,0,0,2023/10/30-2023/11/02,35,2
MCYM8,TB,2023-11-02 13:00:00,MT MESONET MILES CITY,TFX,46.4054,-105.9543,KKRFEDIT,0,35,36,0,38,0,44,0,51,0,0,2023/10/30-2023/11/02,35,2
MLVM8,TB,2023-11-02 13:00:00,MT MESONET MELVILLE,TFX,46.0014,-109.8416,KKRFEDIT,0,35,36,0,38,0,45,0,50,0,0,2023/10/30-2023/11/02,35,2
MMDN8,TB,2023-11-02 13:00:00,MANDAN,BIS,46.7736,-100.9139,KKRFEDIT,0,34,36,0,39,0,45,0,50,0,0,2023/10/30-2023/11/02,34,2
MOA01,TB,2023-11-02 15:00:00,BRUNSWICK ,EAX,39.41278,-93.19639,KKRFMESO,0,0,40,0,0,0,0,0,0,0,0,2023/10/30-2023/11/02,40,4
MOA02,TB,2023-11-02 15:00:00,SANBORN FIELD ,LSX,38.9425,-92.32,KKRFMESO,0,0,38,0,0,0,0,0,0,0,0,2023/10/30-2023/11/02,38,4
MOA04,TB,2023-11-02 15:00:00,GREEN RIDGE ,EAX,38.62111,-93.41528,KKRFMESO,0,0,39,0,0,0,0,0,0,0,0,2023/10/30-2023/11/02,39,4
MOA05,TB,2023-11-02 14:55:00,VERSAILLES ,SGF,38.43472,-92.85361,KKRFMESO,0,0,35,0,0,0,0,0,0,0,0,2023/10/30-2023/11/02,35,4
MOA06,TB,2023-11-02 15:00:00,LAMAR ,SGF,37.49306,-94.31472,KKRFMESO,0,0,39,0,0,0,0,0,0,0,0,2023/10/30-2023/11/02,39,4
MOA08,TB,2023-11-02 14:55:00,NOVELTY ,LSX,40.02056,-92.19,KKRFMESO,0,0,33,0,0,0,0,0,0,0,0,2023/10/30-2023/11/02,33,4
MOA09,TB,2023-11-02 15:00:00,ALBANY ,EAX,40.24111,-94.34389,KKRFMESO,0,0,33,0,0,0,0,0,0,0,0,2023/10/30-2023/11/02,33,4
MOA10,TB,2023-11-02 15:00:00,COOK STATION ,LSX,37.79806,-91.42972,KKRFMESO,0,0,37,0,0,0,0,0,0,0,0,2023/10/30-2023/11/02,37,4
MOA12,TB,2023-11-02 15:00:00,ST JOSEPH ,EAX,39.75694,-94.79472,KKRFMESO,0,0,39,0,0,0,0,0,0,0,0,2023/10/30-2023/11/02,39,4
MOA13,TB,2023-11-02 14:55:00,LINNEUS ,EAX,39.85694,-93.14722,KKRFMESO,0,0,40,0,0,0,0,0,0,0,0,2023/10/30-2023/11/02,40,4
MOA14,TB,2023-11-02 15:00:00,WILLIAMSBURG,LSX,38.90735,-91.73422,KKRFMESO,0,0,36,0,0,0,0,0,0,0,0,2023/10/30-2023/11/02,36,4
MOA15,TB,2023-11-02 05:55:00,MOUNTAIN GROVE,SGF,37.15387,-92.26883,KKRFMESO,0,0,40,0,0,0,0,0,0,0,0,2023/10/30-2023/11/02,40,4
MOA16,TB,2023-11-02 15:00:00,COLUMBIA ,EAX,38.90699,-92.26998,KKRFMESO,0,0,37,0,0,0,0,0,0,0,0,2023/10/30-2023/11/02,37,4
MOA17,TB,2023-11-02 13:50:00,VANDALIA ,LSX,39.3023,-91.513,KKRFMESO,0,0,39,0,0,0,0,0,0,0,0,2023/10/30-2023/11/02,39,4
MOA18,TB,2023-11-02 15:00:00,BRADFORD COU,EAX,38.89724,-92.21807,KKRFMESO,0,0,38,0,0,0,0,0,0,0,0,2023/10/30-2023/11/02,38,4
MOA19,TB,2023-11-02 15:00:00,MONROE CITY ,LSX,39.635314,-91.72537,KKRFMESO,0,0,41,0,0,0,0,0,0,0,0,2023/10/30-2023/11/02,41,4
MOA21,TB,2023-11-02 15:00:00,MT VERNON ,SGF,37.077,-93.879,KKRFMESO,0,0,41,0,0,0,0,0,0,0,0,2023/10/30-2023/11/02,41,4
MOA22,TB,2023-11-02 15:00:00,MOSCOW MILLS ,LSX,38.938757,-90.931742,KKRFMESO,0,0,42,0,0,0,0,0,0,0,0,2023/10/30-2023/11/02,42,4
MOA23,TB,2023-11-02 15:00:00,UNIONVILLE ,EAX,40.466591,-93.002819,KKRFMESO,0,0,34,0,0,0,0,0,0,0,0,2023/10/30-2023/11/02,34,4
MOA24,TB,2023-11-02 11:50:00,BUTLER ,EAX,38.25191,-94.343547,KKRFMESO,0,0,37,0,0,0,0,0,0,0,0,2023/10/30-2023/11/02,37,4
MOA30,TB,2023-11-02 15:00:00,NCMC BARTON FARM,EAX,40.061186,-93.57616,KKRFMESO,0,0,38,0,0,0,0,0,0,0,0,2023/10/30-2023/11/02,38,4
MOTM8,TB,2023-11-02 13:00:00,MOLT,BYZ,45.84138,-108.95924,KKRFEDIT,0,35,37,0,40,0,49,0,52,0,0,2023/10/30-2023/11/02,35,2
MOYM8,TB,2023-11-02 13:00:00,MOSBY,GGW,46.7823,-107.92134,KKRFEDIT,0,34,36,0,37,0,43,0,51,0,0,2023/10/30-2023/11/02,34,2
MSSM8,TB,2023-11-02 13:00:00,MUSSELSHELL,BYZ,46.53997,-108.02182,KKRFEDIT,0,33,34,0,37,0,43,0,50,0,0,2023/10/30-2023/11/02,33,2
MTNK1,TB,2023-11-02 15:00:00,MANHATTAN,TOP,39.20857,-96.59169,KKRFMESO,0,46,0,0,0,0,0,0,0,0,0,2023/10/30-2023/11/02,46,2
MTPK1,TB,2023-11-02 15:00:00,SEDGWICK MESO,ICT,37.890235,-97.632127,KKRFMESO,0,46,0,0,0,0,0,0,0,0,0,2023/10/30-2023/11/02,46,2
MTRM8,TB,2023-11-02 13:00:00,MATADOR RANCH,GGW,47.92644,-108.33595,KKRFEDIT,0,34,34,0,36,0,44,0,50,0,0,2023/10/30-2023/11/02,34,2
MVMS2,TB,2023-11-02 13:00:00,MILESVILLE,RIW,44.47,-101.9,KKRFEDIT,0,34,37,0,0,0,0,0,53,0,0,2023/10/30-2023/11/02,34,2
NCMW4,TB,2023-11-02 02:00:00,NEWCASTLE,UNR,43.6662,-104.2619,KKRFEDIT,0,36,39,0,40,0,45,0,52,0,0,2023/10/30-2023/11/02,36,2
NEM003,TB,2023-11-02 15:00:00,ALLIANCE MESO,CYS,42.18,-102.92,KKRFMESO,0,0,35,0,0,0,0,0,0,0,0,2023/10/30-2023/11/02,35,4
NEM005,TB,2023-11-02 15:00:00,AXTELL MESO,GID,40.53,-99.05,KKRFMESO,0,0,36,0,0,0,0,0,0,0,0,2023/10/30-2023/11/02,36,4
NEM006,TB,2023-11-02 15:00:00,BIG SPRINGS MESO,LBF,41.16,-101.99,KKRFMESO,0,0,35,0,0,0,0,0,0,0,0,2023/10/30-2023/11/02,35,4
NEM009,TB,2023-11-02 15:00:00,CENTRAL CITY MESO,GID,41.11,-98.05,KKRFMESO,0,0,36,0,0,0,0,0,0,0,0,2023/10/30-2023/11/02,36,4
NEM012,TB,2023-11-02 15:00:00,CONCORD MESO,FSD,42.39,-96.96,KKRFMESO,0,0,40,0,0,0,0,0,0,0,0,2023/10/30-2023/11/02,40,4
NEM018,TB,2023-11-02 15:00:00,EAGLE MESO,OAX,40.85,-96.47,KKRFMESO,0,0,36,0,0,0,0,0,0,0,0,2023/10/30-2023/11/02,36,4
NEM020,TB,2023-11-02 15:00:00,EMMET MESO,LBF,42.47,-98.75,KKRFMESO,0,0,37,0,0,0,0,0,0,0,0,2023/10/30-2023/11/02,37,4
NEM021,TB,2023-11-02 15:00:00,FIRTH MESO,OAX,40.57,-96.61,KKRFMESO,0,0,40,0,0,0,0,0,0,0,0,2023/10/30-2023/11/02,40,4
NEM022,TB,2023-11-02 15:00:00,FORDYCE MESO,OAX,42.75,-97.35,KKRFMESO,0,0,31,0,0,0,0,0,0,0,0,2023/10/30-2023/11/02,31,4
NEM025,TB,2023-11-02 15:00:00,GOTHENBURG MESO,GID,40.95,-100.19,KKRFMESO,0,0,38,0,0,0,0,0,0,0,0,2023/10/30-2023/11/02,38,4
NEM027,TB,2023-11-02 15:00:00,GUIDE ROCK MESO,GID,40.09,-98.28,KKRFMESO,0,0,38,0,0,0,0,0,0,0,0,2023/10/30-2023/11/02,38,4
NEM029,TB,2023-11-02 15:00:00,HARVARD MESO,GID,40.57,-98.14,KKRFMESO,0,0,39,0,0,0,0,0,0,0,0,2023/10/30-2023/11/02,39,4
NEM030,TB,2023-11-02 15:00:00,HAYES CENTER MESO,LBF,40.55,-101.03,KKRFMESO,0,0,36,0,0,0,0,0,0,0,0,2023/10/30-2023/11/02,36,4
NEM031,TB,2023-11-02 15:00:00,HODREGE MESO,GID,40.5,-99.36,KKRFMESO,0,0,40,0,0,0,0,0,0,0,0,2023/10/30-2023/11/02,40,4
NEM034,TB,2023-11-02 15:00:00,KEARNEY MESO,GID,40.72,-99.01,KKRFMESO,0,0,33,0,0,0,0,0,0,0,0,2023/10/30-2023/11/02,33,4
NEM037,TB,2023-11-02 15:00:00,LEXINGTON MESO,GID,40.73,-99.75,KKRFMESO,0,0,39,0,0,0,0,0,0,0,0,2023/10/30-2023/11/02,39,4
NEM038,TB,2023-11-02 15:00:00,LINCOLN 1500 MESO,OAX,40.83,-96.66,KKRFMESO,0,0,37,0,0,0,0,0,0,0,0,2023/10/30-2023/11/02,37,4
NEM041,TB,2023-11-02 15:00:00,LONG PINE MESO,LBF,42.24,-99.66,KKRFMESO,0,0,43,0,0,0,0,0,0,0,0,2023/10/30-2023/11/02,43,4
NEM043,TB,2023-11-02 15:00:00,MEMPHIS MESO,OAX,41.16,-96.41,KKRFMESO,0,0,39,0,0,0,0,0,0,0,0,2023/10/30-2023/11/02,39,4
NEM044,TB,2023-11-02 15:00:00,MERNA MESO,LBF,41.45,-99.78,KKRFMESO,0,0,39,0,0,0,0,0,0,0,0,2023/10/30-2023/11/02,39,4
NEM046,TB,2023-11-02 15:00:00,NAPER MESO,LBF,42.84,-99.26,KKRFMESO,0,0,36,0,0,0,0,0,0,0,0,2023/10/30-2023/11/02,36,4
NEM051,TB,2023-11-02 15:00:00,OAKLAND MESO,OAX,41.84,-96.54,KKRFMESO,0,0,37,0,0,0,0,0,0,0,0,2023/10/30-2023/11/02,37,4
NEM052,TB,2023-11-02 15:00:00,ORD MESO,GID,41.62,-98.95,KKRFMESO,0,0,32,0,0,0,0,0,0,0,0,2023/10/30-2023/11/02,32,4
NEM055,TB,2023-11-02 15:00:00,SCOTTSBLUFF MESO,CYS,41.89,-103.68,KKRFMESO,0,0,34,0,0,0,0,0,0,0,0,2023/10/30-2023/11/02,34,4
NEM056,TB,2023-11-02 15:00:00,SCOTTSBLUFF MESO,CYS,41.95,-103.7,KKRFMESO,0,0,38,0,0,0,0,0,0,0,0,2023/10/30-2023/11/02,38,4
NEM057,TB,2023-11-02 15:00:00,SHELTON MESO,GID,40.75,-98.76,KKRFMESO,0,0,35,0,0,0,0,0,0,0,0,2023/10/30-2023/11/02,35,4
NEM058,TB,2023-11-02 15:00:00,SIDNEY MESO,CYS,41.23,-103.02,KKRFMESO,0,0,36,0,0,0,0,0,0,0,0,2023/10/30-2023/11/02,36,4
NEM059,TB,2023-11-02 15:00:00,SMITHFIELD MESO,GID,40.57,-99.69,KKRFMESO,0,0,37,0,0,0,0,0,0,0,0,2023/10/30-2023/11/02,37,4
NEM061,TB,2023-11-02 15:00:00,WALTON MESO,OAX,40.86,-96.61,KKRFMESO,0,0,41,0,0,0,0,0,0,0,0,2023/10/30-2023/11/02,41,4
NEM064,TB,2023-11-02 15:00:00,WHITMAN MESO,LBF,42.08,-101.45,KKRFMESO,0,0,36,0,0,0,0,0,0,0,0,2023/10/30-2023/11/02,36,4
NEM065,TB,2023-11-02 15:00:00,WOOD RIVER MESO,GID,40.76,-98.54,KKRFMESO,0,0,37,0,0,0,0,0,0,0,0,2023/10/30-2023/11/02,37,4
NEM066,TB,2023-11-02 15:00:00,YORK MESO,GID,40.87,-97.63,KKRFMESO,0,0,35,0,0,0,0,0,0,0,0,2023/10/30-2023/11/02,35,4
NEM067,TB,2023-11-02 15:00:00,ARTHUR MESO,LBF,41.45,-101.71,KKRFMESO,0,0,33,0,0,0,0,0,0,0,0,2023/10/30-2023/11/02,33,4
NEM068,TB,2023-11-02 15:00:00,NORTH PLATTE MESO,LBF,41.09,-100.77,KKRFMESO,0,0,36,0,0,0,0,0,0,0,0,2023/10/30-2023/11/02,36,4
NEM069,TB,2023-11-02 15:00:00,LEIGH MESO,OAX,41.71,-97.26,KKRFMESO,0,0,36,0,0,0,0,0,0,0,0,2023/10/30-2023/11/02,36,4
NEM070,TB,2023-11-02 15:00:00,DECATUR MESO,OAX,41.91,-96.26,KKRFMESO,0,0,36,0,0,0,0,0,0,0,0,2023/10/30-2023/11/02,36,4
NEM071,TB,2023-11-02 15:00:00,OSHKOSH MESO,LBF,41.49,-102.35,KKRFMESO,0,0,33,0,0,0,0,0,0,0,0,2023/10/30-2023/11/02,33,4
NEM072,TB,2023-11-02 15:00:00,BROADWATER MESO,CYS,41.69,-102.86,KKRFMESO,0,0,35,0,0,0,0,0,0,0,0,2023/10/30-2023/11/02,35,4
NEM074,TB,2023-11-02 15:00:00,PLATTSMOUTH MESO,OAX,40.98,-95.88,KKRFMESO,0,0,38,0,0,0,0,0,0,0,0,2023/10/30-2023/11/02,38,4
NEM075,TB,2023-11-02 15:00:00,MEMPHIS MESO,OAX,41.15,-96.44,KKRFMESO,0,0,35,0,0,0,0,0,0,0,0,2023/10/30-2023/11/02,35,4
NEM076,TB,2023-11-02 15:00:00,WINSLOW MESO,OAX,41.63,-96.38,KKRFMESO,0,0,39,0,0,0,0,0,0,0,0,2023/10/30-2023/11/02,39,4
NEM077,TB,2023-11-02 15:00:00,RULO MESO,OAX,40.02,-95.5,KKRFMESO,0,0,40,0,0,0,0,0,0,0,0,2023/10/30-2023/11/02,40,4
NEM078,TB,2023-11-02 15:00:00,INDIANOLA MESO,GLD,40.13,-100.48,KKRFMESO,0,0,36,0,0,0,0,0,0,0,0,2023/10/30-2023/11/02,36,4
NEM079,TB,2023-11-02 15:00:00,DICKENS MESO,LBF,40.83,-100.98,KKRFMESO,0,0,34,0,0,0,0,0,0,0,0,2023/10/30-2023/11/02,34,4
NEM080,TB,2023-11-02 15:00:00,KEYSTONE MESO,LBF,41.2,-101.65,KKRFMESO,0,0,35,0,0,0,0,0,0,0,0,2023/10/30-2023/11/02,35,4
NEM081,TB,2023-11-02 15:00:00,PEIRCE MESO,GID,42.17,-97.55,KKRFMESO,0,0,36,0,0,0,0,0,0,0,0,2023/10/30-2023/11/02,36,4
NISS2,TB,2023-11-02 13:00:00,NISLAND,UNR,44.6783,-103.5606,KKRFEDIT,0,34,37,0,40,0,46,0,53,0,0,2023/10/30-2023/11/02,34,2
NOMS2,TB,2023-11-02 13:00:00,NORRIS,RIW,43.6,-101.1,KKRFEDIT,0,35,38,0,42,0,48,0,55,0,0,2023/10/30-2023/11/02,35,2
NSUK1,TB,2023-11-02 15:00:00,NESS CITY,DDC,38.386119,-99.855547,KKRFMESO,0,45,0,0,0,0,0,0,0,0,0,2023/10/30-2023/11/02,45,2
OAWK1,TB,2023-11-02 14:00:00,OTTAWA,TOP,38.53914,-95.2481,KKRFMESO,0,45,0,0,0,0,0,0,0,0,0,2023/10/30-2023/11/02,45,2
OBRK1,TB,2023-11-02 15:00:00,OBERLIN MESO,GLD,39.8981,-100.4413,KKRFMESO,0,39,0,0,0,0,0,0,0,0,0,2023/10/30-2023/11/02,39,2
OCMS2,TB,2023-11-02 13:00:00,OACOMA,ABR,43.793888888889,-99.412777777778,KKRFEDIT,0,0,36,0,0,0,46,0,0,0,0,2023/10/30-2023/11/02,36,4
OILM8,TB,2023-11-02 13:00:00,MT MESONET MDA OILMONT,TFX,48.7815,-111.601,KKRFEDIT,0,32,25,0,36,0,42,0,48,0,0,2023/10/30-2023/11/02,32,2
OKNN8,TB,2023-11-02 13:00:00,OAKES ,BIS,46.0666666666667,-98.1027777777778,KKRFEDIT,0,38,40,0,42,0,47,0,51,0,0,2023/10/30-2023/11/02,38,2
OLZK1,TB,2023-11-02 14:00:00,OTTAWA,TOP,38.88303,-94.9911,KKRFMESO,0,42,0,0,0,0,0,0,0,0,0,2023/10/30-2023/11/02,42,2
ONMS2,TB,2023-11-02 13:00:00,ONIDA UMRB,RIW,44.65,-100.32,KKRFEDIT,0,0,0,0,38,0,45,0,52,0,0,2023/10/30-2023/11/02,38,8
OSKK1,TB,2023-11-02 15:00:00,OSKALOOSA MESO,TOP,39.2058,-95.3084,KKRFMESO,0,43,0,0,0,0,0,0,0,0,0,2023/10/30-2023/11/02,43,2
OSMW4,TB,2023-11-02 13:00:00,OSAGE,UNR,43.9937,-104.3791,KKRFEDIT,0,32,34,0,38,0,45,0,52,0,0,2023/10/30-2023/11/02,32,2
OSNK1,TB,2023-11-02 15:00:00,OSBORNE,GID,39.45438,-98.70348,KKRFMESO,0,46,0,0,0,0,0,0,0,0,0,2023/10/30-2023/11/02,46,2
OTRM8,TB,2023-11-02 13:00:00,OTTER,BYZ,45.24692,-105.9845,KKRFEDIT,0,34,35,0,38,0,44,0,50,0,0,2023/10/30-2023/11/02,34,2
PKJN8,TB,2023-11-02 13:00:00,POKER JIM,BIS,47.5025,-103.6559,KKRFEDIT,0,35,36,0,38,0,44,0,52,0,0,2023/10/30-2023/11/02,35,2
PLMW4,TB,2023-11-02 13:00:00,POWELL WY,RIW,44.7764,-108.759,KKRFEDIT,0,35,36,0,39,0,43,0,50,0,0,2023/10/30-2023/11/02,35,2
PMSK1,TB,2023-11-02 15:00:00,OVERBROOK,TOP,38.69704,-95.60859,KKRFMESO,0,46,0,0,0,0,0,0,0,0,0,2023/10/30-2023/11/02,46,2
POLK1,TB,2023-11-02 14:00:00,MIAMI,EAX,38.59228,-94.84786,KKRFMESO,0,49,0,0,0,0,0,0,0,0,0,2023/10/30-2023/11/02,49,2
PVMS2,TB,2023-11-02 13:00:00,PROVO SD,RIW,43.04,-103.8,KKRFEDIT,0,0,0,0,0,0,0,0,54,0,0,2023/10/30-2023/11/02,54,40
RADM8,TB,2023-11-02 12:00:00,MT MESONET CONRAD S,TFX,48.0609,-112.0076,KKRFEDIT,0,50,35,0,38,0,43,0,0,0,0,2023/10/30-2023/11/02,50,2
RAMS2,TB,2023-11-02 13:00:00,LODGEPOLE UMRB,RIW,45.91,-102.92,KKRFEDIT,0,0,0,0,37,0,0,0,50,0,0,2023/10/30-2023/11/02,37,8
RAPM8,TB,2023-11-02 13:00:00,RAPLEJE,BYZ,45.88584,-109.42109,KKRFEDIT,0,35,36,0,38,0,44,0,49,0,0,2023/10/30-2023/11/02,35,2
RAYN8,TB,2023-11-02 13:00:00,RAY,BIS,48.4009,-103.1692,KKRFEDIT,0,36,36,0,39,0,44,0,48,0,0,2023/10/30-2023/11/02,36,2
RBMS2,TB,2023-11-02 13:00:00,ROSEBUD,UNR,43.2002,-100.7208,KKRFEDIT,0,36,37,0,0,0,0,0,52,0,0,2023/10/30-2023/11/02,36,2
RGTM8,TB,2023-11-02 13:00:00,RYEGATE,BYZ,46.19946,-109.31114,KKRFEDIT,0,36,37,0,38,0,43,0,49,0,0,2023/10/30-2023/11/02,36,2
RKFK1,TB,2023-11-02 14:00:00,ROCKY FORD,TOP,39.23164,-96.58049,KKRFMESO,0,43,0,0,0,0,0,0,0,0,0,2023/10/30-2023/11/02,43,2
RKSK1,TB,2023-11-02 15:00:00,ROCK SPRINGS,TOP,38.866853,-96.902869,KKRFMESO,0,44,0,0,0,0,0,0,0,0,0,2023/10/30-2023/11/02,44,2
RMYM8,TB,2023-11-02 13:00:00,ROTHIEMAY,BYZ,46.5351,-109.3477,KKRFEDIT,0,34,36,0,40,0,46,0,51,0,0,2023/10/30-2023/11/02,34,2
ROBN8,TB,2023-11-02 13:00:00,ROBINSON,BIS,47.173055555556,-99.798055555556,KKRFEDIT,0,36,38,0,39,0,45,0,50,0,0,2023/10/30-2023/11/02,36,2
ROUM8,TB,2023-11-02 13:00:00,MT MESONET ROUNDUP,TFX,46.5784,-108.4243,KKRFEDIT,0,34,36,0,39,0,44,0,51,0,0,2023/10/30-2023/11/02,34,2
RSTM8,TB,2023-11-02 13:00:00,REDSTONE,GGW,48.8245,-104.8417,KKRFEDIT,0,34,35,0,36,0,43,0,49,0,0,2023/10/30-2023/11/02,34,2
RSVK1,TB,2023-11-02 14:00:00,ROSSVILLE,TOP,39.11638,-95.92598,KKRFMESO,0,43,0,0,0,0,0,0,0,0,0,2023/10/30-2023/11/02,43,2
RYOM8,TB,2023-11-02 13:00:00,ROY E,TFX,47.37909,-108.67782,KKRFEDIT,0,36,37,0,39,0,46,0,52,0,0,2023/10/30-2023/11/02,36,2
SASM8,TB,2023-11-02 13:00:00,SACO,GGW,48.29082,-107.39124,KKRFEDIT,0,35,36,0,39,0,45,0,51,0,0,2023/10/30-2023/11/02,35,2
SCAK1,TB,2023-11-02 15:00:00,SCANDIA,TOP,39.82864,-97.83894,KKRFMESO,0,41,0,0,0,0,0,0,0,0,0,2023/10/30-2023/11/02,41,2
SCYM8,TB,2023-11-02 13:00:00,SCOBEY,GGW,48.8602,-105.49718,KKRFEDIT,0,31,32,0,35,0,42,0,50,0,0,2023/10/30-2023/11/02,31,2
SDSM8,TB,2023-11-02 13:00:00,SAND SPRINGS,GGW,47.1653,-107.63839,KKRFEDIT,0,35,36,0,38,0,44,0,50,0,0,2023/10/30-2023/11/02,35,2
SEEN8,TB,2023-11-02 13:00:00,STEELE,BIS,46.894,-99.9927,KKRFEDIT,0,37,38,0,39,0,44,0,49,0,0,2023/10/30-2023/11/02,37,2
SFSS2,TB,2023-11-02 13:00:00,SIOUX FALLS,FSD,43.5048,-96.762,KKRFEDIT,0,35,38,0,41,0,46,0,52,0,0,2023/10/30-2023/11/02,35,2
SHMW4,TB,2023-11-02 13:00:00,SHERIDAN,BYZ,44.8408,-106.839,KKRFEDIT,0,39,0,0,44,0,49,0,53,0,0,2023/10/30-2023/11/02,39,2
SIYM8,TB,2023-11-02 13:00:00,MT MESONET SIDNEY,TFX,47.7822,-104.2478,KKRFEDIT,0,32,34,0,36,0,45,0,51,0,0,2023/10/30-2023/11/02,32,2
SLBN8,TB,2023-11-02 13:00:00,SENTINEL BUTTE ,BIS,47.0669,-103.7933,KKRFEDIT,0,35,36,0,38,0,44,0,49,0,0,2023/10/30-2023/11/02,35,2
SLKK1,TB,2023-11-02 15:00:00,SILVER LAKE,TOP,39.07788,-95.77059,KKRFMESO,0,41,0,0,0,0,0,0,0,0,0,2023/10/30-2023/11/02,41,2
SPKM7,TB,2023-11-02 13:00:00,SPICKARD,EAX,40.247222222222,-93.715833333333,KEAXRR3EAX,0,46,0,0,51,0,62,0,60,0,0,2023/10/30-2023/11/02,46,2
STMS2,TB,2023-11-02 13:00:00,STURGIS,UNR,44.4245,-103.3792,KKRFEDIT,0,36,37,0,40,0,45,0,51,0,0,2023/10/30-2023/11/02,36,2
STRN8,TB,2023-11-02 13:00:00,STREETER,BIS,46.715,-99.449,KKRFEDIT,0,38,40,0,41,0,46,0,49,0,0,2023/10/30-2023/11/02,38,2
SURM8,TB,2023-11-02 13:00:00,SUN RIVER,TFX,47.41178,-111.71725,KKRFEDIT,0,39,39,0,40,0,45,0,52,0,0,2023/10/30-2023/11/02,39,2
TIMS2,TB,2023-11-02 13:00:00,TIMBER LAKE,ABR,45.4168,-101.0841,KKRFEDIT,0,38,38,0,40,0,45,0,51,0,0,2023/10/30-2023/11/02,38,2
TNEK1,TB,2023-11-02 15:00:00,TRIBUNE,GLD,38.53041,-101.66434,KKRFMESO,0,47,0,0,0,0,0,0,0,0,0,2023/10/30-2023/11/02,47,2
TRNM8,TB,2023-11-02 13:00:00,TURNER,TFX,48.87426,-108.39366,KKRFEDIT,0,34,36,0,38,0,43,0,48,0,0,2023/10/30-2023/11/02,34,2
TTNM8,TB,2023-11-02 13:00:00,MT MESONET TOSTON,TFX,46.1364,-111.5431,KKRFEDIT,0,34,35,0,60,0,46,0,52,0,0,2023/10/30-2023/11/02,34,2
TURN8,TB,2023-11-02 13:00:00,TURTLE LAKE,BIS,47.568055555556,-100.915,KKRFEDIT,0,36,36,0,36,0,42,0,49,0,0,2023/10/30-2023/11/02,36,2
TWOM8,TB,2023-11-02 13:00:00,TWODOT,BYZ,46.44675,-110.20549,KKRFEDIT,0,36,37,0,39,0,43,0,48,0,0,2023/10/30-2023/11/02,36,2
UMCM7,TB,2023-11-01 12:00:00,COLUMBIA,LSX,38.9422222222222,-92.32,KLSXRR3LSX,0,47,45,0,0,0,0,0,0,0,0,2023/10/30-2023/11/02,47,2
UNIS2,TB,2023-11-02 13:00:00,UNION CENTER,UNR,44.564444444444,-102.67472222222,KKRFEDIT,0,36,37,0,39,0,46,0,52,0,0,2023/10/30-2023/11/02,36,2
UPMW4,TB,2023-11-02 13:00:00,UPTON,UNR,43.9643,-104.6375,KKRFEDIT,0,31,33,0,36,0,42,0,49,0,0,2023/10/30-2023/11/02,31,2
VGAS2,TB,2023-11-02 13:00:00,VOLGA,FSD,44.3042,-96.9184,KKRFEDIT,0,35,37,0,39,0,45,0,51,0,0,2023/10/30-2023/11/02,35,2
VLTM8,TB,2023-11-02 13:00:00,VALENTINE,GGW,47.35797,-108.24377,KKRFEDIT,0,35,45,0,36,0,38,0,48,0,0,2023/10/30-2023/11/02,35,2
WIEM8,TB,2023-11-02 13:00:00,WINNETT,GGW,46.96536,-108.50241,KKRFEDIT,0,35,36,0,38,0,45,0,46,0,0,2023/10/30-2023/11/02,35,2
WISN8,TB,2023-11-02 13:00:00,WISHEK,BIS,46.266944444444,-99.66,KKRFEDIT,0,39,40,0,43,0,45,0,50,0,0,2023/10/30-2023/11/02,39,2
WKUK1,TB,2023-11-02 15:00:00,WAKEENEY MESO,DDC,39.0228,-99.8669,KKRFMESO,0,47,0,0,0,0,0,0,0,0,0,2023/10/30-2023/11/02,47,2
WLLN8,TB,2023-11-02 13:00:00,WILLISTON,BIS,48.133,-103.7386,KKRFEDIT,0,34,36,0,38,0,42,0,49,0,0,2023/10/30-2023/11/02,34,2
WMNK1,TB,2023-11-02 15:00:00,WASHINGTON,TOP,39.782293,-97.054804,KKRFMESO,0,46,0,0,0,0,0,0,0,0,0,2023/10/30-2023/11/02,46,2
WRHM8,TB,2023-11-02 13:00:00,WAR HORSE,GGW,47.14725,-108.59132,KKRFEDIT,0,38,37,0,39,0,44,0,51,0,0,2023/10/30-2023/11/02,38,2
WRIS2,TB,2023-11-02 13:00:00,WHITE RIVER,FSD,43.55,-100.73,KKRFEDIT,0,38,40,0,43,0,47,0,52,0,0,2023/10/30-2023/11/02,38,2
WRMW4,TB,2023-11-02 13:00:00,WORLAND,RIW,44.0026,-107.905,KKRFEDIT,0,33,34,0,37,0,43,0,48,0,0,2023/10/30-2023/11/02,33,2
WTES2,TB,2023-11-02 13:00:00,WHITE LAKE,FSD,43.7321,-98.6938,KKRFEDIT,0,39,40,0,43,0,48,0,54,0,0,2023/10/30-2023/11/02,39,2
YACK1,TB,2023-11-02 15:00:00,WOODSON,ICT,37.8612,-95.7836,KKRFMESO,0,50,0,0,0,0,0,0,0,0,0,2023/10/30-2023/11/02,50,2
ZELN8,TB,2023-11-02 13:00:00,ZEELAND,BIS,46.0135,-99.6876,KKRFEDIT,0,40,40,0,43,0,46,0,50,0,0,2023/10/30-2023/11/02,40,2
ARPC2,TV,2023-11-02 14:00:00,KREMMLING,BOU,40.351,-106.3814,KWBCRSDCO,0,29,0,0,32,0,35,0,0,0,0,2023/10/30-2023/11/02,29,2
BKLW4,TV,2023-11-02 13:00:00,CENTENNIAL,CYS,41.3588,-106.2321,KWBCRSDWY,0,29,31,0,32,0,59,0,37,0,0,2023/10/30-2023/11/02,29,2
BLHW4,TV,2023-11-02 13:00:00,ENCAMPMENT,RIW,41.0562,-106.7138,KWBCRSDWY,0,33,0,0,34,0,35,0,0,0,0,2023/10/30-2023/11/02,33,2
BRKN8,TV,2023-11-02 12:00:00,BISMARCK,BIS,46.771666666667,-100.75916666667,KBISRR3BIS,0,32,32,0,35,0,41,0,47,0,0,2023/10/30-2023/11/02,32,2
BRMC2,TV,2023-11-02 14:00:00,TWIN LAKES,GJT,39.0877,-106.5517,KWBCRSDCO,0,35,0,0,32,0,36,0,0,0,0,2023/10/30-2023/11/02,35,2
BSDW4,TV,2023-11-02 13:00:00,SHELL,RIW,44.678888888889,-107.58111111111,KWBCRSDWY,0,0,81,0,81,0,7,0,7,0,0,2023/10/30-2023/11/02,81,4
BTSC2,TV,2023-11-02 14:00:00,BERTHOUD SUMMIT,BOU,39.8039,-105.7779,KWBCRSDCO,0,32,33,0,35,0,37,0,0,0,0,2023/10/30-2023/11/02,32,2
BUCC2,TV,2023-11-02 14:00:00,ALMA,BOU,39.3035,-106.1131,KWBCRSDCO,0,34,35,0,35,0,38,0,38,0,0,2023/10/30-2023/11/02,34,2
BURC2,TV,2023-11-02 13:00:00,BUFORD,GJT,39.8751,-107.5985,KWBCRSDCO,0,33,0,0,36,0,40,0,0,0,0,2023/10/30-2023/11/02,33,2
BUTC2,TV,2023-11-02 14:00:00,CRESTED BUTTE,GJT,38.8943,-106.953,KWBCRSDCO,0,33,0,0,35,0,39,0,0,0,0,2023/10/30-2023/11/02,33,2
CADC2,TV,2023-11-02 14:00:00,SILVERTON,GJT,37.666666666667,-107.8,KWBCRSDCO,0,33,0,0,36,0,42,0,0,0,0,2023/10/30-2023/11/02,33,2
CAMI4,TV,2023-11-02 15:00:00,CALUMET,FSD,42.9246,-95.539,KDMXRR5DMX,0,0,36,0,0,49,0,0,0,56,0,2023/10/30-2023/11/02,36,4
CCSW4,TV,2023-11-02 13:00:00,DUBOIS,RIW,43.6748,-109.3774,KWBCRSDWY,0,0,54,0,54,0,0,0,0,0,0,2023/10/30-2023/11/02,54,4
CHAI4,TV,2023-11-02 14:51:00,CHARITON,DMX,40.9733,-93.4228,KDMXRR5DMX,0,0,39,0,0,45,0,50,0,58,0,2023/10/30-2023/11/02,39,4
CINW4,TV,2023-11-02 13:00:00,CENTENNIAL,CYS,41.2384,-106.231,KWBCRSDWY,0,34,33,0,36,0,38,0,40,0,0,2023/10/30-2023/11/02,34,2
CNAI4,TV,2023-11-02 15:00:00,CASTANA,OAX,42.0639,-95.8372,KDMXRR5DMX,0,0,41,0,0,45,0,49,0,0,0,2023/10/30-2023/11/02,41,4
CPMC2,TV,2023-11-02 14:00:00,BREKENRIDGE,BOU,39.4895,-106.171,KWBCRSDCO,0,34,33,0,35,0,37,0,38,0,0,2023/10/30-2023/11/02,34,2
CRBI1,TV,2023-11-02 13:00:00,CRAB CREEK,PIH,44.4367,-111.9935,KWBCRSDID,0,31,0,0,29,0,0,0,0,0,0,2023/10/30-2023/11/02,31,2
CRWW4,TV,2023-11-02 14:00:00,LARAMIE,CYS,41.2287,-105.3828,KWBCRSDWY,0,32,34,0,34,0,39,0,42,0,0,2023/10/30-2023/11/02,32,2
CSII4,TV,2023-11-02 15:00:00,INWOOD,FSD,43.31047,-96.50425,KDMXRR5DMX,0,0,39,0,0,32,0,32,0,0,0,2023/10/30-2023/11/02,39,4
DRLC2,TV,2023-11-02 14:00:00,STEAMBOAT SPRINGS,GJT,40.534,-106.7813,KWBCRSDCO,0,36,0,0,0,0,39,0,0,0,0,2023/10/30-2023/11/02,36,2
ERDW4,TV,2023-11-02 14:00:00,BONDURANT,RIW,43.131,-110.2023,KWBCRSDWY,0,34,0,0,34,0,37,0,0,0,0,2023/10/30-2023/11/02,34,2
FMTC2,TV,2023-11-02 14:00:00,FREMONT PASS,BOU,39.3799,-106.1968,KWBCRSDCO,0,31,0,0,34,0,35,0,0,0,0,2023/10/30-2023/11/02,31,2
FSDS2,TV,2023-11-02 11:00:00,SIOUX FALLS,FSD,43.587777777778,-96.73,KFSDRR3FSD,0,36,36,0,41,0,44,0,54,0,57,2023/10/30-2023/11/02,36,2
GESK1,TV,2023-11-02 13:00:00,GARDEN CITY,DDC,37.99292,-100.81218,KDDCRR3DDC,0,0,43,0,0,0,0,0,0,0,0,2023/10/30-2023/11/02,43,4
GRCW4,TV,2023-11-02 06:00:00,JACKSON,RIW,43.343,-110.435,KWBCRSDWY,0,32,0,0,33,0,36,0,0,0,0,2023/10/30-2023/11/02,32,2
GREI4,TV,2023-11-02 15:00:00,GREENFIELD,DMX,41.2731,-94.4437,KDMXRR5DMX,0,0,38,0,0,43,0,50,0,58,0,2023/10/30-2023/11/02,38,4
GVNI4,TV,2023-11-02 15:00:00,GLENWOOD,OAX,41.0441,-95.7749,KDMXRR5DMX,0,0,43,0,0,75,0,68,0,0,0,2023/10/30-2023/11/02,43,4
GZPC2,TV,2023-11-02 14:00:00,DILLON,BOU,39.6463,-105.8697,KWBCRSDCO,0,38,40,0,42,0,40,0,43,0,0,2023/10/30-2023/11/02,38,2
HAPC2,TV,2023-11-02 13:00:00,WINDSOR,BOU,39.2622,-106.6293,KWBCRSDCO,0,34,0,0,36,0,36,0,38,0,0,2023/10/30-2023/11/02,34,2
HOOC2,TV,2023-11-02 14:00:00,BRECKENRIDGE,BOU,39.3613,-106.0598,KWBCRSDCO,0,33,33,0,34,0,35,0,37,0,0,2023/10/30-2023/11/02,33,2
ISPI1,TV,2023-11-02 14:00:00,ISLAND PARK,PIH,44.4203,-111.3851,KWBCRSDID,0,34,0,0,36,0,0,0,0,0,0,2023/10/30-2023/11/02,34,2
JNPC2,TV,2023-11-02 13:00:00,GEORGETOWN,BOU,39.7645,-105.9062,KWBCRSDCO,0,33,35,0,36,0,37,0,38,0,0,2023/10/30-2023/11/02,33,2
JWGC2,TV,2023-11-02 13:00:00,GRANT,BOU,39.5666666666667,-105.8,KWBCRSDCO,0,32,33,0,35,0,37,0,39,0,0,2023/10/30-2023/11/02,32,2
KLLW4,TV,2023-11-02 13:00:00,COKEVILLE,RIW,42.2689,-110.8056,KWBCRSDWY,0,32,0,0,33,0,38,0,0,0,0,2023/10/30-2023/11/02,32,2
KLNC2,TV,2023-11-02 13:00:00,KILN SNOTEL NR NORRIE,GJT,39.3172,-106.6145,KWBCRSDCO,0,36,0,0,37,0,39,0,41,0,0,2023/10/30-2023/11/02,36,2
LCKM8,TV,2023-11-02 14:00:00,BOZEMAN,TFX,45.5041,-110.9663,KWBCRSDMT,0,0,0,0,35,0,0,0,0,0,0,2023/10/30-2023/11/02,35,8
LCRW4,TV,2023-11-02 13:00:00,BIG SANDY,RIW,42.5801,-109.08833333333,KWBCRSDWY,0,41,0,0,28,0,38,0,0,0,0,2023/10/30-2023/11/02,41,2
LITW4,TV,2023-11-02 13:00:00,ENCAMPMENT,CYS,41.0705,-106.9428,KWBCRSDWY,0,33,34,0,34,0,36,0,41,0,0,2023/10/30-2023/11/02,33,2
LIZC2,TV,2023-11-02 13:00:00,TELLURIDE,GJT,37.7833333333333,-107.933333333333,KWBCRSDCO,0,33,0,0,35,0,38,0,0,0,0,2023/10/30-2023/11/02,33,2
LNCC2,TV,2023-11-02 13:00:00,PLACERVILLE,GJT,37.8833333333333,-108.2,KWBCRSDCO,0,27,0,0,34,0,38,0,0,0,0,2023/10/30-2023/11/02,27,2
LOTC2,TV,2023-11-02 13:00:00,LOST DOG,GJT,40.815833333333,-106.74833333333,KWBCRSDCO,0,32,33,0,35,0,39,0,41,0,0,2023/10/30-2023/11/02,32,2
LPPW4,TV,2023-11-02 13:00:00,LAPRELE CREEK,CYS,42.4356,-105.8608,KWBCRSDWY,0,32,0,0,34,0,36,0,0,0,0,2023/10/30-2023/11/02,32,2
LRVC2,TV,2023-11-02 14:00:00,RUSTIC,BOU,40.5123,-105.76555555556,KWBCRSDCO,0,39,0,0,39,0,39,0,0,0,0,2023/10/30-2023/11/02,39,2
LSX,TV,2023-11-02 11:00:00,WELDON SPRING,LSX,38.6988888888889,-90.6827777777778,KLSXRR3LSX,0,0,48,0,0,0,0,0,64,0,0,2023/10/30-2023/11/02,48,4
LWSW4,TV,2023-11-02 14:00:00,WEST THUMB,RIW,44.2086,-110.6663,KWBCRSDWY,0,0,0,0,37,0,36,0,0,0,0,2023/10/30-2023/11/02,37,8
LYNC2,TV,2023-11-02 13:00:00,LYNX PASS NR TOPANAS,BOU,40.0781,-106.6703,KWBCRSDCO,0,0,31,0,36,0,36,0,0,0,0,2023/10/30-2023/11/02,31,4
MBSW4,TV,2023-11-02 13:00:00,ARLINGTON,CYS,41.3783,-106.3468,KWBCRSDWY,0,35,0,0,35,0,36,0,0,0,0,2023/10/30-2023/11/02,35,2
MCSI4,TV,2023-11-02 14:59:00,MARCUS,FSD,42.6672,-95.8048,KDMXRR5DMX,0,0,37,0,0,42,0,0,0,0,0,2023/10/30-2023/11/02,37,4
MFKC2,TV,2023-11-02 14:00:00,MIDDLE FORK CAMP SNOTEL,BOU,39.7956,-106.0273,KWBCRSDCO,0,0,0,0,39,0,44,0,45,0,0,2023/10/30-2023/11/02,39,8
MIHC2,TV,2023-11-02 14:00:00,JEFFERSON,BOU,39.4358,-105.9108,KWBCRSDCO,0,0,33,0,33,0,37,0,40,0,0,2023/10/30-2023/11/02,33,4
MVLS2,TV,2023-11-02 01:00:00,MILESVILLE,UNR,44.520833333333,-101.61916666667,KUNRRR3UNR,0,0,64,0,0,0,0,0,0,0,0,2023/10/30-2023/11/02,64,4
NVRM8,TV,2023-11-02 14:00:00,NEVADA RIDGE,TFX,46.8425,-112.5077,KWBCRSDMT,0,0,17,0,17,0,0,0,0,0,0,2023/10/30-2023/11/02,17,4
NWLI4,TV,2023-11-02 15:00:00,NEWELL,FSD,42.5897,-95.0089,KDMXRR5DMX,0,0,38,0,0,42,0,48,0,53,0,2023/10/30-2023/11/02,38,4
OKLI4,TV,2023-11-02 15:00:00,OAKLAND,OAX,41.3101,-95.1741,KDMXRR5DMX,0,0,43,0,0,45,0,51,0,57,0,2023/10/30-2023/11/02,43,4
PHTC2,TV,2023-11-02 12:00:00,GRAND LAKE,BOU,40.3994,-105.8476,KWBCRSDCO,0,30,0,0,35,0,35,0,0,0,0,2023/10/30-2023/11/02,30,2
PKCC2,TV,2023-11-02 13:00:00,TIN CUP,GJT,38.8166666666667,-106.5897,KWBCRSDCO,0,34,0,0,35,0,38,0,0,0,0,2023/10/30-2023/11/02,34,2
PRPC2,TV,2023-11-02 13:00:00,SARGENTS,GJT,38.4888,-106.3397,KWBCRSDCO,0,0,0,0,0,0,36,0,0,0,0,2023/10/30-2023/11/02,36,20
PRVC2,TV,2023-11-02 13:00:00,PAOMIA,GJT,39.0464,-107.8741,KWBCRSDCO,0,34,0,0,34,0,36,0,0,0,0,2023/10/30-2023/11/02,34,2
ROUC2,TV,2023-11-02 14:00:00,FAIRPLAY,BOU,39.0333333333333,-106.083333333333,KWBCRSDCO,0,36,32,0,80,0,34,0,0,0,0,2023/10/30-2023/11/02,36,2
SATC2,TV,2023-11-02 13:00:00,NEDERLAND,BOU,40.1369,-105.5862,KWBCRSDCO,0,36,0,0,38,0,38,0,39,0,0,2023/10/30-2023/11/02,36,2
SBCW4,TV,2023-11-02 14:00:00,RIVERSIDE,CYS,41.3294,-106.5025,KWBCRSDWY,0,31,0,0,35,0,39,0,35,0,0,2023/10/30-2023/11/02,31,2
SBEI4,TV,2023-11-02 15:00:00,OCHEYEDAN,EAX,43.365,-95.6425,KDMXRR5DMX,0,0,40,0,0,44,0,48,0,52,0,2023/10/30-2023/11/02,40,4
SCSC2,TV,2023-11-02 14:00:00,GRAND LAKE,BOU,40.2254,-105.9198,KWBCRSDCO,0,33,36,0,38,0,44,0,49,0,0,2023/10/30-2023/11/02,33,2
SGBW4,TV,2023-11-02 13:00:00,RAWLINS,CYS,41.401111111111,-107.25722222222,KWBCRSDWY,0,45,33,0,35,0,38,0,42,0,0,2023/10/30-2023/11/02,45,2
SKRW4,TV,2023-11-02 13:00:00,SNAKE RIVER,RIW,44.1336,-110.6692,KWBCRSDWY,0,34,0,0,34,0,35,0,0,0,0,2023/10/30-2023/11/02,34,2
SLDW4,TV,2023-11-02 14:00:00,BUFFALO,RIW,44.345555555556,-107.02222222222,KWBCRSDWY,0,0,0,0,88,0,0,0,0,0,0,2023/10/30-2023/11/02,88,8
SLMC2,TV,2023-11-02 13:00:00,LAKE CITY,GJT,37.983333333333,-107.2,KWBCRSDCO,0,28,0,0,34,0,36,0,0,0,0,2023/10/30-2023/11/02,28,2
SOSC2,TV,2023-11-02 13:00:00,CRESTED BUTTE,GJT,39.0152,-107.0488,KWBCRSDCO,0,33,0,0,35,0,37,0,0,0,0,2023/10/30-2023/11/02,33,2
SQPM8,TV,2023-11-02 14:00:00,ALBERTON,MSO,47.179,-114.3337,KWBCRSDMT,0,0,36,0,38,0,40,0,42,0,0,2023/10/30-2023/11/02,36,4
SRSW4,TV,2023-11-02 13:00:00,ENCAMPMENT,CYS,41.1117,-107.1706,KWBCRSDWY,0,33,34,0,35,0,39,0,43,0,0,2023/10/30-2023/11/02,33,2
SUCW4,TV,2023-11-02 14:00:00,DAYTON,BYZ,44.7225,-107.4003,KWBCRSDWY,0,0,0,0,35,0,0,0,0,0,0,2023/10/30-2023/11/02,35,8
SUMC2,TV,2023-11-02 14:00:00,SILVERTHORNE,BOU,39.718,-106.158,KWBCRSDCO,0,49,41,0,44,0,0,0,0,0,0,2023/10/30-2023/11/02,49,2
THUW4,TV,2023-11-02 14:00:00,WEST THUMB,RIW,44.368888888889,-110.57833333333,KWBCRSDWY,0,37,0,0,39,0,43,0,0,0,0,2023/10/30-2023/11/02,37,2
TOPW4,TV,2023-11-02 14:00:00,PAHASKA,RIW,44.1518,-110.2212,KWBCRSDWY,0,34,0,0,35,0,37,0,0,0,0,2023/10/30-2023/11/02,34,2
TRBK1,TV,2023-11-02 13:00:00,TRIBUNE,GLD,38.46625,-101.77522,KGLDRR3GLD,0,0,45,0,0,0,0,0,0,0,0,2023/10/30-2023/11/02,45,4
TRPW4,TV,2023-11-02 14:00:00,AFTON,RIW,42.7639,-110.5914,KWBCRSDWY,0,34,0,0,35,0,38,0,0,0,0,2023/10/30-2023/11/02,34,2
TWLM8,TV,2023-11-02 14:00:00,TWIN LAKES,TFX,46.1426,-114.5054,KWBCRSDMT,0,0,36,0,38,0,40,0,0,0,0,2023/10/30-2023/11/02,36,4
TWNW4,TV,2023-11-02 13:00:00,LANDER,RIW,42.69523,-108.8957,KWBCRSDWY,0,0,74,0,74,0,0,0,0,0,0,2023/10/30-2023/11/02,74,4
URGC2,TV,2023-11-02 13:00:00,CREEDE,GJT,37.721944444444,-107.26,KWBCRSDCO,0,29,0,0,36,0,39,0,0,0,0,2023/10/30-2023/11/02,29,2
WCSC2,TV,2023-11-02 14:00:00,SOUTH FORK,PUB,37.4833333333333,-106.816666666667,KWBCRSDCO,0,83,0,0,0,0,39,0,0,0,0,2023/10/30-2023/11/02,83,2
WHTM8,TV,2023-11-02 14:00:00,COOKE CITY,BYZ,45.0485,-109.9099,KWBCRSDMT,0,0,34,0,36,0,38,0,0,0,0,2023/10/30-2023/11/02,34,4
WLBC2,TV,2023-11-02 13:00:00,ESTES PARK,BOU,40.201,-105.6025,KWBCRSDCO,0,31,0,0,36,0,38,0,0,0,0,2023/10/30-2023/11/02,31,2
WNDW4,TV,2023-11-02 13:00:00,ESTERBROOK,CYS,42.2802,-105.5782,KWBCRSDWY,0,29,0,0,33,0,36,0,0,0,0,2023/10/30-2023/11/02,29,2
ZIRC2,TV,2023-11-02 13:00:00,ZIRCEL NR WALDEN,BOU,40.7949,-106.5954,KWBCRSDCO,0,34,0,0,36,0,39,0,0,0,0,2023/10/30-2023/11/02,34,2
